/opt/miniconda3/envs/co2/lib/python3.11/site-packages/earthaccess/results.py:343: FutureWarning: As of version 1.0, `DataGranule.size` will be accessed as an attribute; e.g. use `DataCollection.size` **not** `DataCollection.size()`
  self["size"] = self.size()
/opt/miniconda3/envs/co2/lib/python3.11/site-packages/earthaccess/store.py:832: FutureWarning: As of version 1.0, `DataGranule.size` will be accessed as an attribute; e.g. use `DataCollection.size` **not** `DataCollection.size()`
  total_size = round(sum(granule.size() for granule in granules) / 1024, 2)
/opt/miniconda3/envs/co2/lib/python3.11/site-packages/earthaccess/store.py:832: FutureWarning: As of version 1.0, `DataGranule.size` will be accessed as an attribute; e.g. use `DataCollection.size` **not** `DataCollection.size()`
  total_size = round(sum(granule.size() for granule in granules) / 1024, 2)
/opt/miniconda3/envs/co2/lib/python3.11/site-packages/earthaccess/store.py:832: FutureWarning: As of version 1.0, `DataGranule.size` will be accessed as an attribute; e.g. use `DataCollection.size` **not** `DataCollection.size()`
  total_size = round(sum(granule.size() for granule in granules) / 1024, 2)
/opt/miniconda3/envs/co2/lib/python3.11/site-packages/earthaccess/store.py:832: FutureWarning: As of version 1.0, `DataGranule.size` will be accessed as an attribute; e.g. use `DataCollection.size` **not** `DataCollection.size()`
  total_size = round(sum(granule.size() for granule in granules) / 1024, 2)
/opt/miniconda3/envs/co2/lib/python3.11/site-packages/earthaccess/store.py:832: FutureWarning: As of version 1.0, `DataGranule.size` will be accessed as an attribute; e.g. use `DataCollection.size` **not** `DataCollection.size()`
  total_size = round(sum(granule.size() for granule in granules) / 1024, 2)
/opt/miniconda3/envs/co2/lib/python3.11/site-packages/earthaccess/store.py:832: FutureWarning: As of version 1.0, `DataGranule.size` will be accessed as an attribute; e.g. use `DataCollection.size` **not** `DataCollection.size()`
  total_size = round(sum(granule.size() for granule in granules) / 1024, 2)
/opt/miniconda3/envs/co2/lib/python3.11/site-packages/earthaccess/store.py:832: FutureWarning: As of version 1.0, `DataGranule.size` will be accessed as an attribute; e.g. use `DataCollection.size` **not** `DataCollection.size()`
  total_size = round(sum(granule.size() for granule in granules) / 1024, 2)
/opt/miniconda3/envs/co2/lib/python3.11/site-packages/earthaccess/store.py:832: FutureWarning: As of version 1.0, `DataGranule.size` will be accessed as an attribute; e.g. use `DataCollection.size` **not** `DataCollection.size()`
  total_size = round(sum(granule.size() for granule in granules) / 1024, 2)
/opt/miniconda3/envs/co2/lib/python3.11/site-packages/earthaccess/store.py:832: FutureWarning: As of version 1.0, `DataGranule.size` will be accessed as an attribute; e.g. use `DataCollection.size` **not** `DataCollection.size()`
  total_size = round(sum(granule.size() for granule in granules) / 1024, 2)
/opt/miniconda3/envs/co2/lib/python3.11/site-packages/earthaccess/store.py:832: FutureWarning: As of version 1.0, `DataGranule.size` will be accessed as an attribute; e.g. use `DataCollection.size` **not** `DataCollection.size()`
  total_size = round(sum(granule.size() for granule in granules) / 1024, 2)
/opt/miniconda3/envs/co2/lib/python3.11/site-packages/earthaccess/store.py:832: FutureWarning: As of version 1.0, `DataGranule.size` will be accessed as an attribute; e.g. use `DataCollection.size` **not** `DataCollection.size()`
  total_size = round(sum(granule.size() for granule in granules) / 1024, 2)
/opt/miniconda3/envs/co2/lib/python3.11/site-packages/earthaccess/store.py:832: FutureWarning: As of version 1.0, `DataGranule.size` will be accessed as an attribute; e.g. use `DataCollection.size` **not** `DataCollection.size()`
  total_size = round(sum(granule.size() for granule in granules) / 1024, 2)
/opt/miniconda3/envs/co2/lib/python3.11/site-packages/earthaccess/store.py:832: FutureWarning: As of version 1.0, `DataGranule.size` will be accessed as an attribute; e.g. use `DataCollection.size` **not** `DataCollection.size()`
  total_size = round(sum(granule.size() for granule in granules) / 1024, 2)
/opt/miniconda3/envs/co2/lib/python3.11/site-packages/earthaccess/store.py:832: FutureWarning: As of version 1.0, `DataGranule.size` will be accessed as an attribute; e.g. use `DataCollection.size` **not** `DataCollection.size()`
  total_size = round(sum(granule.size() for granule in granules) / 1024, 2)
/opt/miniconda3/envs/co2/lib/python3.11/site-packages/earthaccess/store.py:832: FutureWarning: As of version 1.0, `DataGranule.size` will be accessed as an attribute; e.g. use `DataCollection.size` **not** `DataCollection.size()`
  total_size = round(sum(granule.size() for granule in granules) / 1024, 2)
/opt/miniconda3/envs/co2/lib/python3.11/site-packages/earthaccess/store.py:832: FutureWarning: As of version 1.0, `DataGranule.size` will be accessed as an attribute; e.g. use `DataCollection.size` **not** `DataCollection.size()`
  total_size = round(sum(granule.size() for granule in granules) / 1024, 2)
/opt/miniconda3/envs/co2/lib/python3.11/site-packages/earthaccess/store.py:832: FutureWarning: As of version 1.0, `DataGranule.size` will be accessed as an attribute; e.g. use `DataCollection.size` **not** `DataCollection.size()`
  total_size = round(sum(granule.size() for granule in granules) / 1024, 2)
/opt/miniconda3/envs/co2/lib/python3.11/site-packages/earthaccess/store.py:832: FutureWarning: As of version 1.0, `DataGranule.size` will be accessed as an attribute; e.g. use `DataCollection.size` **not** `DataCollection.size()`
  total_size = round(sum(granule.size() for granule in granules) / 1024, 2)
/opt/miniconda3/envs/co2/lib/python3.11/site-packages/earthaccess/store.py:832: FutureWarning: As of version 1.0, `DataGranule.size` will be accessed as an attribute; e.g. use `DataCollection.size` **not** `DataCollection.size()`
  total_size = round(sum(granule.size() for granule in granules) / 1024, 2)
/opt/miniconda3/envs/co2/lib/python3.11/site-packages/earthaccess/store.py:832: FutureWarning: As of version 1.0, `DataGranule.size` will be accessed as an attribute; e.g. use `DataCollection.size` **not** `DataCollection.size()`
  total_size = round(sum(granule.size() for granule in granules) / 1024, 2)
/opt/miniconda3/envs/co2/lib/python3.11/site-packages/earthaccess/store.py:832: FutureWarning: As of version 1.0, `DataGranule.size` will be accessed as an attribute; e.g. use `DataCollection.size` **not** `DataCollection.size()`
  total_size = round(sum(granule.size() for granule in granules) / 1024, 2)
/opt/miniconda3/envs/co2/lib/python3.11/site-packages/earthaccess/store.py:832: FutureWarning: As of version 1.0, `DataGranule.size` will be accessed as an attribute; e.g. use `DataCollection.size` **not** `DataCollection.size()`
  total_size = round(sum(granule.size() for granule in granules) / 1024, 2)
/opt/miniconda3/envs/co2/lib/python3.11/site-packages/earthaccess/store.py:832: FutureWarning: As of version 1.0, `DataGranule.size` will be accessed as an attribute; e.g. use `DataCollection.size` **not** `DataCollection.size()`
  total_size = round(sum(granule.size() for granule in granules) / 1024, 2)
/opt/miniconda3/envs/co2/lib/python3.11/site-packages/earthaccess/store.py:832: FutureWarning: As of version 1.0, `DataGranule.size` will be accessed as an attribute; e.g. use `DataCollection.size` **not** `DataCollection.size()`
  total_size = round(sum(granule.size() for granule in granules) / 1024, 2)
/opt/miniconda3/envs/co2/lib/python3.11/site-packages/earthaccess/store.py:832: FutureWarning: As of version 1.0, `DataGranule.size` will be accessed as an attribute; e.g. use `DataCollection.size` **not** `DataCollection.size()`
  total_size = round(sum(granule.size() for granule in granules) / 1024, 2)
/opt/miniconda3/envs/co2/lib/python3.11/site-packages/earthaccess/store.py:832: FutureWarning: As of version 1.0, `DataGranule.size` will be accessed as an attribute; e.g. use `DataCollection.size` **not** `DataCollection.size()`
  total_size = round(sum(granule.size() for granule in granules) / 1024, 2)
/opt/miniconda3/envs/co2/lib/python3.11/site-packages/earthaccess/store.py:832: FutureWarning: As of version 1.0, `DataGranule.size` will be accessed as an attribute; e.g. use `DataCollection.size` **not** `DataCollection.size()`
  total_size = round(sum(granule.size() for granule in granules) / 1024, 2)
/opt/miniconda3/envs/co2/lib/python3.11/site-packages/earthaccess/store.py:832: FutureWarning: As of version 1.0, `DataGranule.size` will be accessed as an attribute; e.g. use `DataCollection.size` **not** `DataCollection.size()`
  total_size = round(sum(granule.size() for granule in granules) / 1024, 2)
/opt/miniconda3/envs/co2/lib/python3.11/site-packages/earthaccess/store.py:832: FutureWarning: As of version 1.0, `DataGranule.size` will be accessed as an attribute; e.g. use `DataCollection.size` **not** `DataCollection.size()`
  total_size = round(sum(granule.size() for granule in granules) / 1024, 2)
/opt/miniconda3/envs/co2/lib/python3.11/site-packages/earthaccess/store.py:832: FutureWarning: As of version 1.0, `DataGranule.size` will be accessed as an attribute; e.g. use `DataCollection.size` **not** `DataCollection.size()`
  total_size = round(sum(granule.size() for granule in granules) / 1024, 2)
/opt/miniconda3/envs/co2/lib/python3.11/site-packages/earthaccess/store.py:832: FutureWarning: As of version 1.0, `DataGranule.size` will be accessed as an attribute; e.g. use `DataCollection.size` **not** `DataCollection.size()`
  total_size = round(sum(granule.size() for granule in granules) / 1024, 2)
/opt/miniconda3/envs/co2/lib/python3.11/site-packages/earthaccess/store.py:832: FutureWarning: As of version 1.0, `DataGranule.size` will be accessed as an attribute; e.g. use `DataCollection.size` **not** `DataCollection.size()`
  total_size = round(sum(granule.size() for granule in granules) / 1024, 2)
/opt/miniconda3/envs/co2/lib/python3.11/site-packages/earthaccess/store.py:832: FutureWarning: As of version 1.0, `DataGranule.size` will be accessed as an attribute; e.g. use `DataCollection.size` **not** `DataCollection.size()`
  total_size = round(sum(granule.size() for granule in granules) / 1024, 2)
/opt/miniconda3/envs/co2/lib/python3.11/site-packages/earthaccess/store.py:832: FutureWarning: As of version 1.0, `DataGranule.size` will be accessed as an attribute; e.g. use `DataCollection.size` **not** `DataCollection.size()`
  total_size = round(sum(granule.size() for granule in granules) / 1024, 2)
/opt/miniconda3/envs/co2/lib/python3.11/site-packages/earthaccess/store.py:832: FutureWarning: As of version 1.0, `DataGranule.size` will be accessed as an attribute; e.g. use `DataCollection.size` **not** `DataCollection.size()`
  total_size = round(sum(granule.size() for granule in granules) / 1024, 2)
/opt/miniconda3/envs/co2/lib/python3.11/site-packages/earthaccess/store.py:832: FutureWarning: As of version 1.0, `DataGranule.size` will be accessed as an attribute; e.g. use `DataCollection.size` **not** `DataCollection.size()`
  total_size = round(sum(granule.size() for granule in granules) / 1024, 2)
/opt/miniconda3/envs/co2/lib/python3.11/site-packages/earthaccess/store.py:832: FutureWarning: As of version 1.0, `DataGranule.size` will be accessed as an attribute; e.g. use `DataCollection.size` **not** `DataCollection.size()`
  total_size = round(sum(granule.size() for granule in granules) / 1024, 2)
/opt/miniconda3/envs/co2/lib/python3.11/site-packages/earthaccess/store.py:832: FutureWarning: As of version 1.0, `DataGranule.size` will be accessed as an attribute; e.g. use `DataCollection.size` **not** `DataCollection.size()`
  total_size = round(sum(granule.size() for granule in granules) / 1024, 2)
/opt/miniconda3/envs/co2/lib/python3.11/site-packages/earthaccess/store.py:832: FutureWarning: As of version 1.0, `DataGranule.size` will be accessed as an attribute; e.g. use `DataCollection.size` **not** `DataCollection.size()`
  total_size = round(sum(granule.size() for granule in granules) / 1024, 2)
/opt/miniconda3/envs/co2/lib/python3.11/site-packages/earthaccess/store.py:832: FutureWarning: As of version 1.0, `DataGranule.size` will be accessed as an attribute; e.g. use `DataCollection.size` **not** `DataCollection.size()`
  total_size = round(sum(granule.size() for granule in granules) / 1024, 2)
/opt/miniconda3/envs/co2/lib/python3.11/site-packages/earthaccess/store.py:832: FutureWarning: As of version 1.0, `DataGranule.size` will be accessed as an attribute; e.g. use `DataCollection.size` **not** `DataCollection.size()`
  total_size = round(sum(granule.size() for granule in granules) / 1024, 2)
/opt/miniconda3/envs/co2/lib/python3.11/site-packages/earthaccess/store.py:832: FutureWarning: As of version 1.0, `DataGranule.size` will be accessed as an attribute; e.g. use `DataCollection.size` **not** `DataCollection.size()`
  total_size = round(sum(granule.size() for granule in granules) / 1024, 2)
/opt/miniconda3/envs/co2/lib/python3.11/site-packages/earthaccess/store.py:832: FutureWarning: As of version 1.0, `DataGranule.size` will be accessed as an attribute; e.g. use `DataCollection.size` **not** `DataCollection.size()`
  total_size = round(sum(granule.size() for granule in granules) / 1024, 2)
/opt/miniconda3/envs/co2/lib/python3.11/site-packages/earthaccess/store.py:832: FutureWarning: As of version 1.0, `DataGranule.size` will be accessed as an attribute; e.g. use `DataCollection.size` **not** `DataCollection.size()`
  total_size = round(sum(granule.size() for granule in granules) / 1024, 2)
/opt/miniconda3/envs/co2/lib/python3.11/site-packages/earthaccess/store.py:832: FutureWarning: As of version 1.0, `DataGranule.size` will be accessed as an attribute; e.g. use `DataCollection.size` **not** `DataCollection.size()`
  total_size = round(sum(granule.size() for granule in granules) / 1024, 2)
/opt/miniconda3/envs/co2/lib/python3.11/site-packages/earthaccess/store.py:832: FutureWarning: As of version 1.0, `DataGranule.size` will be accessed as an attribute; e.g. use `DataCollection.size` **not** `DataCollection.size()`
  total_size = round(sum(granule.size() for granule in granules) / 1024, 2)
/opt/miniconda3/envs/co2/lib/python3.11/site-packages/earthaccess/store.py:832: FutureWarning: As of version 1.0, `DataGranule.size` will be accessed as an attribute; e.g. use `DataCollection.size` **not** `DataCollection.size()`
  total_size = round(sum(granule.size() for granule in granules) / 1024, 2)
/opt/miniconda3/envs/co2/lib/python3.11/site-packages/earthaccess/store.py:832: FutureWarning: As of version 1.0, `DataGranule.size` will be accessed as an attribute; e.g. use `DataCollection.size` **not** `DataCollection.size()`
  total_size = round(sum(granule.size() for granule in granules) / 1024, 2)
/opt/miniconda3/envs/co2/lib/python3.11/site-packages/earthaccess/store.py:832: FutureWarning: As of version 1.0, `DataGranule.size` will be accessed as an attribute; e.g. use `DataCollection.size` **not** `DataCollection.size()`
  total_size = round(sum(granule.size() for granule in granules) / 1024, 2)
/opt/miniconda3/envs/co2/lib/python3.11/site-packages/earthaccess/store.py:832: FutureWarning: As of version 1.0, `DataGranule.size` will be accessed as an attribute; e.g. use `DataCollection.size` **not** `DataCollection.size()`
  total_size = round(sum(granule.size() for granule in granules) / 1024, 2)
/opt/miniconda3/envs/co2/lib/python3.11/site-packages/earthaccess/store.py:832: FutureWarning: As of version 1.0, `DataGranule.size` will be accessed as an attribute; e.g. use `DataCollection.size` **not** `DataCollection.size()`
  total_size = round(sum(granule.size() for granule in granules) / 1024, 2)
/opt/miniconda3/envs/co2/lib/python3.11/site-packages/earthaccess/store.py:832: FutureWarning: As of version 1.0, `DataGranule.size` will be accessed as an attribute; e.g. use `DataCollection.size` **not** `DataCollection.size()`
  total_size = round(sum(granule.size() for granule in granules) / 1024, 2)
/opt/miniconda3/envs/co2/lib/python3.11/site-packages/earthaccess/store.py:832: FutureWarning: As of version 1.0, `DataGranule.size` will be accessed as an attribute; e.g. use `DataCollection.size` **not** `DataCollection.size()`
  total_size = round(sum(granule.size() for granule in granules) / 1024, 2)
/opt/miniconda3/envs/co2/lib/python3.11/site-packages/earthaccess/store.py:832: FutureWarning: As of version 1.0, `DataGranule.size` will be accessed as an attribute; e.g. use `DataCollection.size` **not** `DataCollection.size()`
  total_size = round(sum(granule.size() for granule in granules) / 1024, 2)
/opt/miniconda3/envs/co2/lib/python3.11/site-packages/earthaccess/store.py:832: FutureWarning: As of version 1.0, `DataGranule.size` will be accessed as an attribute; e.g. use `DataCollection.size` **not** `DataCollection.size()`
  total_size = round(sum(granule.size() for granule in granules) / 1024, 2)
/opt/miniconda3/envs/co2/lib/python3.11/site-packages/earthaccess/store.py:832: FutureWarning: As of version 1.0, `DataGranule.size` will be accessed as an attribute; e.g. use `DataCollection.size` **not** `DataCollection.size()`
  total_size = round(sum(granule.size() for granule in granules) / 1024, 2)
/opt/miniconda3/envs/co2/lib/python3.11/site-packages/earthaccess/store.py:832: FutureWarning: As of version 1.0, `DataGranule.size` will be accessed as an attribute; e.g. use `DataCollection.size` **not** `DataCollection.size()`
  total_size = round(sum(granule.size() for granule in granules) / 1024, 2)
/opt/miniconda3/envs/co2/lib/python3.11/site-packages/earthaccess/store.py:832: FutureWarning: As of version 1.0, `DataGranule.size` will be accessed as an attribute; e.g. use `DataCollection.size` **not** `DataCollection.size()`
  total_size = round(sum(granule.size() for granule in granules) / 1024, 2)
/opt/miniconda3/envs/co2/lib/python3.11/site-packages/earthaccess/store.py:832: FutureWarning: As of version 1.0, `DataGranule.size` will be accessed as an attribute; e.g. use `DataCollection.size` **not** `DataCollection.size()`
  total_size = round(sum(granule.size() for granule in granules) / 1024, 2)
/opt/miniconda3/envs/co2/lib/python3.11/site-packages/earthaccess/store.py:832: FutureWarning: As of version 1.0, `DataGranule.size` will be accessed as an attribute; e.g. use `DataCollection.size` **not** `DataCollection.size()`
  total_size = round(sum(granule.size() for granule in granules) / 1024, 2)
/opt/miniconda3/envs/co2/lib/python3.11/site-packages/earthaccess/store.py:832: FutureWarning: As of version 1.0, `DataGranule.size` will be accessed as an attribute; e.g. use `DataCollection.size` **not** `DataCollection.size()`
  total_size = round(sum(granule.size() for granule in granules) / 1024, 2)
/opt/miniconda3/envs/co2/lib/python3.11/site-packages/earthaccess/store.py:832: FutureWarning: As of version 1.0, `DataGranule.size` will be accessed as an attribute; e.g. use `DataCollection.size` **not** `DataCollection.size()`
  total_size = round(sum(granule.size() for granule in granules) / 1024, 2)
/opt/miniconda3/envs/co2/lib/python3.11/site-packages/earthaccess/store.py:832: FutureWarning: As of version 1.0, `DataGranule.size` will be accessed as an attribute; e.g. use `DataCollection.size` **not** `DataCollection.size()`
  total_size = round(sum(granule.size() for granule in granules) / 1024, 2)
/opt/miniconda3/envs/co2/lib/python3.11/site-packages/earthaccess/store.py:832: FutureWarning: As of version 1.0, `DataGranule.size` will be accessed as an attribute; e.g. use `DataCollection.size` **not** `DataCollection.size()`
  total_size = round(sum(granule.size() for granule in granules) / 1024, 2)
/opt/miniconda3/envs/co2/lib/python3.11/site-packages/earthaccess/store.py:832: FutureWarning: As of version 1.0, `DataGranule.size` will be accessed as an attribute; e.g. use `DataCollection.size` **not** `DataCollection.size()`
  total_size = round(sum(granule.size() for granule in granules) / 1024, 2)
/opt/miniconda3/envs/co2/lib/python3.11/site-packages/earthaccess/store.py:832: FutureWarning: As of version 1.0, `DataGranule.size` will be accessed as an attribute; e.g. use `DataCollection.size` **not** `DataCollection.size()`
  total_size = round(sum(granule.size() for granule in granules) / 1024, 2)
/opt/miniconda3/envs/co2/lib/python3.11/site-packages/earthaccess/store.py:832: FutureWarning: As of version 1.0, `DataGranule.size` will be accessed as an attribute; e.g. use `DataCollection.size` **not** `DataCollection.size()`
  total_size = round(sum(granule.size() for granule in granules) / 1024, 2)
/opt/miniconda3/envs/co2/lib/python3.11/site-packages/earthaccess/store.py:832: FutureWarning: As of version 1.0, `DataGranule.size` will be accessed as an attribute; e.g. use `DataCollection.size` **not** `DataCollection.size()`
  total_size = round(sum(granule.size() for granule in granules) / 1024, 2)
/opt/miniconda3/envs/co2/lib/python3.11/site-packages/earthaccess/store.py:832: FutureWarning: As of version 1.0, `DataGranule.size` will be accessed as an attribute; e.g. use `DataCollection.size` **not** `DataCollection.size()`
  total_size = round(sum(granule.size() for granule in granules) / 1024, 2)
/opt/miniconda3/envs/co2/lib/python3.11/site-packages/earthaccess/store.py:832: FutureWarning: As of version 1.0, `DataGranule.size` will be accessed as an attribute; e.g. use `DataCollection.size` **not** `DataCollection.size()`
  total_size = round(sum(granule.size() for granule in granules) / 1024, 2)
/opt/miniconda3/envs/co2/lib/python3.11/site-packages/earthaccess/store.py:832: FutureWarning: As of version 1.0, `DataGranule.size` will be accessed as an attribute; e.g. use `DataCollection.size` **not** `DataCollection.size()`
  total_size = round(sum(granule.size() for granule in granules) / 1024, 2)
/opt/miniconda3/envs/co2/lib/python3.11/site-packages/earthaccess/store.py:832: FutureWarning: As of version 1.0, `DataGranule.size` will be accessed as an attribute; e.g. use `DataCollection.size` **not** `DataCollection.size()`
  total_size = round(sum(granule.size() for granule in granules) / 1024, 2)
/opt/miniconda3/envs/co2/lib/python3.11/site-packages/earthaccess/store.py:832: FutureWarning: As of version 1.0, `DataGranule.size` will be accessed as an attribute; e.g. use `DataCollection.size` **not** `DataCollection.size()`
  total_size = round(sum(granule.size() for granule in granules) / 1024, 2)
/opt/miniconda3/envs/co2/lib/python3.11/site-packages/earthaccess/store.py:832: FutureWarning: As of version 1.0, `DataGranule.size` will be accessed as an attribute; e.g. use `DataCollection.size` **not** `DataCollection.size()`
  total_size = round(sum(granule.size() for granule in granules) / 1024, 2)
/opt/miniconda3/envs/co2/lib/python3.11/site-packages/earthaccess/store.py:832: FutureWarning: As of version 1.0, `DataGranule.size` will be accessed as an attribute; e.g. use `DataCollection.size` **not** `DataCollection.size()`
  total_size = round(sum(granule.size() for granule in granules) / 1024, 2)
/opt/miniconda3/envs/co2/lib/python3.11/site-packages/earthaccess/store.py:832: FutureWarning: As of version 1.0, `DataGranule.size` will be accessed as an attribute; e.g. use `DataCollection.size` **not** `DataCollection.size()`
  total_size = round(sum(granule.size() for granule in granules) / 1024, 2)
/opt/miniconda3/envs/co2/lib/python3.11/site-packages/earthaccess/store.py:832: FutureWarning: As of version 1.0, `DataGranule.size` will be accessed as an attribute; e.g. use `DataCollection.size` **not** `DataCollection.size()`
  total_size = round(sum(granule.size() for granule in granules) / 1024, 2)
/opt/miniconda3/envs/co2/lib/python3.11/site-packages/earthaccess/store.py:832: FutureWarning: As of version 1.0, `DataGranule.size` will be accessed as an attribute; e.g. use `DataCollection.size` **not** `DataCollection.size()`
  total_size = round(sum(granule.size() for granule in granules) / 1024, 2)
/opt/miniconda3/envs/co2/lib/python3.11/site-packages/earthaccess/store.py:832: FutureWarning: As of version 1.0, `DataGranule.size` will be accessed as an attribute; e.g. use `DataCollection.size` **not** `DataCollection.size()`
  total_size = round(sum(granule.size() for granule in granules) / 1024, 2)
/opt/miniconda3/envs/co2/lib/python3.11/site-packages/earthaccess/store.py:832: FutureWarning: As of version 1.0, `DataGranule.size` will be accessed as an attribute; e.g. use `DataCollection.size` **not** `DataCollection.size()`
  total_size = round(sum(granule.size() for granule in granules) / 1024, 2)
/opt/miniconda3/envs/co2/lib/python3.11/site-packages/earthaccess/store.py:832: FutureWarning: As of version 1.0, `DataGranule.size` will be accessed as an attribute; e.g. use `DataCollection.size` **not** `DataCollection.size()`
  total_size = round(sum(granule.size() for granule in granules) / 1024, 2)
/opt/miniconda3/envs/co2/lib/python3.11/site-packages/earthaccess/store.py:832: FutureWarning: As of version 1.0, `DataGranule.size` will be accessed as an attribute; e.g. use `DataCollection.size` **not** `DataCollection.size()`
  total_size = round(sum(granule.size() for granule in granules) / 1024, 2)
/opt/miniconda3/envs/co2/lib/python3.11/site-packages/earthaccess/store.py:832: FutureWarning: As of version 1.0, `DataGranule.size` will be accessed as an attribute; e.g. use `DataCollection.size` **not** `DataCollection.size()`
  total_size = round(sum(granule.size() for granule in granules) / 1024, 2)
/opt/miniconda3/envs/co2/lib/python3.11/site-packages/earthaccess/store.py:832: FutureWarning: As of version 1.0, `DataGranule.size` will be accessed as an attribute; e.g. use `DataCollection.size` **not** `DataCollection.size()`
  total_size = round(sum(granule.size() for granule in granules) / 1024, 2)
/opt/miniconda3/envs/co2/lib/python3.11/site-packages/earthaccess/store.py:832: FutureWarning: As of version 1.0, `DataGranule.size` will be accessed as an attribute; e.g. use `DataCollection.size` **not** `DataCollection.size()`
  total_size = round(sum(granule.size() for granule in granules) / 1024, 2)
/opt/miniconda3/envs/co2/lib/python3.11/site-packages/earthaccess/store.py:832: FutureWarning: As of version 1.0, `DataGranule.size` will be accessed as an attribute; e.g. use `DataCollection.size` **not** `DataCollection.size()`
  total_size = round(sum(granule.size() for granule in granules) / 1024, 2)
/opt/miniconda3/envs/co2/lib/python3.11/site-packages/earthaccess/store.py:832: FutureWarning: As of version 1.0, `DataGranule.size` will be accessed as an attribute; e.g. use `DataCollection.size` **not** `DataCollection.size()`
  total_size = round(sum(granule.size() for granule in granules) / 1024, 2)
/opt/miniconda3/envs/co2/lib/python3.11/site-packages/earthaccess/store.py:832: FutureWarning: As of version 1.0, `DataGranule.size` will be accessed as an attribute; e.g. use `DataCollection.size` **not** `DataCollection.size()`
  total_size = round(sum(granule.size() for granule in granules) / 1024, 2)
/opt/miniconda3/envs/co2/lib/python3.11/site-packages/earthaccess/store.py:832: FutureWarning: As of version 1.0, `DataGranule.size` will be accessed as an attribute; e.g. use `DataCollection.size` **not** `DataCollection.size()`
  total_size = round(sum(granule.size() for granule in granules) / 1024, 2)
/opt/miniconda3/envs/co2/lib/python3.11/site-packages/earthaccess/store.py:832: FutureWarning: As of version 1.0, `DataGranule.size` will be accessed as an attribute; e.g. use `DataCollection.size` **not** `DataCollection.size()`
  total_size = round(sum(granule.size() for granule in granules) / 1024, 2)
/opt/miniconda3/envs/co2/lib/python3.11/site-packages/earthaccess/store.py:832: FutureWarning: As of version 1.0, `DataGranule.size` will be accessed as an attribute; e.g. use `DataCollection.size` **not** `DataCollection.size()`
  total_size = round(sum(granule.size() for granule in granules) / 1024, 2)
/opt/miniconda3/envs/co2/lib/python3.11/site-packages/earthaccess/store.py:832: FutureWarning: As of version 1.0, `DataGranule.size` will be accessed as an attribute; e.g. use `DataCollection.size` **not** `DataCollection.size()`
  total_size = round(sum(granule.size() for granule in granules) / 1024, 2)
/opt/miniconda3/envs/co2/lib/python3.11/site-packages/earthaccess/store.py:832: FutureWarning: As of version 1.0, `DataGranule.size` will be accessed as an attribute; e.g. use `DataCollection.size` **not** `DataCollection.size()`
  total_size = round(sum(granule.size() for granule in granules) / 1024, 2)
/opt/miniconda3/envs/co2/lib/python3.11/site-packages/earthaccess/store.py:832: FutureWarning: As of version 1.0, `DataGranule.size` will be accessed as an attribute; e.g. use `DataCollection.size` **not** `DataCollection.size()`
  total_size = round(sum(granule.size() for granule in granules) / 1024, 2)
/opt/miniconda3/envs/co2/lib/python3.11/site-packages/earthaccess/store.py:832: FutureWarning: As of version 1.0, `DataGranule.size` will be accessed as an attribute; e.g. use `DataCollection.size` **not** `DataCollection.size()`
  total_size = round(sum(granule.size() for granule in granules) / 1024, 2)
/opt/miniconda3/envs/co2/lib/python3.11/site-packages/earthaccess/store.py:832: FutureWarning: As of version 1.0, `DataGranule.size` will be accessed as an attribute; e.g. use `DataCollection.size` **not** `DataCollection.size()`
  total_size = round(sum(granule.size() for granule in granules) / 1024, 2)
/opt/miniconda3/envs/co2/lib/python3.11/site-packages/earthaccess/store.py:832: FutureWarning: As of version 1.0, `DataGranule.size` will be accessed as an attribute; e.g. use `DataCollection.size` **not** `DataCollection.size()`
  total_size = round(sum(granule.size() for granule in granules) / 1024, 2)
/opt/miniconda3/envs/co2/lib/python3.11/site-packages/earthaccess/store.py:832: FutureWarning: As of version 1.0, `DataGranule.size` will be accessed as an attribute; e.g. use `DataCollection.size` **not** `DataCollection.size()`
  total_size = round(sum(granule.size() for granule in granules) / 1024, 2)
/opt/miniconda3/envs/co2/lib/python3.11/site-packages/earthaccess/store.py:832: FutureWarning: As of version 1.0, `DataGranule.size` will be accessed as an attribute; e.g. use `DataCollection.size` **not** `DataCollection.size()`
  total_size = round(sum(granule.size() for granule in granules) / 1024, 2)
/opt/miniconda3/envs/co2/lib/python3.11/site-packages/earthaccess/store.py:832: FutureWarning: As of version 1.0, `DataGranule.size` will be accessed as an attribute; e.g. use `DataCollection.size` **not** `DataCollection.size()`
  total_size = round(sum(granule.size() for granule in granules) / 1024, 2)
/opt/miniconda3/envs/co2/lib/python3.11/site-packages/earthaccess/store.py:832: FutureWarning: As of version 1.0, `DataGranule.size` will be accessed as an attribute; e.g. use `DataCollection.size` **not** `DataCollection.size()`
  total_size = round(sum(granule.size() for granule in granules) / 1024, 2)
/opt/miniconda3/envs/co2/lib/python3.11/site-packages/earthaccess/store.py:832: FutureWarning: As of version 1.0, `DataGranule.size` will be accessed as an attribute; e.g. use `DataCollection.size` **not** `DataCollection.size()`
  total_size = round(sum(granule.size() for granule in granules) / 1024, 2)
/opt/miniconda3/envs/co2/lib/python3.11/site-packages/earthaccess/store.py:832: FutureWarning: As of version 1.0, `DataGranule.size` will be accessed as an attribute; e.g. use `DataCollection.size` **not** `DataCollection.size()`
  total_size = round(sum(granule.size() for granule in granules) / 1024, 2)
/opt/miniconda3/envs/co2/lib/python3.11/site-packages/earthaccess/store.py:832: FutureWarning: As of version 1.0, `DataGranule.size` will be accessed as an attribute; e.g. use `DataCollection.size` **not** `DataCollection.size()`
  total_size = round(sum(granule.size() for granule in granules) / 1024, 2)
/opt/miniconda3/envs/co2/lib/python3.11/site-packages/earthaccess/store.py:832: FutureWarning: As of version 1.0, `DataGranule.size` will be accessed as an attribute; e.g. use `DataCollection.size` **not** `DataCollection.size()`
  total_size = round(sum(granule.size() for granule in granules) / 1024, 2)
/opt/miniconda3/envs/co2/lib/python3.11/site-packages/earthaccess/store.py:832: FutureWarning: As of version 1.0, `DataGranule.size` will be accessed as an attribute; e.g. use `DataCollection.size` **not** `DataCollection.size()`
  total_size = round(sum(granule.size() for granule in granules) / 1024, 2)
/opt/miniconda3/envs/co2/lib/python3.11/site-packages/earthaccess/store.py:832: FutureWarning: As of version 1.0, `DataGranule.size` will be accessed as an attribute; e.g. use `DataCollection.size` **not** `DataCollection.size()`
  total_size = round(sum(granule.size() for granule in granules) / 1024, 2)
/opt/miniconda3/envs/co2/lib/python3.11/site-packages/earthaccess/store.py:832: FutureWarning: As of version 1.0, `DataGranule.size` will be accessed as an attribute; e.g. use `DataCollection.size` **not** `DataCollection.size()`
  total_size = round(sum(granule.size() for granule in granules) / 1024, 2)
/opt/miniconda3/envs/co2/lib/python3.11/site-packages/earthaccess/store.py:832: FutureWarning: As of version 1.0, `DataGranule.size` will be accessed as an attribute; e.g. use `DataCollection.size` **not** `DataCollection.size()`
  total_size = round(sum(granule.size() for granule in granules) / 1024, 2)
/opt/miniconda3/envs/co2/lib/python3.11/site-packages/earthaccess/store.py:832: FutureWarning: As of version 1.0, `DataGranule.size` will be accessed as an attribute; e.g. use `DataCollection.size` **not** `DataCollection.size()`
  total_size = round(sum(granule.size() for granule in granules) / 1024, 2)
/opt/miniconda3/envs/co2/lib/python3.11/site-packages/earthaccess/store.py:832: FutureWarning: As of version 1.0, `DataGranule.size` will be accessed as an attribute; e.g. use `DataCollection.size` **not** `DataCollection.size()`
  total_size = round(sum(granule.size() for granule in granules) / 1024, 2)
/opt/miniconda3/envs/co2/lib/python3.11/site-packages/earthaccess/store.py:832: FutureWarning: As of version 1.0, `DataGranule.size` will be accessed as an attribute; e.g. use `DataCollection.size` **not** `DataCollection.size()`
  total_size = round(sum(granule.size() for granule in granules) / 1024, 2)
/opt/miniconda3/envs/co2/lib/python3.11/site-packages/earthaccess/store.py:832: FutureWarning: As of version 1.0, `DataGranule.size` will be accessed as an attribute; e.g. use `DataCollection.size` **not** `DataCollection.size()`
  total_size = round(sum(granule.size() for granule in granules) / 1024, 2)
/opt/miniconda3/envs/co2/lib/python3.11/site-packages/earthaccess/store.py:832: FutureWarning: As of version 1.0, `DataGranule.size` will be accessed as an attribute; e.g. use `DataCollection.size` **not** `DataCollection.size()`
  total_size = round(sum(granule.size() for granule in granules) / 1024, 2)
/opt/miniconda3/envs/co2/lib/python3.11/site-packages/earthaccess/store.py:832: FutureWarning: As of version 1.0, `DataGranule.size` will be accessed as an attribute; e.g. use `DataCollection.size` **not** `DataCollection.size()`
  total_size = round(sum(granule.size() for granule in granules) / 1024, 2)
/opt/miniconda3/envs/co2/lib/python3.11/site-packages/earthaccess/store.py:832: FutureWarning: As of version 1.0, `DataGranule.size` will be accessed as an attribute; e.g. use `DataCollection.size` **not** `DataCollection.size()`
  total_size = round(sum(granule.size() for granule in granules) / 1024, 2)
/opt/miniconda3/envs/co2/lib/python3.11/site-packages/earthaccess/store.py:832: FutureWarning: As of version 1.0, `DataGranule.size` will be accessed as an attribute; e.g. use `DataCollection.size` **not** `DataCollection.size()`
  total_size = round(sum(granule.size() for granule in granules) / 1024, 2)
/opt/miniconda3/envs/co2/lib/python3.11/site-packages/earthaccess/store.py:832: FutureWarning: As of version 1.0, `DataGranule.size` will be accessed as an attribute; e.g. use `DataCollection.size` **not** `DataCollection.size()`
  total_size = round(sum(granule.size() for granule in granules) / 1024, 2)
/opt/miniconda3/envs/co2/lib/python3.11/site-packages/earthaccess/store.py:832: FutureWarning: As of version 1.0, `DataGranule.size` will be accessed as an attribute; e.g. use `DataCollection.size` **not** `DataCollection.size()`
  total_size = round(sum(granule.size() for granule in granules) / 1024, 2)
/opt/miniconda3/envs/co2/lib/python3.11/site-packages/earthaccess/store.py:832: FutureWarning: As of version 1.0, `DataGranule.size` will be accessed as an attribute; e.g. use `DataCollection.size` **not** `DataCollection.size()`
  total_size = round(sum(granule.size() for granule in granules) / 1024, 2)
/opt/miniconda3/envs/co2/lib/python3.11/site-packages/earthaccess/store.py:832: FutureWarning: As of version 1.0, `DataGranule.size` will be accessed as an attribute; e.g. use `DataCollection.size` **not** `DataCollection.size()`
  total_size = round(sum(granule.size() for granule in granules) / 1024, 2)
/opt/miniconda3/envs/co2/lib/python3.11/site-packages/earthaccess/store.py:832: FutureWarning: As of version 1.0, `DataGranule.size` will be accessed as an attribute; e.g. use `DataCollection.size` **not** `DataCollection.size()`
  total_size = round(sum(granule.size() for granule in granules) / 1024, 2)
/opt/miniconda3/envs/co2/lib/python3.11/site-packages/earthaccess/store.py:832: FutureWarning: As of version 1.0, `DataGranule.size` will be accessed as an attribute; e.g. use `DataCollection.size` **not** `DataCollection.size()`
  total_size = round(sum(granule.size() for granule in granules) / 1024, 2)
/opt/miniconda3/envs/co2/lib/python3.11/site-packages/earthaccess/store.py:832: FutureWarning: As of version 1.0, `DataGranule.size` will be accessed as an attribute; e.g. use `DataCollection.size` **not** `DataCollection.size()`
  total_size = round(sum(granule.size() for granule in granules) / 1024, 2)
/opt/miniconda3/envs/co2/lib/python3.11/site-packages/earthaccess/store.py:832: FutureWarning: As of version 1.0, `DataGranule.size` will be accessed as an attribute; e.g. use `DataCollection.size` **not** `DataCollection.size()`
  total_size = round(sum(granule.size() for granule in granules) / 1024, 2)
/opt/miniconda3/envs/co2/lib/python3.11/site-packages/earthaccess/store.py:832: FutureWarning: As of version 1.0, `DataGranule.size` will be accessed as an attribute; e.g. use `DataCollection.size` **not** `DataCollection.size()`
  total_size = round(sum(granule.size() for granule in granules) / 1024, 2)
/opt/miniconda3/envs/co2/lib/python3.11/site-packages/earthaccess/store.py:832: FutureWarning: As of version 1.0, `DataGranule.size` will be accessed as an attribute; e.g. use `DataCollection.size` **not** `DataCollection.size()`
  total_size = round(sum(granule.size() for granule in granules) / 1024, 2)
/opt/miniconda3/envs/co2/lib/python3.11/site-packages/earthaccess/store.py:832: FutureWarning: As of version 1.0, `DataGranule.size` will be accessed as an attribute; e.g. use `DataCollection.size` **not** `DataCollection.size()`
  total_size = round(sum(granule.size() for granule in granules) / 1024, 2)
/opt/miniconda3/envs/co2/lib/python3.11/site-packages/earthaccess/store.py:832: FutureWarning: As of version 1.0, `DataGranule.size` will be accessed as an attribute; e.g. use `DataCollection.size` **not** `DataCollection.size()`
  total_size = round(sum(granule.size() for granule in granules) / 1024, 2)
/opt/miniconda3/envs/co2/lib/python3.11/site-packages/earthaccess/store.py:832: FutureWarning: As of version 1.0, `DataGranule.size` will be accessed as an attribute; e.g. use `DataCollection.size` **not** `DataCollection.size()`
  total_size = round(sum(granule.size() for granule in granules) / 1024, 2)
/opt/miniconda3/envs/co2/lib/python3.11/site-packages/earthaccess/store.py:832: FutureWarning: As of version 1.0, `DataGranule.size` will be accessed as an attribute; e.g. use `DataCollection.size` **not** `DataCollection.size()`
  total_size = round(sum(granule.size() for granule in granules) / 1024, 2)
/opt/miniconda3/envs/co2/lib/python3.11/site-packages/earthaccess/store.py:832: FutureWarning: As of version 1.0, `DataGranule.size` will be accessed as an attribute; e.g. use `DataCollection.size` **not** `DataCollection.size()`
  total_size = round(sum(granule.size() for granule in granules) / 1024, 2)
/opt/miniconda3/envs/co2/lib/python3.11/site-packages/earthaccess/store.py:832: FutureWarning: As of version 1.0, `DataGranule.size` will be accessed as an attribute; e.g. use `DataCollection.size` **not** `DataCollection.size()`
  total_size = round(sum(granule.size() for granule in granules) / 1024, 2)
/opt/miniconda3/envs/co2/lib/python3.11/site-packages/earthaccess/store.py:832: FutureWarning: As of version 1.0, `DataGranule.size` will be accessed as an attribute; e.g. use `DataCollection.size` **not** `DataCollection.size()`
  total_size = round(sum(granule.size() for granule in granules) / 1024, 2)
/opt/miniconda3/envs/co2/lib/python3.11/site-packages/earthaccess/store.py:832: FutureWarning: As of version 1.0, `DataGranule.size` will be accessed as an attribute; e.g. use `DataCollection.size` **not** `DataCollection.size()`
  total_size = round(sum(granule.size() for granule in granules) / 1024, 2)
/opt/miniconda3/envs/co2/lib/python3.11/site-packages/earthaccess/store.py:832: FutureWarning: As of version 1.0, `DataGranule.size` will be accessed as an attribute; e.g. use `DataCollection.size` **not** `DataCollection.size()`
  total_size = round(sum(granule.size() for granule in granules) / 1024, 2)
/opt/miniconda3/envs/co2/lib/python3.11/site-packages/earthaccess/store.py:832: FutureWarning: As of version 1.0, `DataGranule.size` will be accessed as an attribute; e.g. use `DataCollection.size` **not** `DataCollection.size()`
  total_size = round(sum(granule.size() for granule in granules) / 1024, 2)
/opt/miniconda3/envs/co2/lib/python3.11/site-packages/earthaccess/store.py:832: FutureWarning: As of version 1.0, `DataGranule.size` will be accessed as an attribute; e.g. use `DataCollection.size` **not** `DataCollection.size()`
  total_size = round(sum(granule.size() for granule in granules) / 1024, 2)
/opt/miniconda3/envs/co2/lib/python3.11/site-packages/earthaccess/store.py:832: FutureWarning: As of version 1.0, `DataGranule.size` will be accessed as an attribute; e.g. use `DataCollection.size` **not** `DataCollection.size()`
  total_size = round(sum(granule.size() for granule in granules) / 1024, 2)
/opt/miniconda3/envs/co2/lib/python3.11/site-packages/earthaccess/store.py:832: FutureWarning: As of version 1.0, `DataGranule.size` will be accessed as an attribute; e.g. use `DataCollection.size` **not** `DataCollection.size()`
  total_size = round(sum(granule.size() for granule in granules) / 1024, 2)
/opt/miniconda3/envs/co2/lib/python3.11/site-packages/earthaccess/store.py:832: FutureWarning: As of version 1.0, `DataGranule.size` will be accessed as an attribute; e.g. use `DataCollection.size` **not** `DataCollection.size()`
  total_size = round(sum(granule.size() for granule in granules) / 1024, 2)
/opt/miniconda3/envs/co2/lib/python3.11/site-packages/earthaccess/store.py:832: FutureWarning: As of version 1.0, `DataGranule.size` will be accessed as an attribute; e.g. use `DataCollection.size` **not** `DataCollection.size()`
  total_size = round(sum(granule.size() for granule in granules) / 1024, 2)
/opt/miniconda3/envs/co2/lib/python3.11/site-packages/earthaccess/store.py:832: FutureWarning: As of version 1.0, `DataGranule.size` will be accessed as an attribute; e.g. use `DataCollection.size` **not** `DataCollection.size()`
  total_size = round(sum(granule.size() for granule in granules) / 1024, 2)
/opt/miniconda3/envs/co2/lib/python3.11/site-packages/earthaccess/store.py:832: FutureWarning: As of version 1.0, `DataGranule.size` will be accessed as an attribute; e.g. use `DataCollection.size` **not** `DataCollection.size()`
  total_size = round(sum(granule.size() for granule in granules) / 1024, 2)
/opt/miniconda3/envs/co2/lib/python3.11/site-packages/earthaccess/store.py:832: FutureWarning: As of version 1.0, `DataGranule.size` will be accessed as an attribute; e.g. use `DataCollection.size` **not** `DataCollection.size()`
  total_size = round(sum(granule.size() for granule in granules) / 1024, 2)
/opt/miniconda3/envs/co2/lib/python3.11/site-packages/earthaccess/store.py:832: FutureWarning: As of version 1.0, `DataGranule.size` will be accessed as an attribute; e.g. use `DataCollection.size` **not** `DataCollection.size()`
  total_size = round(sum(granule.size() for granule in granules) / 1024, 2)
/opt/miniconda3/envs/co2/lib/python3.11/site-packages/earthaccess/store.py:832: FutureWarning: As of version 1.0, `DataGranule.size` will be accessed as an attribute; e.g. use `DataCollection.size` **not** `DataCollection.size()`
  total_size = round(sum(granule.size() for granule in granules) / 1024, 2)
/opt/miniconda3/envs/co2/lib/python3.11/site-packages/earthaccess/store.py:832: FutureWarning: As of version 1.0, `DataGranule.size` will be accessed as an attribute; e.g. use `DataCollection.size` **not** `DataCollection.size()`
  total_size = round(sum(granule.size() for granule in granules) / 1024, 2)
/opt/miniconda3/envs/co2/lib/python3.11/site-packages/earthaccess/store.py:832: FutureWarning: As of version 1.0, `DataGranule.size` will be accessed as an attribute; e.g. use `DataCollection.size` **not** `DataCollection.size()`
  total_size = round(sum(granule.size() for granule in granules) / 1024, 2)
/opt/miniconda3/envs/co2/lib/python3.11/site-packages/earthaccess/store.py:832: FutureWarning: As of version 1.0, `DataGranule.size` will be accessed as an attribute; e.g. use `DataCollection.size` **not** `DataCollection.size()`
  total_size = round(sum(granule.size() for granule in granules) / 1024, 2)
/opt/miniconda3/envs/co2/lib/python3.11/site-packages/earthaccess/store.py:832: FutureWarning: As of version 1.0, `DataGranule.size` will be accessed as an attribute; e.g. use `DataCollection.size` **not** `DataCollection.size()`
  total_size = round(sum(granule.size() for granule in granules) / 1024, 2)
/opt/miniconda3/envs/co2/lib/python3.11/site-packages/earthaccess/store.py:832: FutureWarning: As of version 1.0, `DataGranule.size` will be accessed as an attribute; e.g. use `DataCollection.size` **not** `DataCollection.size()`
  total_size = round(sum(granule.size() for granule in granules) / 1024, 2)
/opt/miniconda3/envs/co2/lib/python3.11/site-packages/earthaccess/store.py:832: FutureWarning: As of version 1.0, `DataGranule.size` will be accessed as an attribute; e.g. use `DataCollection.size` **not** `DataCollection.size()`
  total_size = round(sum(granule.size() for granule in granules) / 1024, 2)
/opt/miniconda3/envs/co2/lib/python3.11/site-packages/earthaccess/store.py:832: FutureWarning: As of version 1.0, `DataGranule.size` will be accessed as an attribute; e.g. use `DataCollection.size` **not** `DataCollection.size()`
  total_size = round(sum(granule.size() for granule in granules) / 1024, 2)
/opt/miniconda3/envs/co2/lib/python3.11/site-packages/earthaccess/store.py:832: FutureWarning: As of version 1.0, `DataGranule.size` will be accessed as an attribute; e.g. use `DataCollection.size` **not** `DataCollection.size()`
  total_size = round(sum(granule.size() for granule in granules) / 1024, 2)
/opt/miniconda3/envs/co2/lib/python3.11/site-packages/earthaccess/store.py:832: FutureWarning: As of version 1.0, `DataGranule.size` will be accessed as an attribute; e.g. use `DataCollection.size` **not** `DataCollection.size()`
  total_size = round(sum(granule.size() for granule in granules) / 1024, 2)
/opt/miniconda3/envs/co2/lib/python3.11/site-packages/earthaccess/store.py:832: FutureWarning: As of version 1.0, `DataGranule.size` will be accessed as an attribute; e.g. use `DataCollection.size` **not** `DataCollection.size()`
  total_size = round(sum(granule.size() for granule in granules) / 1024, 2)
/opt/miniconda3/envs/co2/lib/python3.11/site-packages/earthaccess/store.py:832: FutureWarning: As of version 1.0, `DataGranule.size` will be accessed as an attribute; e.g. use `DataCollection.size` **not** `DataCollection.size()`
  total_size = round(sum(granule.size() for granule in granules) / 1024, 2)
/opt/miniconda3/envs/co2/lib/python3.11/site-packages/earthaccess/store.py:832: FutureWarning: As of version 1.0, `DataGranule.size` will be accessed as an attribute; e.g. use `DataCollection.size` **not** `DataCollection.size()`
  total_size = round(sum(granule.size() for granule in granules) / 1024, 2)
/opt/miniconda3/envs/co2/lib/python3.11/site-packages/earthaccess/store.py:832: FutureWarning: As of version 1.0, `DataGranule.size` will be accessed as an attribute; e.g. use `DataCollection.size` **not** `DataCollection.size()`
  total_size = round(sum(granule.size() for granule in granules) / 1024, 2)
/opt/miniconda3/envs/co2/lib/python3.11/site-packages/earthaccess/store.py:832: FutureWarning: As of version 1.0, `DataGranule.size` will be accessed as an attribute; e.g. use `DataCollection.size` **not** `DataCollection.size()`
  total_size = round(sum(granule.size() for granule in granules) / 1024, 2)
/opt/miniconda3/envs/co2/lib/python3.11/site-packages/earthaccess/store.py:832: FutureWarning: As of version 1.0, `DataGranule.size` will be accessed as an attribute; e.g. use `DataCollection.size` **not** `DataCollection.size()`
  total_size = round(sum(granule.size() for granule in granules) / 1024, 2)
/opt/miniconda3/envs/co2/lib/python3.11/site-packages/earthaccess/store.py:832: FutureWarning: As of version 1.0, `DataGranule.size` will be accessed as an attribute; e.g. use `DataCollection.size` **not** `DataCollection.size()`
  total_size = round(sum(granule.size() for granule in granules) / 1024, 2)
/opt/miniconda3/envs/co2/lib/python3.11/site-packages/earthaccess/store.py:832: FutureWarning: As of version 1.0, `DataGranule.size` will be accessed as an attribute; e.g. use `DataCollection.size` **not** `DataCollection.size()`
  total_size = round(sum(granule.size() for granule in granules) / 1024, 2)
/opt/miniconda3/envs/co2/lib/python3.11/site-packages/earthaccess/store.py:832: FutureWarning: As of version 1.0, `DataGranule.size` will be accessed as an attribute; e.g. use `DataCollection.size` **not** `DataCollection.size()`
  total_size = round(sum(granule.size() for granule in granules) / 1024, 2)
/opt/miniconda3/envs/co2/lib/python3.11/site-packages/earthaccess/store.py:832: FutureWarning: As of version 1.0, `DataGranule.size` will be accessed as an attribute; e.g. use `DataCollection.size` **not** `DataCollection.size()`
  total_size = round(sum(granule.size() for granule in granules) / 1024, 2)
/opt/miniconda3/envs/co2/lib/python3.11/site-packages/earthaccess/store.py:832: FutureWarning: As of version 1.0, `DataGranule.size` will be accessed as an attribute; e.g. use `DataCollection.size` **not** `DataCollection.size()`
  total_size = round(sum(granule.size() for granule in granules) / 1024, 2)
/opt/miniconda3/envs/co2/lib/python3.11/site-packages/earthaccess/store.py:832: FutureWarning: As of version 1.0, `DataGranule.size` will be accessed as an attribute; e.g. use `DataCollection.size` **not** `DataCollection.size()`
  total_size = round(sum(granule.size() for granule in granules) / 1024, 2)
/opt/miniconda3/envs/co2/lib/python3.11/site-packages/earthaccess/store.py:832: FutureWarning: As of version 1.0, `DataGranule.size` will be accessed as an attribute; e.g. use `DataCollection.size` **not** `DataCollection.size()`
  total_size = round(sum(granule.size() for granule in granules) / 1024, 2)
/opt/miniconda3/envs/co2/lib/python3.11/site-packages/earthaccess/store.py:832: FutureWarning: As of version 1.0, `DataGranule.size` will be accessed as an attribute; e.g. use `DataCollection.size` **not** `DataCollection.size()`
  total_size = round(sum(granule.size() for granule in granules) / 1024, 2)
/opt/miniconda3/envs/co2/lib/python3.11/site-packages/earthaccess/store.py:832: FutureWarning: As of version 1.0, `DataGranule.size` will be accessed as an attribute; e.g. use `DataCollection.size` **not** `DataCollection.size()`
  total_size = round(sum(granule.size() for granule in granules) / 1024, 2)
/opt/miniconda3/envs/co2/lib/python3.11/site-packages/earthaccess/store.py:832: FutureWarning: As of version 1.0, `DataGranule.size` will be accessed as an attribute; e.g. use `DataCollection.size` **not** `DataCollection.size()`
  total_size = round(sum(granule.size() for granule in granules) / 1024, 2)
/opt/miniconda3/envs/co2/lib/python3.11/site-packages/earthaccess/store.py:832: FutureWarning: As of version 1.0, `DataGranule.size` will be accessed as an attribute; e.g. use `DataCollection.size` **not** `DataCollection.size()`
  total_size = round(sum(granule.size() for granule in granules) / 1024, 2)
/opt/miniconda3/envs/co2/lib/python3.11/site-packages/earthaccess/store.py:832: FutureWarning: As of version 1.0, `DataGranule.size` will be accessed as an attribute; e.g. use `DataCollection.size` **not** `DataCollection.size()`
  total_size = round(sum(granule.size() for granule in granules) / 1024, 2)
/opt/miniconda3/envs/co2/lib/python3.11/site-packages/earthaccess/store.py:832: FutureWarning: As of version 1.0, `DataGranule.size` will be accessed as an attribute; e.g. use `DataCollection.size` **not** `DataCollection.size()`
  total_size = round(sum(granule.size() for granule in granules) / 1024, 2)
/opt/miniconda3/envs/co2/lib/python3.11/site-packages/earthaccess/store.py:832: FutureWarning: As of version 1.0, `DataGranule.size` will be accessed as an attribute; e.g. use `DataCollection.size` **not** `DataCollection.size()`
  total_size = round(sum(granule.size() for granule in granules) / 1024, 2)
/opt/miniconda3/envs/co2/lib/python3.11/site-packages/earthaccess/store.py:832: FutureWarning: As of version 1.0, `DataGranule.size` will be accessed as an attribute; e.g. use `DataCollection.size` **not** `DataCollection.size()`
  total_size = round(sum(granule.size() for granule in granules) / 1024, 2)
/opt/miniconda3/envs/co2/lib/python3.11/site-packages/earthaccess/store.py:832: FutureWarning: As of version 1.0, `DataGranule.size` will be accessed as an attribute; e.g. use `DataCollection.size` **not** `DataCollection.size()`
  total_size = round(sum(granule.size() for granule in granules) / 1024, 2)
/opt/miniconda3/envs/co2/lib/python3.11/site-packages/earthaccess/store.py:832: FutureWarning: As of version 1.0, `DataGranule.size` will be accessed as an attribute; e.g. use `DataCollection.size` **not** `DataCollection.size()`
  total_size = round(sum(granule.size() for granule in granules) / 1024, 2)
/opt/miniconda3/envs/co2/lib/python3.11/site-packages/earthaccess/store.py:832: FutureWarning: As of version 1.0, `DataGranule.size` will be accessed as an attribute; e.g. use `DataCollection.size` **not** `DataCollection.size()`
  total_size = round(sum(granule.size() for granule in granules) / 1024, 2)
/opt/miniconda3/envs/co2/lib/python3.11/site-packages/earthaccess/store.py:832: FutureWarning: As of version 1.0, `DataGranule.size` will be accessed as an attribute; e.g. use `DataCollection.size` **not** `DataCollection.size()`
  total_size = round(sum(granule.size() for granule in granules) / 1024, 2)
/opt/miniconda3/envs/co2/lib/python3.11/site-packages/earthaccess/store.py:832: FutureWarning: As of version 1.0, `DataGranule.size` will be accessed as an attribute; e.g. use `DataCollection.size` **not** `DataCollection.size()`
  total_size = round(sum(granule.size() for granule in granules) / 1024, 2)
/opt/miniconda3/envs/co2/lib/python3.11/site-packages/earthaccess/store.py:832: FutureWarning: As of version 1.0, `DataGranule.size` will be accessed as an attribute; e.g. use `DataCollection.size` **not** `DataCollection.size()`
  total_size = round(sum(granule.size() for granule in granules) / 1024, 2)
/opt/miniconda3/envs/co2/lib/python3.11/site-packages/earthaccess/store.py:832: FutureWarning: As of version 1.0, `DataGranule.size` will be accessed as an attribute; e.g. use `DataCollection.size` **not** `DataCollection.size()`
  total_size = round(sum(granule.size() for granule in granules) / 1024, 2)
/opt/miniconda3/envs/co2/lib/python3.11/site-packages/earthaccess/store.py:832: FutureWarning: As of version 1.0, `DataGranule.size` will be accessed as an attribute; e.g. use `DataCollection.size` **not** `DataCollection.size()`
  total_size = round(sum(granule.size() for granule in granules) / 1024, 2)
/opt/miniconda3/envs/co2/lib/python3.11/site-packages/earthaccess/store.py:832: FutureWarning: As of version 1.0, `DataGranule.size` will be accessed as an attribute; e.g. use `DataCollection.size` **not** `DataCollection.size()`
  total_size = round(sum(granule.size() for granule in granules) / 1024, 2)
/opt/miniconda3/envs/co2/lib/python3.11/site-packages/earthaccess/store.py:832: FutureWarning: As of version 1.0, `DataGranule.size` will be accessed as an attribute; e.g. use `DataCollection.size` **not** `DataCollection.size()`
  total_size = round(sum(granule.size() for granule in granules) / 1024, 2)
/opt/miniconda3/envs/co2/lib/python3.11/site-packages/earthaccess/store.py:832: FutureWarning: As of version 1.0, `DataGranule.size` will be accessed as an attribute; e.g. use `DataCollection.size` **not** `DataCollection.size()`
  total_size = round(sum(granule.size() for granule in granules) / 1024, 2)
/opt/miniconda3/envs/co2/lib/python3.11/site-packages/earthaccess/store.py:832: FutureWarning: As of version 1.0, `DataGranule.size` will be accessed as an attribute; e.g. use `DataCollection.size` **not** `DataCollection.size()`
  total_size = round(sum(granule.size() for granule in granules) / 1024, 2)
/opt/miniconda3/envs/co2/lib/python3.11/site-packages/earthaccess/store.py:832: FutureWarning: As of version 1.0, `DataGranule.size` will be accessed as an attribute; e.g. use `DataCollection.size` **not** `DataCollection.size()`
  total_size = round(sum(granule.size() for granule in granules) / 1024, 2)
/opt/miniconda3/envs/co2/lib/python3.11/site-packages/earthaccess/store.py:832: FutureWarning: As of version 1.0, `DataGranule.size` will be accessed as an attribute; e.g. use `DataCollection.size` **not** `DataCollection.size()`
  total_size = round(sum(granule.size() for granule in granules) / 1024, 2)
/opt/miniconda3/envs/co2/lib/python3.11/site-packages/earthaccess/store.py:832: FutureWarning: As of version 1.0, `DataGranule.size` will be accessed as an attribute; e.g. use `DataCollection.size` **not** `DataCollection.size()`
  total_size = round(sum(granule.size() for granule in granules) / 1024, 2)
/opt/miniconda3/envs/co2/lib/python3.11/site-packages/earthaccess/store.py:832: FutureWarning: As of version 1.0, `DataGranule.size` will be accessed as an attribute; e.g. use `DataCollection.size` **not** `DataCollection.size()`
  total_size = round(sum(granule.size() for granule in granules) / 1024, 2)
/opt/miniconda3/envs/co2/lib/python3.11/site-packages/earthaccess/store.py:832: FutureWarning: As of version 1.0, `DataGranule.size` will be accessed as an attribute; e.g. use `DataCollection.size` **not** `DataCollection.size()`
  total_size = round(sum(granule.size() for granule in granules) / 1024, 2)
/opt/miniconda3/envs/co2/lib/python3.11/site-packages/earthaccess/store.py:832: FutureWarning: As of version 1.0, `DataGranule.size` will be accessed as an attribute; e.g. use `DataCollection.size` **not** `DataCollection.size()`
  total_size = round(sum(granule.size() for granule in granules) / 1024, 2)
/opt/miniconda3/envs/co2/lib/python3.11/site-packages/earthaccess/store.py:832: FutureWarning: As of version 1.0, `DataGranule.size` will be accessed as an attribute; e.g. use `DataCollection.size` **not** `DataCollection.size()`
  total_size = round(sum(granule.size() for granule in granules) / 1024, 2)
/opt/miniconda3/envs/co2/lib/python3.11/site-packages/earthaccess/store.py:832: FutureWarning: As of version 1.0, `DataGranule.size` will be accessed as an attribute; e.g. use `DataCollection.size` **not** `DataCollection.size()`
  total_size = round(sum(granule.size() for granule in granules) / 1024, 2)
/opt/miniconda3/envs/co2/lib/python3.11/site-packages/earthaccess/store.py:832: FutureWarning: As of version 1.0, `DataGranule.size` will be accessed as an attribute; e.g. use `DataCollection.size` **not** `DataCollection.size()`
  total_size = round(sum(granule.size() for granule in granules) / 1024, 2)
/opt/miniconda3/envs/co2/lib/python3.11/site-packages/earthaccess/store.py:832: FutureWarning: As of version 1.0, `DataGranule.size` will be accessed as an attribute; e.g. use `DataCollection.size` **not** `DataCollection.size()`
  total_size = round(sum(granule.size() for granule in granules) / 1024, 2)
/opt/miniconda3/envs/co2/lib/python3.11/site-packages/earthaccess/store.py:832: FutureWarning: As of version 1.0, `DataGranule.size` will be accessed as an attribute; e.g. use `DataCollection.size` **not** `DataCollection.size()`
  total_size = round(sum(granule.size() for granule in granules) / 1024, 2)
/opt/miniconda3/envs/co2/lib/python3.11/site-packages/earthaccess/store.py:832: FutureWarning: As of version 1.0, `DataGranule.size` will be accessed as an attribute; e.g. use `DataCollection.size` **not** `DataCollection.size()`
  total_size = round(sum(granule.size() for granule in granules) / 1024, 2)
/opt/miniconda3/envs/co2/lib/python3.11/site-packages/earthaccess/store.py:832: FutureWarning: As of version 1.0, `DataGranule.size` will be accessed as an attribute; e.g. use `DataCollection.size` **not** `DataCollection.size()`
  total_size = round(sum(granule.size() for granule in granules) / 1024, 2)
/opt/miniconda3/envs/co2/lib/python3.11/site-packages/earthaccess/store.py:832: FutureWarning: As of version 1.0, `DataGranule.size` will be accessed as an attribute; e.g. use `DataCollection.size` **not** `DataCollection.size()`
  total_size = round(sum(granule.size() for granule in granules) / 1024, 2)
/opt/miniconda3/envs/co2/lib/python3.11/site-packages/earthaccess/store.py:832: FutureWarning: As of version 1.0, `DataGranule.size` will be accessed as an attribute; e.g. use `DataCollection.size` **not** `DataCollection.size()`
  total_size = round(sum(granule.size() for granule in granules) / 1024, 2)
/opt/miniconda3/envs/co2/lib/python3.11/site-packages/earthaccess/store.py:832: FutureWarning: As of version 1.0, `DataGranule.size` will be accessed as an attribute; e.g. use `DataCollection.size` **not** `DataCollection.size()`
  total_size = round(sum(granule.size() for granule in granules) / 1024, 2)
/opt/miniconda3/envs/co2/lib/python3.11/site-packages/earthaccess/store.py:832: FutureWarning: As of version 1.0, `DataGranule.size` will be accessed as an attribute; e.g. use `DataCollection.size` **not** `DataCollection.size()`
  total_size = round(sum(granule.size() for granule in granules) / 1024, 2)
/opt/miniconda3/envs/co2/lib/python3.11/site-packages/earthaccess/store.py:832: FutureWarning: As of version 1.0, `DataGranule.size` will be accessed as an attribute; e.g. use `DataCollection.size` **not** `DataCollection.size()`
  total_size = round(sum(granule.size() for granule in granules) / 1024, 2)
/opt/miniconda3/envs/co2/lib/python3.11/site-packages/earthaccess/store.py:832: FutureWarning: As of version 1.0, `DataGranule.size` will be accessed as an attribute; e.g. use `DataCollection.size` **not** `DataCollection.size()`
  total_size = round(sum(granule.size() for granule in granules) / 1024, 2)
/opt/miniconda3/envs/co2/lib/python3.11/site-packages/earthaccess/store.py:832: FutureWarning: As of version 1.0, `DataGranule.size` will be accessed as an attribute; e.g. use `DataCollection.size` **not** `DataCollection.size()`
  total_size = round(sum(granule.size() for granule in granules) / 1024, 2)
/opt/miniconda3/envs/co2/lib/python3.11/site-packages/earthaccess/store.py:832: FutureWarning: As of version 1.0, `DataGranule.size` will be accessed as an attribute; e.g. use `DataCollection.size` **not** `DataCollection.size()`
  total_size = round(sum(granule.size() for granule in granules) / 1024, 2)
/opt/miniconda3/envs/co2/lib/python3.11/site-packages/earthaccess/store.py:832: FutureWarning: As of version 1.0, `DataGranule.size` will be accessed as an attribute; e.g. use `DataCollection.size` **not** `DataCollection.size()`
  total_size = round(sum(granule.size() for granule in granules) / 1024, 2)
/opt/miniconda3/envs/co2/lib/python3.11/site-packages/earthaccess/store.py:832: FutureWarning: As of version 1.0, `DataGranule.size` will be accessed as an attribute; e.g. use `DataCollection.size` **not** `DataCollection.size()`
  total_size = round(sum(granule.size() for granule in granules) / 1024, 2)
/opt/miniconda3/envs/co2/lib/python3.11/site-packages/earthaccess/store.py:832: FutureWarning: As of version 1.0, `DataGranule.size` will be accessed as an attribute; e.g. use `DataCollection.size` **not** `DataCollection.size()`
  total_size = round(sum(granule.size() for granule in granules) / 1024, 2)
/opt/miniconda3/envs/co2/lib/python3.11/site-packages/earthaccess/store.py:832: FutureWarning: As of version 1.0, `DataGranule.size` will be accessed as an attribute; e.g. use `DataCollection.size` **not** `DataCollection.size()`
  total_size = round(sum(granule.size() for granule in granules) / 1024, 2)
/opt/miniconda3/envs/co2/lib/python3.11/site-packages/earthaccess/store.py:832: FutureWarning: As of version 1.0, `DataGranule.size` will be accessed as an attribute; e.g. use `DataCollection.size` **not** `DataCollection.size()`
  total_size = round(sum(granule.size() for granule in granules) / 1024, 2)
/opt/miniconda3/envs/co2/lib/python3.11/site-packages/earthaccess/store.py:832: FutureWarning: As of version 1.0, `DataGranule.size` will be accessed as an attribute; e.g. use `DataCollection.size` **not** `DataCollection.size()`
  total_size = round(sum(granule.size() for granule in granules) / 1024, 2)
/opt/miniconda3/envs/co2/lib/python3.11/site-packages/earthaccess/store.py:832: FutureWarning: As of version 1.0, `DataGranule.size` will be accessed as an attribute; e.g. use `DataCollection.size` **not** `DataCollection.size()`
  total_size = round(sum(granule.size() for granule in granules) / 1024, 2)
/opt/miniconda3/envs/co2/lib/python3.11/site-packages/earthaccess/store.py:832: FutureWarning: As of version 1.0, `DataGranule.size` will be accessed as an attribute; e.g. use `DataCollection.size` **not** `DataCollection.size()`
  total_size = round(sum(granule.size() for granule in granules) / 1024, 2)
/opt/miniconda3/envs/co2/lib/python3.11/site-packages/earthaccess/store.py:832: FutureWarning: As of version 1.0, `DataGranule.size` will be accessed as an attribute; e.g. use `DataCollection.size` **not** `DataCollection.size()`
  total_size = round(sum(granule.size() for granule in granules) / 1024, 2)
/opt/miniconda3/envs/co2/lib/python3.11/site-packages/earthaccess/store.py:832: FutureWarning: As of version 1.0, `DataGranule.size` will be accessed as an attribute; e.g. use `DataCollection.size` **not** `DataCollection.size()`
  total_size = round(sum(granule.size() for granule in granules) / 1024, 2)
/opt/miniconda3/envs/co2/lib/python3.11/site-packages/earthaccess/store.py:832: FutureWarning: As of version 1.0, `DataGranule.size` will be accessed as an attribute; e.g. use `DataCollection.size` **not** `DataCollection.size()`
  total_size = round(sum(granule.size() for granule in granules) / 1024, 2)
/opt/miniconda3/envs/co2/lib/python3.11/site-packages/earthaccess/store.py:832: FutureWarning: As of version 1.0, `DataGranule.size` will be accessed as an attribute; e.g. use `DataCollection.size` **not** `DataCollection.size()`
  total_size = round(sum(granule.size() for granule in granules) / 1024, 2)
/opt/miniconda3/envs/co2/lib/python3.11/site-packages/earthaccess/store.py:832: FutureWarning: As of version 1.0, `DataGranule.size` will be accessed as an attribute; e.g. use `DataCollection.size` **not** `DataCollection.size()`
  total_size = round(sum(granule.size() for granule in granules) / 1024, 2)
/opt/miniconda3/envs/co2/lib/python3.11/site-packages/earthaccess/store.py:832: FutureWarning: As of version 1.0, `DataGranule.size` will be accessed as an attribute; e.g. use `DataCollection.size` **not** `DataCollection.size()`
  total_size = round(sum(granule.size() for granule in granules) / 1024, 2)
/opt/miniconda3/envs/co2/lib/python3.11/site-packages/earthaccess/store.py:832: FutureWarning: As of version 1.0, `DataGranule.size` will be accessed as an attribute; e.g. use `DataCollection.size` **not** `DataCollection.size()`
  total_size = round(sum(granule.size() for granule in granules) / 1024, 2)
/opt/miniconda3/envs/co2/lib/python3.11/site-packages/earthaccess/store.py:832: FutureWarning: As of version 1.0, `DataGranule.size` will be accessed as an attribute; e.g. use `DataCollection.size` **not** `DataCollection.size()`
  total_size = round(sum(granule.size() for granule in granules) / 1024, 2)
/opt/miniconda3/envs/co2/lib/python3.11/site-packages/earthaccess/store.py:832: FutureWarning: As of version 1.0, `DataGranule.size` will be accessed as an attribute; e.g. use `DataCollection.size` **not** `DataCollection.size()`
  total_size = round(sum(granule.size() for granule in granules) / 1024, 2)
/opt/miniconda3/envs/co2/lib/python3.11/site-packages/earthaccess/store.py:832: FutureWarning: As of version 1.0, `DataGranule.size` will be accessed as an attribute; e.g. use `DataCollection.size` **not** `DataCollection.size()`
  total_size = round(sum(granule.size() for granule in granules) / 1024, 2)
/opt/miniconda3/envs/co2/lib/python3.11/site-packages/earthaccess/store.py:832: FutureWarning: As of version 1.0, `DataGranule.size` will be accessed as an attribute; e.g. use `DataCollection.size` **not** `DataCollection.size()`
  total_size = round(sum(granule.size() for granule in granules) / 1024, 2)
/opt/miniconda3/envs/co2/lib/python3.11/site-packages/earthaccess/store.py:832: FutureWarning: As of version 1.0, `DataGranule.size` will be accessed as an attribute; e.g. use `DataCollection.size` **not** `DataCollection.size()`
  total_size = round(sum(granule.size() for granule in granules) / 1024, 2)
/opt/miniconda3/envs/co2/lib/python3.11/site-packages/earthaccess/store.py:832: FutureWarning: As of version 1.0, `DataGranule.size` will be accessed as an attribute; e.g. use `DataCollection.size` **not** `DataCollection.size()`
  total_size = round(sum(granule.size() for granule in granules) / 1024, 2)
/opt/miniconda3/envs/co2/lib/python3.11/site-packages/earthaccess/store.py:832: FutureWarning: As of version 1.0, `DataGranule.size` will be accessed as an attribute; e.g. use `DataCollection.size` **not** `DataCollection.size()`
  total_size = round(sum(granule.size() for granule in granules) / 1024, 2)
/opt/miniconda3/envs/co2/lib/python3.11/site-packages/earthaccess/store.py:832: FutureWarning: As of version 1.0, `DataGranule.size` will be accessed as an attribute; e.g. use `DataCollection.size` **not** `DataCollection.size()`
  total_size = round(sum(granule.size() for granule in granules) / 1024, 2)
/opt/miniconda3/envs/co2/lib/python3.11/site-packages/earthaccess/store.py:832: FutureWarning: As of version 1.0, `DataGranule.size` will be accessed as an attribute; e.g. use `DataCollection.size` **not** `DataCollection.size()`
  total_size = round(sum(granule.size() for granule in granules) / 1024, 2)
/opt/miniconda3/envs/co2/lib/python3.11/site-packages/earthaccess/store.py:832: FutureWarning: As of version 1.0, `DataGranule.size` will be accessed as an attribute; e.g. use `DataCollection.size` **not** `DataCollection.size()`
  total_size = round(sum(granule.size() for granule in granules) / 1024, 2)
/opt/miniconda3/envs/co2/lib/python3.11/site-packages/earthaccess/store.py:832: FutureWarning: As of version 1.0, `DataGranule.size` will be accessed as an attribute; e.g. use `DataCollection.size` **not** `DataCollection.size()`
  total_size = round(sum(granule.size() for granule in granules) / 1024, 2)
/opt/miniconda3/envs/co2/lib/python3.11/site-packages/earthaccess/store.py:832: FutureWarning: As of version 1.0, `DataGranule.size` will be accessed as an attribute; e.g. use `DataCollection.size` **not** `DataCollection.size()`
  total_size = round(sum(granule.size() for granule in granules) / 1024, 2)
/opt/miniconda3/envs/co2/lib/python3.11/site-packages/earthaccess/store.py:832: FutureWarning: As of version 1.0, `DataGranule.size` will be accessed as an attribute; e.g. use `DataCollection.size` **not** `DataCollection.size()`
  total_size = round(sum(granule.size() for granule in granules) / 1024, 2)
/opt/miniconda3/envs/co2/lib/python3.11/site-packages/earthaccess/store.py:832: FutureWarning: As of version 1.0, `DataGranule.size` will be accessed as an attribute; e.g. use `DataCollection.size` **not** `DataCollection.size()`
  total_size = round(sum(granule.size() for granule in granules) / 1024, 2)
/opt/miniconda3/envs/co2/lib/python3.11/site-packages/earthaccess/store.py:832: FutureWarning: As of version 1.0, `DataGranule.size` will be accessed as an attribute; e.g. use `DataCollection.size` **not** `DataCollection.size()`
  total_size = round(sum(granule.size() for granule in granules) / 1024, 2)
/opt/miniconda3/envs/co2/lib/python3.11/site-packages/earthaccess/store.py:832: FutureWarning: As of version 1.0, `DataGranule.size` will be accessed as an attribute; e.g. use `DataCollection.size` **not** `DataCollection.size()`
  total_size = round(sum(granule.size() for granule in granules) / 1024, 2)
/opt/miniconda3/envs/co2/lib/python3.11/site-packages/earthaccess/store.py:832: FutureWarning: As of version 1.0, `DataGranule.size` will be accessed as an attribute; e.g. use `DataCollection.size` **not** `DataCollection.size()`
  total_size = round(sum(granule.size() for granule in granules) / 1024, 2)
/opt/miniconda3/envs/co2/lib/python3.11/site-packages/earthaccess/store.py:832: FutureWarning: As of version 1.0, `DataGranule.size` will be accessed as an attribute; e.g. use `DataCollection.size` **not** `DataCollection.size()`
  total_size = round(sum(granule.size() for granule in granules) / 1024, 2)
/opt/miniconda3/envs/co2/lib/python3.11/site-packages/earthaccess/store.py:832: FutureWarning: As of version 1.0, `DataGranule.size` will be accessed as an attribute; e.g. use `DataCollection.size` **not** `DataCollection.size()`
  total_size = round(sum(granule.size() for granule in granules) / 1024, 2)
/opt/miniconda3/envs/co2/lib/python3.11/site-packages/earthaccess/store.py:832: FutureWarning: As of version 1.0, `DataGranule.size` will be accessed as an attribute; e.g. use `DataCollection.size` **not** `DataCollection.size()`
  total_size = round(sum(granule.size() for granule in granules) / 1024, 2)
/opt/miniconda3/envs/co2/lib/python3.11/site-packages/earthaccess/store.py:832: FutureWarning: As of version 1.0, `DataGranule.size` will be accessed as an attribute; e.g. use `DataCollection.size` **not** `DataCollection.size()`
  total_size = round(sum(granule.size() for granule in granules) / 1024, 2)
/opt/miniconda3/envs/co2/lib/python3.11/site-packages/earthaccess/store.py:832: FutureWarning: As of version 1.0, `DataGranule.size` will be accessed as an attribute; e.g. use `DataCollection.size` **not** `DataCollection.size()`
  total_size = round(sum(granule.size() for granule in granules) / 1024, 2)
/opt/miniconda3/envs/co2/lib/python3.11/site-packages/earthaccess/store.py:832: FutureWarning: As of version 1.0, `DataGranule.size` will be accessed as an attribute; e.g. use `DataCollection.size` **not** `DataCollection.size()`
  total_size = round(sum(granule.size() for granule in granules) / 1024, 2)
/opt/miniconda3/envs/co2/lib/python3.11/site-packages/earthaccess/store.py:832: FutureWarning: As of version 1.0, `DataGranule.size` will be accessed as an attribute; e.g. use `DataCollection.size` **not** `DataCollection.size()`
  total_size = round(sum(granule.size() for granule in granules) / 1024, 2)
/opt/miniconda3/envs/co2/lib/python3.11/site-packages/earthaccess/store.py:832: FutureWarning: As of version 1.0, `DataGranule.size` will be accessed as an attribute; e.g. use `DataCollection.size` **not** `DataCollection.size()`
  total_size = round(sum(granule.size() for granule in granules) / 1024, 2)
/opt/miniconda3/envs/co2/lib/python3.11/site-packages/earthaccess/store.py:832: FutureWarning: As of version 1.0, `DataGranule.size` will be accessed as an attribute; e.g. use `DataCollection.size` **not** `DataCollection.size()`
  total_size = round(sum(granule.size() for granule in granules) / 1024, 2)
/opt/miniconda3/envs/co2/lib/python3.11/site-packages/earthaccess/store.py:832: FutureWarning: As of version 1.0, `DataGranule.size` will be accessed as an attribute; e.g. use `DataCollection.size` **not** `DataCollection.size()`
  total_size = round(sum(granule.size() for granule in granules) / 1024, 2)
/opt/miniconda3/envs/co2/lib/python3.11/site-packages/earthaccess/store.py:832: FutureWarning: As of version 1.0, `DataGranule.size` will be accessed as an attribute; e.g. use `DataCollection.size` **not** `DataCollection.size()`
  total_size = round(sum(granule.size() for granule in granules) / 1024, 2)
/opt/miniconda3/envs/co2/lib/python3.11/site-packages/earthaccess/store.py:832: FutureWarning: As of version 1.0, `DataGranule.size` will be accessed as an attribute; e.g. use `DataCollection.size` **not** `DataCollection.size()`
  total_size = round(sum(granule.size() for granule in granules) / 1024, 2)
/opt/miniconda3/envs/co2/lib/python3.11/site-packages/earthaccess/store.py:832: FutureWarning: As of version 1.0, `DataGranule.size` will be accessed as an attribute; e.g. use `DataCollection.size` **not** `DataCollection.size()`
  total_size = round(sum(granule.size() for granule in granules) / 1024, 2)
/opt/miniconda3/envs/co2/lib/python3.11/site-packages/earthaccess/store.py:832: FutureWarning: As of version 1.0, `DataGranule.size` will be accessed as an attribute; e.g. use `DataCollection.size` **not** `DataCollection.size()`
  total_size = round(sum(granule.size() for granule in granules) / 1024, 2)
/opt/miniconda3/envs/co2/lib/python3.11/site-packages/earthaccess/store.py:832: FutureWarning: As of version 1.0, `DataGranule.size` will be accessed as an attribute; e.g. use `DataCollection.size` **not** `DataCollection.size()`
  total_size = round(sum(granule.size() for granule in granules) / 1024, 2)
/opt/miniconda3/envs/co2/lib/python3.11/site-packages/earthaccess/store.py:832: FutureWarning: As of version 1.0, `DataGranule.size` will be accessed as an attribute; e.g. use `DataCollection.size` **not** `DataCollection.size()`
  total_size = round(sum(granule.size() for granule in granules) / 1024, 2)
/opt/miniconda3/envs/co2/lib/python3.11/site-packages/earthaccess/store.py:832: FutureWarning: As of version 1.0, `DataGranule.size` will be accessed as an attribute; e.g. use `DataCollection.size` **not** `DataCollection.size()`
  total_size = round(sum(granule.size() for granule in granules) / 1024, 2)
/opt/miniconda3/envs/co2/lib/python3.11/site-packages/earthaccess/store.py:832: FutureWarning: As of version 1.0, `DataGranule.size` will be accessed as an attribute; e.g. use `DataCollection.size` **not** `DataCollection.size()`
  total_size = round(sum(granule.size() for granule in granules) / 1024, 2)
/opt/miniconda3/envs/co2/lib/python3.11/site-packages/earthaccess/store.py:832: FutureWarning: As of version 1.0, `DataGranule.size` will be accessed as an attribute; e.g. use `DataCollection.size` **not** `DataCollection.size()`
  total_size = round(sum(granule.size() for granule in granules) / 1024, 2)
/opt/miniconda3/envs/co2/lib/python3.11/site-packages/earthaccess/store.py:832: FutureWarning: As of version 1.0, `DataGranule.size` will be accessed as an attribute; e.g. use `DataCollection.size` **not** `DataCollection.size()`
  total_size = round(sum(granule.size() for granule in granules) / 1024, 2)
/opt/miniconda3/envs/co2/lib/python3.11/site-packages/earthaccess/store.py:832: FutureWarning: As of version 1.0, `DataGranule.size` will be accessed as an attribute; e.g. use `DataCollection.size` **not** `DataCollection.size()`
  total_size = round(sum(granule.size() for granule in granules) / 1024, 2)
/opt/miniconda3/envs/co2/lib/python3.11/site-packages/earthaccess/store.py:832: FutureWarning: As of version 1.0, `DataGranule.size` will be accessed as an attribute; e.g. use `DataCollection.size` **not** `DataCollection.size()`
  total_size = round(sum(granule.size() for granule in granules) / 1024, 2)
/opt/miniconda3/envs/co2/lib/python3.11/site-packages/earthaccess/store.py:832: FutureWarning: As of version 1.0, `DataGranule.size` will be accessed as an attribute; e.g. use `DataCollection.size` **not** `DataCollection.size()`
  total_size = round(sum(granule.size() for granule in granules) / 1024, 2)
/opt/miniconda3/envs/co2/lib/python3.11/site-packages/earthaccess/store.py:832: FutureWarning: As of version 1.0, `DataGranule.size` will be accessed as an attribute; e.g. use `DataCollection.size` **not** `DataCollection.size()`
  total_size = round(sum(granule.size() for granule in granules) / 1024, 2)
/opt/miniconda3/envs/co2/lib/python3.11/site-packages/earthaccess/store.py:832: FutureWarning: As of version 1.0, `DataGranule.size` will be accessed as an attribute; e.g. use `DataCollection.size` **not** `DataCollection.size()`
  total_size = round(sum(granule.size() for granule in granules) / 1024, 2)
/opt/miniconda3/envs/co2/lib/python3.11/site-packages/earthaccess/store.py:832: FutureWarning: As of version 1.0, `DataGranule.size` will be accessed as an attribute; e.g. use `DataCollection.size` **not** `DataCollection.size()`
  total_size = round(sum(granule.size() for granule in granules) / 1024, 2)
/opt/miniconda3/envs/co2/lib/python3.11/site-packages/earthaccess/store.py:832: FutureWarning: As of version 1.0, `DataGranule.size` will be accessed as an attribute; e.g. use `DataCollection.size` **not** `DataCollection.size()`
  total_size = round(sum(granule.size() for granule in granules) / 1024, 2)
/opt/miniconda3/envs/co2/lib/python3.11/site-packages/earthaccess/store.py:832: FutureWarning: As of version 1.0, `DataGranule.size` will be accessed as an attribute; e.g. use `DataCollection.size` **not** `DataCollection.size()`
  total_size = round(sum(granule.size() for granule in granules) / 1024, 2)
/opt/miniconda3/envs/co2/lib/python3.11/site-packages/earthaccess/store.py:832: FutureWarning: As of version 1.0, `DataGranule.size` will be accessed as an attribute; e.g. use `DataCollection.size` **not** `DataCollection.size()`
  total_size = round(sum(granule.size() for granule in granules) / 1024, 2)
/opt/miniconda3/envs/co2/lib/python3.11/site-packages/earthaccess/store.py:832: FutureWarning: As of version 1.0, `DataGranule.size` will be accessed as an attribute; e.g. use `DataCollection.size` **not** `DataCollection.size()`
  total_size = round(sum(granule.size() for granule in granules) / 1024, 2)
/opt/miniconda3/envs/co2/lib/python3.11/site-packages/earthaccess/store.py:832: FutureWarning: As of version 1.0, `DataGranule.size` will be accessed as an attribute; e.g. use `DataCollection.size` **not** `DataCollection.size()`
  total_size = round(sum(granule.size() for granule in granules) / 1024, 2)
/opt/miniconda3/envs/co2/lib/python3.11/site-packages/earthaccess/store.py:832: FutureWarning: As of version 1.0, `DataGranule.size` will be accessed as an attribute; e.g. use `DataCollection.size` **not** `DataCollection.size()`
  total_size = round(sum(granule.size() for granule in granules) / 1024, 2)
/opt/miniconda3/envs/co2/lib/python3.11/site-packages/earthaccess/store.py:832: FutureWarning: As of version 1.0, `DataGranule.size` will be accessed as an attribute; e.g. use `DataCollection.size` **not** `DataCollection.size()`
  total_size = round(sum(granule.size() for granule in granules) / 1024, 2)
/opt/miniconda3/envs/co2/lib/python3.11/site-packages/earthaccess/store.py:832: FutureWarning: As of version 1.0, `DataGranule.size` will be accessed as an attribute; e.g. use `DataCollection.size` **not** `DataCollection.size()`
  total_size = round(sum(granule.size() for granule in granules) / 1024, 2)
/opt/miniconda3/envs/co2/lib/python3.11/site-packages/earthaccess/store.py:832: FutureWarning: As of version 1.0, `DataGranule.size` will be accessed as an attribute; e.g. use `DataCollection.size` **not** `DataCollection.size()`
  total_size = round(sum(granule.size() for granule in granules) / 1024, 2)
/opt/miniconda3/envs/co2/lib/python3.11/site-packages/earthaccess/store.py:832: FutureWarning: As of version 1.0, `DataGranule.size` will be accessed as an attribute; e.g. use `DataCollection.size` **not** `DataCollection.size()`
  total_size = round(sum(granule.size() for granule in granules) / 1024, 2)
/opt/miniconda3/envs/co2/lib/python3.11/site-packages/earthaccess/store.py:832: FutureWarning: As of version 1.0, `DataGranule.size` will be accessed as an attribute; e.g. use `DataCollection.size` **not** `DataCollection.size()`
  total_size = round(sum(granule.size() for granule in granules) / 1024, 2)
/opt/miniconda3/envs/co2/lib/python3.11/site-packages/earthaccess/store.py:832: FutureWarning: As of version 1.0, `DataGranule.size` will be accessed as an attribute; e.g. use `DataCollection.size` **not** `DataCollection.size()`
  total_size = round(sum(granule.size() for granule in granules) / 1024, 2)
/opt/miniconda3/envs/co2/lib/python3.11/site-packages/earthaccess/store.py:832: FutureWarning: As of version 1.0, `DataGranule.size` will be accessed as an attribute; e.g. use `DataCollection.size` **not** `DataCollection.size()`
  total_size = round(sum(granule.size() for granule in granules) / 1024, 2)
/opt/miniconda3/envs/co2/lib/python3.11/site-packages/earthaccess/store.py:832: FutureWarning: As of version 1.0, `DataGranule.size` will be accessed as an attribute; e.g. use `DataCollection.size` **not** `DataCollection.size()`
  total_size = round(sum(granule.size() for granule in granules) / 1024, 2)
/opt/miniconda3/envs/co2/lib/python3.11/site-packages/earthaccess/store.py:832: FutureWarning: As of version 1.0, `DataGranule.size` will be accessed as an attribute; e.g. use `DataCollection.size` **not** `DataCollection.size()`
  total_size = round(sum(granule.size() for granule in granules) / 1024, 2)
/opt/miniconda3/envs/co2/lib/python3.11/site-packages/earthaccess/store.py:832: FutureWarning: As of version 1.0, `DataGranule.size` will be accessed as an attribute; e.g. use `DataCollection.size` **not** `DataCollection.size()`
  total_size = round(sum(granule.size() for granule in granules) / 1024, 2)
/opt/miniconda3/envs/co2/lib/python3.11/site-packages/earthaccess/store.py:832: FutureWarning: As of version 1.0, `DataGranule.size` will be accessed as an attribute; e.g. use `DataCollection.size` **not** `DataCollection.size()`
  total_size = round(sum(granule.size() for granule in granules) / 1024, 2)
/opt/miniconda3/envs/co2/lib/python3.11/site-packages/earthaccess/store.py:832: FutureWarning: As of version 1.0, `DataGranule.size` will be accessed as an attribute; e.g. use `DataCollection.size` **not** `DataCollection.size()`
  total_size = round(sum(granule.size() for granule in granules) / 1024, 2)
/opt/miniconda3/envs/co2/lib/python3.11/site-packages/earthaccess/store.py:832: FutureWarning: As of version 1.0, `DataGranule.size` will be accessed as an attribute; e.g. use `DataCollection.size` **not** `DataCollection.size()`
  total_size = round(sum(granule.size() for granule in granules) / 1024, 2)
/opt/miniconda3/envs/co2/lib/python3.11/site-packages/earthaccess/store.py:832: FutureWarning: As of version 1.0, `DataGranule.size` will be accessed as an attribute; e.g. use `DataCollection.size` **not** `DataCollection.size()`
  total_size = round(sum(granule.size() for granule in granules) / 1024, 2)
/opt/miniconda3/envs/co2/lib/python3.11/site-packages/earthaccess/store.py:832: FutureWarning: As of version 1.0, `DataGranule.size` will be accessed as an attribute; e.g. use `DataCollection.size` **not** `DataCollection.size()`
  total_size = round(sum(granule.size() for granule in granules) / 1024, 2)
/opt/miniconda3/envs/co2/lib/python3.11/site-packages/earthaccess/store.py:832: FutureWarning: As of version 1.0, `DataGranule.size` will be accessed as an attribute; e.g. use `DataCollection.size` **not** `DataCollection.size()`
  total_size = round(sum(granule.size() for granule in granules) / 1024, 2)
/opt/miniconda3/envs/co2/lib/python3.11/site-packages/earthaccess/store.py:832: FutureWarning: As of version 1.0, `DataGranule.size` will be accessed as an attribute; e.g. use `DataCollection.size` **not** `DataCollection.size()`
  total_size = round(sum(granule.size() for granule in granules) / 1024, 2)
/opt/miniconda3/envs/co2/lib/python3.11/site-packages/earthaccess/store.py:832: FutureWarning: As of version 1.0, `DataGranule.size` will be accessed as an attribute; e.g. use `DataCollection.size` **not** `DataCollection.size()`
  total_size = round(sum(granule.size() for granule in granules) / 1024, 2)
/opt/miniconda3/envs/co2/lib/python3.11/site-packages/earthaccess/store.py:832: FutureWarning: As of version 1.0, `DataGranule.size` will be accessed as an attribute; e.g. use `DataCollection.size` **not** `DataCollection.size()`
  total_size = round(sum(granule.size() for granule in granules) / 1024, 2)
/opt/miniconda3/envs/co2/lib/python3.11/site-packages/earthaccess/store.py:832: FutureWarning: As of version 1.0, `DataGranule.size` will be accessed as an attribute; e.g. use `DataCollection.size` **not** `DataCollection.size()`
  total_size = round(sum(granule.size() for granule in granules) / 1024, 2)
/opt/miniconda3/envs/co2/lib/python3.11/site-packages/earthaccess/store.py:832: FutureWarning: As of version 1.0, `DataGranule.size` will be accessed as an attribute; e.g. use `DataCollection.size` **not** `DataCollection.size()`
  total_size = round(sum(granule.size() for granule in granules) / 1024, 2)
/opt/miniconda3/envs/co2/lib/python3.11/site-packages/earthaccess/store.py:832: FutureWarning: As of version 1.0, `DataGranule.size` will be accessed as an attribute; e.g. use `DataCollection.size` **not** `DataCollection.size()`
  total_size = round(sum(granule.size() for granule in granules) / 1024, 2)
/opt/miniconda3/envs/co2/lib/python3.11/site-packages/earthaccess/store.py:832: FutureWarning: As of version 1.0, `DataGranule.size` will be accessed as an attribute; e.g. use `DataCollection.size` **not** `DataCollection.size()`
  total_size = round(sum(granule.size() for granule in granules) / 1024, 2)
/opt/miniconda3/envs/co2/lib/python3.11/site-packages/earthaccess/store.py:832: FutureWarning: As of version 1.0, `DataGranule.size` will be accessed as an attribute; e.g. use `DataCollection.size` **not** `DataCollection.size()`
  total_size = round(sum(granule.size() for granule in granules) / 1024, 2)
/opt/miniconda3/envs/co2/lib/python3.11/site-packages/earthaccess/store.py:832: FutureWarning: As of version 1.0, `DataGranule.size` will be accessed as an attribute; e.g. use `DataCollection.size` **not** `DataCollection.size()`
  total_size = round(sum(granule.size() for granule in granules) / 1024, 2)
/opt/miniconda3/envs/co2/lib/python3.11/site-packages/earthaccess/store.py:832: FutureWarning: As of version 1.0, `DataGranule.size` will be accessed as an attribute; e.g. use `DataCollection.size` **not** `DataCollection.size()`
  total_size = round(sum(granule.size() for granule in granules) / 1024, 2)
/opt/miniconda3/envs/co2/lib/python3.11/site-packages/earthaccess/store.py:832: FutureWarning: As of version 1.0, `DataGranule.size` will be accessed as an attribute; e.g. use `DataCollection.size` **not** `DataCollection.size()`
  total_size = round(sum(granule.size() for granule in granules) / 1024, 2)
/opt/miniconda3/envs/co2/lib/python3.11/site-packages/earthaccess/store.py:832: FutureWarning: As of version 1.0, `DataGranule.size` will be accessed as an attribute; e.g. use `DataCollection.size` **not** `DataCollection.size()`
  total_size = round(sum(granule.size() for granule in granules) / 1024, 2)
/opt/miniconda3/envs/co2/lib/python3.11/site-packages/earthaccess/store.py:832: FutureWarning: As of version 1.0, `DataGranule.size` will be accessed as an attribute; e.g. use `DataCollection.size` **not** `DataCollection.size()`
  total_size = round(sum(granule.size() for granule in granules) / 1024, 2)
/opt/miniconda3/envs/co2/lib/python3.11/site-packages/earthaccess/store.py:832: FutureWarning: As of version 1.0, `DataGranule.size` will be accessed as an attribute; e.g. use `DataCollection.size` **not** `DataCollection.size()`
  total_size = round(sum(granule.size() for granule in granules) / 1024, 2)
/opt/miniconda3/envs/co2/lib/python3.11/site-packages/earthaccess/store.py:832: FutureWarning: As of version 1.0, `DataGranule.size` will be accessed as an attribute; e.g. use `DataCollection.size` **not** `DataCollection.size()`
  total_size = round(sum(granule.size() for granule in granules) / 1024, 2)
/opt/miniconda3/envs/co2/lib/python3.11/site-packages/earthaccess/store.py:832: FutureWarning: As of version 1.0, `DataGranule.size` will be accessed as an attribute; e.g. use `DataCollection.size` **not** `DataCollection.size()`
  total_size = round(sum(granule.size() for granule in granules) / 1024, 2)
/opt/miniconda3/envs/co2/lib/python3.11/site-packages/earthaccess/store.py:832: FutureWarning: As of version 1.0, `DataGranule.size` will be accessed as an attribute; e.g. use `DataCollection.size` **not** `DataCollection.size()`
  total_size = round(sum(granule.size() for granule in granules) / 1024, 2)
/opt/miniconda3/envs/co2/lib/python3.11/site-packages/earthaccess/store.py:832: FutureWarning: As of version 1.0, `DataGranule.size` will be accessed as an attribute; e.g. use `DataCollection.size` **not** `DataCollection.size()`
  total_size = round(sum(granule.size() for granule in granules) / 1024, 2)
/opt/miniconda3/envs/co2/lib/python3.11/site-packages/earthaccess/store.py:832: FutureWarning: As of version 1.0, `DataGranule.size` will be accessed as an attribute; e.g. use `DataCollection.size` **not** `DataCollection.size()`
  total_size = round(sum(granule.size() for granule in granules) / 1024, 2)
/opt/miniconda3/envs/co2/lib/python3.11/site-packages/earthaccess/store.py:832: FutureWarning: As of version 1.0, `DataGranule.size` will be accessed as an attribute; e.g. use `DataCollection.size` **not** `DataCollection.size()`
  total_size = round(sum(granule.size() for granule in granules) / 1024, 2)
/opt/miniconda3/envs/co2/lib/python3.11/site-packages/earthaccess/store.py:832: FutureWarning: As of version 1.0, `DataGranule.size` will be accessed as an attribute; e.g. use `DataCollection.size` **not** `DataCollection.size()`
  total_size = round(sum(granule.size() for granule in granules) / 1024, 2)
/opt/miniconda3/envs/co2/lib/python3.11/site-packages/earthaccess/store.py:832: FutureWarning: As of version 1.0, `DataGranule.size` will be accessed as an attribute; e.g. use `DataCollection.size` **not** `DataCollection.size()`
  total_size = round(sum(granule.size() for granule in granules) / 1024, 2)
/opt/miniconda3/envs/co2/lib/python3.11/site-packages/earthaccess/store.py:832: FutureWarning: As of version 1.0, `DataGranule.size` will be accessed as an attribute; e.g. use `DataCollection.size` **not** `DataCollection.size()`
  total_size = round(sum(granule.size() for granule in granules) / 1024, 2)
/opt/miniconda3/envs/co2/lib/python3.11/site-packages/earthaccess/store.py:832: FutureWarning: As of version 1.0, `DataGranule.size` will be accessed as an attribute; e.g. use `DataCollection.size` **not** `DataCollection.size()`
  total_size = round(sum(granule.size() for granule in granules) / 1024, 2)
/opt/miniconda3/envs/co2/lib/python3.11/site-packages/earthaccess/store.py:832: FutureWarning: As of version 1.0, `DataGranule.size` will be accessed as an attribute; e.g. use `DataCollection.size` **not** `DataCollection.size()`
  total_size = round(sum(granule.size() for granule in granules) / 1024, 2)
/opt/miniconda3/envs/co2/lib/python3.11/site-packages/earthaccess/store.py:832: FutureWarning: As of version 1.0, `DataGranule.size` will be accessed as an attribute; e.g. use `DataCollection.size` **not** `DataCollection.size()`
  total_size = round(sum(granule.size() for granule in granules) / 1024, 2)
/opt/miniconda3/envs/co2/lib/python3.11/site-packages/earthaccess/store.py:832: FutureWarning: As of version 1.0, `DataGranule.size` will be accessed as an attribute; e.g. use `DataCollection.size` **not** `DataCollection.size()`
  total_size = round(sum(granule.size() for granule in granules) / 1024, 2)
/opt/miniconda3/envs/co2/lib/python3.11/site-packages/earthaccess/store.py:832: FutureWarning: As of version 1.0, `DataGranule.size` will be accessed as an attribute; e.g. use `DataCollection.size` **not** `DataCollection.size()`
  total_size = round(sum(granule.size() for granule in granules) / 1024, 2)
/opt/miniconda3/envs/co2/lib/python3.11/site-packages/earthaccess/store.py:832: FutureWarning: As of version 1.0, `DataGranule.size` will be accessed as an attribute; e.g. use `DataCollection.size` **not** `DataCollection.size()`
  total_size = round(sum(granule.size() for granule in granules) / 1024, 2)
/opt/miniconda3/envs/co2/lib/python3.11/site-packages/earthaccess/store.py:832: FutureWarning: As of version 1.0, `DataGranule.size` will be accessed as an attribute; e.g. use `DataCollection.size` **not** `DataCollection.size()`
  total_size = round(sum(granule.size() for granule in granules) / 1024, 2)
/opt/miniconda3/envs/co2/lib/python3.11/site-packages/earthaccess/store.py:832: FutureWarning: As of version 1.0, `DataGranule.size` will be accessed as an attribute; e.g. use `DataCollection.size` **not** `DataCollection.size()`
  total_size = round(sum(granule.size() for granule in granules) / 1024, 2)
/opt/miniconda3/envs/co2/lib/python3.11/site-packages/earthaccess/store.py:832: FutureWarning: As of version 1.0, `DataGranule.size` will be accessed as an attribute; e.g. use `DataCollection.size` **not** `DataCollection.size()`
  total_size = round(sum(granule.size() for granule in granules) / 1024, 2)
/opt/miniconda3/envs/co2/lib/python3.11/site-packages/earthaccess/store.py:832: FutureWarning: As of version 1.0, `DataGranule.size` will be accessed as an attribute; e.g. use `DataCollection.size` **not** `DataCollection.size()`
  total_size = round(sum(granule.size() for granule in granules) / 1024, 2)
/opt/miniconda3/envs/co2/lib/python3.11/site-packages/earthaccess/store.py:832: FutureWarning: As of version 1.0, `DataGranule.size` will be accessed as an attribute; e.g. use `DataCollection.size` **not** `DataCollection.size()`
  total_size = round(sum(granule.size() for granule in granules) / 1024, 2)
/opt/miniconda3/envs/co2/lib/python3.11/site-packages/earthaccess/store.py:832: FutureWarning: As of version 1.0, `DataGranule.size` will be accessed as an attribute; e.g. use `DataCollection.size` **not** `DataCollection.size()`
  total_size = round(sum(granule.size() for granule in granules) / 1024, 2)
/opt/miniconda3/envs/co2/lib/python3.11/site-packages/earthaccess/store.py:832: FutureWarning: As of version 1.0, `DataGranule.size` will be accessed as an attribute; e.g. use `DataCollection.size` **not** `DataCollection.size()`
  total_size = round(sum(granule.size() for granule in granules) / 1024, 2)
/opt/miniconda3/envs/co2/lib/python3.11/site-packages/earthaccess/store.py:832: FutureWarning: As of version 1.0, `DataGranule.size` will be accessed as an attribute; e.g. use `DataCollection.size` **not** `DataCollection.size()`
  total_size = round(sum(granule.size() for granule in granules) / 1024, 2)
/opt/miniconda3/envs/co2/lib/python3.11/site-packages/earthaccess/store.py:832: FutureWarning: As of version 1.0, `DataGranule.size` will be accessed as an attribute; e.g. use `DataCollection.size` **not** `DataCollection.size()`
  total_size = round(sum(granule.size() for granule in granules) / 1024, 2)
/opt/miniconda3/envs/co2/lib/python3.11/site-packages/earthaccess/store.py:832: FutureWarning: As of version 1.0, `DataGranule.size` will be accessed as an attribute; e.g. use `DataCollection.size` **not** `DataCollection.size()`
  total_size = round(sum(granule.size() for granule in granules) / 1024, 2)
/opt/miniconda3/envs/co2/lib/python3.11/site-packages/earthaccess/store.py:832: FutureWarning: As of version 1.0, `DataGranule.size` will be accessed as an attribute; e.g. use `DataCollection.size` **not** `DataCollection.size()`
  total_size = round(sum(granule.size() for granule in granules) / 1024, 2)
/opt/miniconda3/envs/co2/lib/python3.11/site-packages/earthaccess/store.py:832: FutureWarning: As of version 1.0, `DataGranule.size` will be accessed as an attribute; e.g. use `DataCollection.size` **not** `DataCollection.size()`
  total_size = round(sum(granule.size() for granule in granules) / 1024, 2)
/opt/miniconda3/envs/co2/lib/python3.11/site-packages/earthaccess/store.py:832: FutureWarning: As of version 1.0, `DataGranule.size` will be accessed as an attribute; e.g. use `DataCollection.size` **not** `DataCollection.size()`
  total_size = round(sum(granule.size() for granule in granules) / 1024, 2)
/opt/miniconda3/envs/co2/lib/python3.11/site-packages/earthaccess/store.py:832: FutureWarning: As of version 1.0, `DataGranule.size` will be accessed as an attribute; e.g. use `DataCollection.size` **not** `DataCollection.size()`
  total_size = round(sum(granule.size() for granule in granules) / 1024, 2)
/opt/miniconda3/envs/co2/lib/python3.11/site-packages/earthaccess/store.py:832: FutureWarning: As of version 1.0, `DataGranule.size` will be accessed as an attribute; e.g. use `DataCollection.size` **not** `DataCollection.size()`
  total_size = round(sum(granule.size() for granule in granules) / 1024, 2)
/opt/miniconda3/envs/co2/lib/python3.11/site-packages/earthaccess/store.py:832: FutureWarning: As of version 1.0, `DataGranule.size` will be accessed as an attribute; e.g. use `DataCollection.size` **not** `DataCollection.size()`
  total_size = round(sum(granule.size() for granule in granules) / 1024, 2)
/opt/miniconda3/envs/co2/lib/python3.11/site-packages/earthaccess/store.py:832: FutureWarning: As of version 1.0, `DataGranule.size` will be accessed as an attribute; e.g. use `DataCollection.size` **not** `DataCollection.size()`
  total_size = round(sum(granule.size() for granule in granules) / 1024, 2)
/opt/miniconda3/envs/co2/lib/python3.11/site-packages/earthaccess/store.py:832: FutureWarning: As of version 1.0, `DataGranule.size` will be accessed as an attribute; e.g. use `DataCollection.size` **not** `DataCollection.size()`
  total_size = round(sum(granule.size() for granule in granules) / 1024, 2)
/opt/miniconda3/envs/co2/lib/python3.11/site-packages/earthaccess/store.py:832: FutureWarning: As of version 1.0, `DataGranule.size` will be accessed as an attribute; e.g. use `DataCollection.size` **not** `DataCollection.size()`
  total_size = round(sum(granule.size() for granule in granules) / 1024, 2)
/opt/miniconda3/envs/co2/lib/python3.11/site-packages/earthaccess/store.py:832: FutureWarning: As of version 1.0, `DataGranule.size` will be accessed as an attribute; e.g. use `DataCollection.size` **not** `DataCollection.size()`
  total_size = round(sum(granule.size() for granule in granules) / 1024, 2)
/opt/miniconda3/envs/co2/lib/python3.11/site-packages/earthaccess/store.py:832: FutureWarning: As of version 1.0, `DataGranule.size` will be accessed as an attribute; e.g. use `DataCollection.size` **not** `DataCollection.size()`
  total_size = round(sum(granule.size() for granule in granules) / 1024, 2)
/opt/miniconda3/envs/co2/lib/python3.11/site-packages/earthaccess/store.py:832: FutureWarning: As of version 1.0, `DataGranule.size` will be accessed as an attribute; e.g. use `DataCollection.size` **not** `DataCollection.size()`
  total_size = round(sum(granule.size() for granule in granules) / 1024, 2)
/opt/miniconda3/envs/co2/lib/python3.11/site-packages/earthaccess/store.py:832: FutureWarning: As of version 1.0, `DataGranule.size` will be accessed as an attribute; e.g. use `DataCollection.size` **not** `DataCollection.size()`
  total_size = round(sum(granule.size() for granule in granules) / 1024, 2)
/opt/miniconda3/envs/co2/lib/python3.11/site-packages/earthaccess/store.py:832: FutureWarning: As of version 1.0, `DataGranule.size` will be accessed as an attribute; e.g. use `DataCollection.size` **not** `DataCollection.size()`
  total_size = round(sum(granule.size() for granule in granules) / 1024, 2)
/opt/miniconda3/envs/co2/lib/python3.11/site-packages/earthaccess/store.py:832: FutureWarning: As of version 1.0, `DataGranule.size` will be accessed as an attribute; e.g. use `DataCollection.size` **not** `DataCollection.size()`
  total_size = round(sum(granule.size() for granule in granules) / 1024, 2)
/opt/miniconda3/envs/co2/lib/python3.11/site-packages/earthaccess/store.py:832: FutureWarning: As of version 1.0, `DataGranule.size` will be accessed as an attribute; e.g. use `DataCollection.size` **not** `DataCollection.size()`
  total_size = round(sum(granule.size() for granule in granules) / 1024, 2)
/opt/miniconda3/envs/co2/lib/python3.11/site-packages/earthaccess/store.py:832: FutureWarning: As of version 1.0, `DataGranule.size` will be accessed as an attribute; e.g. use `DataCollection.size` **not** `DataCollection.size()`
  total_size = round(sum(granule.size() for granule in granules) / 1024, 2)
/opt/miniconda3/envs/co2/lib/python3.11/site-packages/earthaccess/store.py:832: FutureWarning: As of version 1.0, `DataGranule.size` will be accessed as an attribute; e.g. use `DataCollection.size` **not** `DataCollection.size()`
  total_size = round(sum(granule.size() for granule in granules) / 1024, 2)
/opt/miniconda3/envs/co2/lib/python3.11/site-packages/earthaccess/store.py:832: FutureWarning: As of version 1.0, `DataGranule.size` will be accessed as an attribute; e.g. use `DataCollection.size` **not** `DataCollection.size()`
  total_size = round(sum(granule.size() for granule in granules) / 1024, 2)
/opt/miniconda3/envs/co2/lib/python3.11/site-packages/earthaccess/store.py:832: FutureWarning: As of version 1.0, `DataGranule.size` will be accessed as an attribute; e.g. use `DataCollection.size` **not** `DataCollection.size()`
  total_size = round(sum(granule.size() for granule in granules) / 1024, 2)
/opt/miniconda3/envs/co2/lib/python3.11/site-packages/earthaccess/store.py:832: FutureWarning: As of version 1.0, `DataGranule.size` will be accessed as an attribute; e.g. use `DataCollection.size` **not** `DataCollection.size()`
  total_size = round(sum(granule.size() for granule in granules) / 1024, 2)
/opt/miniconda3/envs/co2/lib/python3.11/site-packages/earthaccess/store.py:832: FutureWarning: As of version 1.0, `DataGranule.size` will be accessed as an attribute; e.g. use `DataCollection.size` **not** `DataCollection.size()`
  total_size = round(sum(granule.size() for granule in granules) / 1024, 2)
/opt/miniconda3/envs/co2/lib/python3.11/site-packages/earthaccess/store.py:832: FutureWarning: As of version 1.0, `DataGranule.size` will be accessed as an attribute; e.g. use `DataCollection.size` **not** `DataCollection.size()`
  total_size = round(sum(granule.size() for granule in granules) / 1024, 2)
/opt/miniconda3/envs/co2/lib/python3.11/site-packages/earthaccess/store.py:832: FutureWarning: As of version 1.0, `DataGranule.size` will be accessed as an attribute; e.g. use `DataCollection.size` **not** `DataCollection.size()`
  total_size = round(sum(granule.size() for granule in granules) / 1024, 2)
/opt/miniconda3/envs/co2/lib/python3.11/site-packages/earthaccess/store.py:832: FutureWarning: As of version 1.0, `DataGranule.size` will be accessed as an attribute; e.g. use `DataCollection.size` **not** `DataCollection.size()`
  total_size = round(sum(granule.size() for granule in granules) / 1024, 2)
/opt/miniconda3/envs/co2/lib/python3.11/site-packages/earthaccess/store.py:832: FutureWarning: As of version 1.0, `DataGranule.size` will be accessed as an attribute; e.g. use `DataCollection.size` **not** `DataCollection.size()`
  total_size = round(sum(granule.size() for granule in granules) / 1024, 2)
/opt/miniconda3/envs/co2/lib/python3.11/site-packages/earthaccess/store.py:832: FutureWarning: As of version 1.0, `DataGranule.size` will be accessed as an attribute; e.g. use `DataCollection.size` **not** `DataCollection.size()`
  total_size = round(sum(granule.size() for granule in granules) / 1024, 2)

===== Processing Farakka  (24.772, 87.894) =====
[CO2] granules near Farakka: 360
  skip 118: download stalled
  skip 204: download stalled
  skip 239: Download failed for https://data.gesdisc
  skip 240: Download failed for https://data.gesdisc
[CO2] hit-days: 12, soundings: 1504
[CO2] enhancement = +0.74 ppm (bg std 2.54)
[NO2] peak 5 km from plant
[WIND] toward 284 deg, CO2 offset 297 deg, diff 13 deg

[SAVED] Farakka -> data/plant_results.json
{
  "plant": "Farakka",
  "lat": 24.772,
  "lon": 87.894,
  "hit_days": 12,
  "soundings": 1504,
  "co2_enhancement_ppm": 0.735,
  "bg_std_ppm": 2.538,
  "no2_peak_km": 5.0,
  "wind_deg": 284.0,
  "co2_offset_deg": 297.0,
  "wind_co2_diff_deg": 13.0
}
