/opt/miniconda3/envs/co2/lib/python3.11/site-packages/earthaccess/results.py:343: FutureWarning: As of version 1.0, `DataGranule.size` will be accessed as an attribute; e.g. use `DataCollection.size` **not** `DataCollection.size()`
  self["size"] = self.size()
/opt/miniconda3/envs/co2/lib/python3.11/site-packages/earthaccess/store.py:832: FutureWarning: As of version 1.0, `DataGranule.size` will be accessed as an attribute; e.g. use `DataCollection.size` **not** `DataCollection.size()`
  total_size = round(sum(granule.size() for granule in granules) / 1024, 2)
/opt/miniconda3/envs/co2/lib/python3.11/site-packages/earthaccess/store.py:832: FutureWarning: As of version 1.0, `DataGranule.size` will be accessed as an attribute; e.g. use `DataCollection.size` **not** `DataCollection.size()`
  total_size = round(sum(granule.size() for granule in granules) / 1024, 2)
/opt/miniconda3/envs/co2/lib/python3.11/site-packages/earthaccess/store.py:832: FutureWarning: As of version 1.0, `DataGranule.size` will be accessed as an attribute; e.g. use `DataCollection.size` **not** `DataCollection.size()`
  total_size = round(sum(granule.size() for granule in granules) / 1024, 2)
/opt/miniconda3/envs/co2/lib/python3.11/site-packages/earthaccess/store.py:832: FutureWarning: As of version 1.0, `DataGranule.size` will be accessed as an attribute; e.g. use `DataCollection.size` **not** `DataCollection.size()`
  total_size = round(sum(granule.size() for granule in granules) / 1024, 2)
/opt/miniconda3/envs/co2/lib/python3.11/site-packages/earthaccess/store.py:832: FutureWarning: As of version 1.0, `DataGranule.size` will be accessed as an attribute; e.g. use `DataCollection.size` **not** `DataCollection.size()`
  total_size = round(sum(granule.size() for granule in granules) / 1024, 2)
/opt/miniconda3/envs/co2/lib/python3.11/site-packages/earthaccess/store.py:832: FutureWarning: As of version 1.0, `DataGranule.size` will be accessed as an attribute; e.g. use `DataCollection.size` **not** `DataCollection.size()`
  total_size = round(sum(granule.size() for granule in granules) / 1024, 2)
/opt/miniconda3/envs/co2/lib/python3.11/site-packages/earthaccess/store.py:832: FutureWarning: As of version 1.0, `DataGranule.size` will be accessed as an attribute; e.g. use `DataCollection.size` **not** `DataCollection.size()`
  total_size = round(sum(granule.size() for granule in granules) / 1024, 2)
/opt/miniconda3/envs/co2/lib/python3.11/site-packages/earthaccess/store.py:832: FutureWarning: As of version 1.0, `DataGranule.size` will be accessed as an attribute; e.g. use `DataCollection.size` **not** `DataCollection.size()`
  total_size = round(sum(granule.size() for granule in granules) / 1024, 2)
/opt/miniconda3/envs/co2/lib/python3.11/site-packages/earthaccess/store.py:832: FutureWarning: As of version 1.0, `DataGranule.size` will be accessed as an attribute; e.g. use `DataCollection.size` **not** `DataCollection.size()`
  total_size = round(sum(granule.size() for granule in granules) / 1024, 2)
/opt/miniconda3/envs/co2/lib/python3.11/site-packages/earthaccess/store.py:832: FutureWarning: As of version 1.0, `DataGranule.size` will be accessed as an attribute; e.g. use `DataCollection.size` **not** `DataCollection.size()`
  total_size = round(sum(granule.size() for granule in granules) / 1024, 2)
/opt/miniconda3/envs/co2/lib/python3.11/site-packages/earthaccess/store.py:832: FutureWarning: As of version 1.0, `DataGranule.size` will be accessed as an attribute; e.g. use `DataCollection.size` **not** `DataCollection.size()`
  total_size = round(sum(granule.size() for granule in granules) / 1024, 2)
/opt/miniconda3/envs/co2/lib/python3.11/site-packages/earthaccess/store.py:832: FutureWarning: As of version 1.0, `DataGranule.size` will be accessed as an attribute; e.g. use `DataCollection.size` **not** `DataCollection.size()`
  total_size = round(sum(granule.size() for granule in granules) / 1024, 2)
/opt/miniconda3/envs/co2/lib/python3.11/site-packages/earthaccess/store.py:832: FutureWarning: As of version 1.0, `DataGranule.size` will be accessed as an attribute; e.g. use `DataCollection.size` **not** `DataCollection.size()`
  total_size = round(sum(granule.size() for granule in granules) / 1024, 2)
/opt/miniconda3/envs/co2/lib/python3.11/site-packages/earthaccess/store.py:832: FutureWarning: As of version 1.0, `DataGranule.size` will be accessed as an attribute; e.g. use `DataCollection.size` **not** `DataCollection.size()`
  total_size = round(sum(granule.size() for granule in granules) / 1024, 2)
/opt/miniconda3/envs/co2/lib/python3.11/site-packages/earthaccess/store.py:832: FutureWarning: As of version 1.0, `DataGranule.size` will be accessed as an attribute; e.g. use `DataCollection.size` **not** `DataCollection.size()`
  total_size = round(sum(granule.size() for granule in granules) / 1024, 2)
/opt/miniconda3/envs/co2/lib/python3.11/site-packages/earthaccess/store.py:832: FutureWarning: As of version 1.0, `DataGranule.size` will be accessed as an attribute; e.g. use `DataCollection.size` **not** `DataCollection.size()`
  total_size = round(sum(granule.size() for granule in granules) / 1024, 2)
/opt/miniconda3/envs/co2/lib/python3.11/site-packages/earthaccess/store.py:832: FutureWarning: As of version 1.0, `DataGranule.size` will be accessed as an attribute; e.g. use `DataCollection.size` **not** `DataCollection.size()`
  total_size = round(sum(granule.size() for granule in granules) / 1024, 2)
/opt/miniconda3/envs/co2/lib/python3.11/site-packages/earthaccess/store.py:832: FutureWarning: As of version 1.0, `DataGranule.size` will be accessed as an attribute; e.g. use `DataCollection.size` **not** `DataCollection.size()`
  total_size = round(sum(granule.size() for granule in granules) / 1024, 2)
/opt/miniconda3/envs/co2/lib/python3.11/site-packages/earthaccess/store.py:832: FutureWarning: As of version 1.0, `DataGranule.size` will be accessed as an attribute; e.g. use `DataCollection.size` **not** `DataCollection.size()`
  total_size = round(sum(granule.size() for granule in granules) / 1024, 2)
/opt/miniconda3/envs/co2/lib/python3.11/site-packages/earthaccess/store.py:832: FutureWarning: As of version 1.0, `DataGranule.size` will be accessed as an attribute; e.g. use `DataCollection.size` **not** `DataCollection.size()`
  total_size = round(sum(granule.size() for granule in granules) / 1024, 2)
/opt/miniconda3/envs/co2/lib/python3.11/site-packages/earthaccess/store.py:832: FutureWarning: As of version 1.0, `DataGranule.size` will be accessed as an attribute; e.g. use `DataCollection.size` **not** `DataCollection.size()`
  total_size = round(sum(granule.size() for granule in granules) / 1024, 2)
/opt/miniconda3/envs/co2/lib/python3.11/site-packages/earthaccess/store.py:832: FutureWarning: As of version 1.0, `DataGranule.size` will be accessed as an attribute; e.g. use `DataCollection.size` **not** `DataCollection.size()`
  total_size = round(sum(granule.size() for granule in granules) / 1024, 2)
/opt/miniconda3/envs/co2/lib/python3.11/site-packages/earthaccess/store.py:832: FutureWarning: As of version 1.0, `DataGranule.size` will be accessed as an attribute; e.g. use `DataCollection.size` **not** `DataCollection.size()`
  total_size = round(sum(granule.size() for granule in granules) / 1024, 2)
/opt/miniconda3/envs/co2/lib/python3.11/site-packages/earthaccess/store.py:832: FutureWarning: As of version 1.0, `DataGranule.size` will be accessed as an attribute; e.g. use `DataCollection.size` **not** `DataCollection.size()`
  total_size = round(sum(granule.size() for granule in granules) / 1024, 2)
/opt/miniconda3/envs/co2/lib/python3.11/site-packages/earthaccess/store.py:832: FutureWarning: As of version 1.0, `DataGranule.size` will be accessed as an attribute; e.g. use `DataCollection.size` **not** `DataCollection.size()`
  total_size = round(sum(granule.size() for granule in granules) / 1024, 2)
/opt/miniconda3/envs/co2/lib/python3.11/site-packages/earthaccess/store.py:832: FutureWarning: As of version 1.0, `DataGranule.size` will be accessed as an attribute; e.g. use `DataCollection.size` **not** `DataCollection.size()`
  total_size = round(sum(granule.size() for granule in granules) / 1024, 2)
/opt/miniconda3/envs/co2/lib/python3.11/site-packages/earthaccess/store.py:832: FutureWarning: As of version 1.0, `DataGranule.size` will be accessed as an attribute; e.g. use `DataCollection.size` **not** `DataCollection.size()`
  total_size = round(sum(granule.size() for granule in granules) / 1024, 2)
/opt/miniconda3/envs/co2/lib/python3.11/site-packages/earthaccess/store.py:832: FutureWarning: As of version 1.0, `DataGranule.size` will be accessed as an attribute; e.g. use `DataCollection.size` **not** `DataCollection.size()`
  total_size = round(sum(granule.size() for granule in granules) / 1024, 2)
/opt/miniconda3/envs/co2/lib/python3.11/site-packages/earthaccess/store.py:832: FutureWarning: As of version 1.0, `DataGranule.size` will be accessed as an attribute; e.g. use `DataCollection.size` **not** `DataCollection.size()`
  total_size = round(sum(granule.size() for granule in granules) / 1024, 2)
/opt/miniconda3/envs/co2/lib/python3.11/site-packages/earthaccess/store.py:832: FutureWarning: As of version 1.0, `DataGranule.size` will be accessed as an attribute; e.g. use `DataCollection.size` **not** `DataCollection.size()`
  total_size = round(sum(granule.size() for granule in granules) / 1024, 2)
/opt/miniconda3/envs/co2/lib/python3.11/site-packages/earthaccess/store.py:832: FutureWarning: As of version 1.0, `DataGranule.size` will be accessed as an attribute; e.g. use `DataCollection.size` **not** `DataCollection.size()`
  total_size = round(sum(granule.size() for granule in granules) / 1024, 2)
/opt/miniconda3/envs/co2/lib/python3.11/site-packages/earthaccess/store.py:832: FutureWarning: As of version 1.0, `DataGranule.size` will be accessed as an attribute; e.g. use `DataCollection.size` **not** `DataCollection.size()`
  total_size = round(sum(granule.size() for granule in granules) / 1024, 2)
/opt/miniconda3/envs/co2/lib/python3.11/site-packages/earthaccess/store.py:832: FutureWarning: As of version 1.0, `DataGranule.size` will be accessed as an attribute; e.g. use `DataCollection.size` **not** `DataCollection.size()`
  total_size = round(sum(granule.size() for granule in granules) / 1024, 2)
/opt/miniconda3/envs/co2/lib/python3.11/site-packages/earthaccess/store.py:832: FutureWarning: As of version 1.0, `DataGranule.size` will be accessed as an attribute; e.g. use `DataCollection.size` **not** `DataCollection.size()`
  total_size = round(sum(granule.size() for granule in granules) / 1024, 2)
/opt/miniconda3/envs/co2/lib/python3.11/site-packages/earthaccess/store.py:832: FutureWarning: As of version 1.0, `DataGranule.size` will be accessed as an attribute; e.g. use `DataCollection.size` **not** `DataCollection.size()`
  total_size = round(sum(granule.size() for granule in granules) / 1024, 2)
/opt/miniconda3/envs/co2/lib/python3.11/site-packages/earthaccess/store.py:832: FutureWarning: As of version 1.0, `DataGranule.size` will be accessed as an attribute; e.g. use `DataCollection.size` **not** `DataCollection.size()`
  total_size = round(sum(granule.size() for granule in granules) / 1024, 2)
/opt/miniconda3/envs/co2/lib/python3.11/site-packages/earthaccess/store.py:832: FutureWarning: As of version 1.0, `DataGranule.size` will be accessed as an attribute; e.g. use `DataCollection.size` **not** `DataCollection.size()`
  total_size = round(sum(granule.size() for granule in granules) / 1024, 2)
/opt/miniconda3/envs/co2/lib/python3.11/site-packages/earthaccess/store.py:832: FutureWarning: As of version 1.0, `DataGranule.size` will be accessed as an attribute; e.g. use `DataCollection.size` **not** `DataCollection.size()`
  total_size = round(sum(granule.size() for granule in granules) / 1024, 2)
/opt/miniconda3/envs/co2/lib/python3.11/site-packages/earthaccess/store.py:832: FutureWarning: As of version 1.0, `DataGranule.size` will be accessed as an attribute; e.g. use `DataCollection.size` **not** `DataCollection.size()`
  total_size = round(sum(granule.size() for granule in granules) / 1024, 2)
/opt/miniconda3/envs/co2/lib/python3.11/site-packages/earthaccess/store.py:832: FutureWarning: As of version 1.0, `DataGranule.size` will be accessed as an attribute; e.g. use `DataCollection.size` **not** `DataCollection.size()`
  total_size = round(sum(granule.size() for granule in granules) / 1024, 2)
/opt/miniconda3/envs/co2/lib/python3.11/site-packages/earthaccess/store.py:832: FutureWarning: As of version 1.0, `DataGranule.size` will be accessed as an attribute; e.g. use `DataCollection.size` **not** `DataCollection.size()`
  total_size = round(sum(granule.size() for granule in granules) / 1024, 2)
/opt/miniconda3/envs/co2/lib/python3.11/site-packages/earthaccess/store.py:832: FutureWarning: As of version 1.0, `DataGranule.size` will be accessed as an attribute; e.g. use `DataCollection.size` **not** `DataCollection.size()`
  total_size = round(sum(granule.size() for granule in granules) / 1024, 2)
/opt/miniconda3/envs/co2/lib/python3.11/site-packages/earthaccess/store.py:832: FutureWarning: As of version 1.0, `DataGranule.size` will be accessed as an attribute; e.g. use `DataCollection.size` **not** `DataCollection.size()`
  total_size = round(sum(granule.size() for granule in granules) / 1024, 2)
/opt/miniconda3/envs/co2/lib/python3.11/site-packages/earthaccess/store.py:832: FutureWarning: As of version 1.0, `DataGranule.size` will be accessed as an attribute; e.g. use `DataCollection.size` **not** `DataCollection.size()`
  total_size = round(sum(granule.size() for granule in granules) / 1024, 2)
/opt/miniconda3/envs/co2/lib/python3.11/site-packages/earthaccess/store.py:832: FutureWarning: As of version 1.0, `DataGranule.size` will be accessed as an attribute; e.g. use `DataCollection.size` **not** `DataCollection.size()`
  total_size = round(sum(granule.size() for granule in granules) / 1024, 2)
/opt/miniconda3/envs/co2/lib/python3.11/site-packages/earthaccess/store.py:832: FutureWarning: As of version 1.0, `DataGranule.size` will be accessed as an attribute; e.g. use `DataCollection.size` **not** `DataCollection.size()`
  total_size = round(sum(granule.size() for granule in granules) / 1024, 2)
/opt/miniconda3/envs/co2/lib/python3.11/site-packages/earthaccess/store.py:832: FutureWarning: As of version 1.0, `DataGranule.size` will be accessed as an attribute; e.g. use `DataCollection.size` **not** `DataCollection.size()`
  total_size = round(sum(granule.size() for granule in granules) / 1024, 2)
/opt/miniconda3/envs/co2/lib/python3.11/site-packages/earthaccess/store.py:832: FutureWarning: As of version 1.0, `DataGranule.size` will be accessed as an attribute; e.g. use `DataCollection.size` **not** `DataCollection.size()`
  total_size = round(sum(granule.size() for granule in granules) / 1024, 2)
/opt/miniconda3/envs/co2/lib/python3.11/site-packages/earthaccess/store.py:832: FutureWarning: As of version 1.0, `DataGranule.size` will be accessed as an attribute; e.g. use `DataCollection.size` **not** `DataCollection.size()`
  total_size = round(sum(granule.size() for granule in granules) / 1024, 2)
/opt/miniconda3/envs/co2/lib/python3.11/site-packages/earthaccess/store.py:832: FutureWarning: As of version 1.0, `DataGranule.size` will be accessed as an attribute; e.g. use `DataCollection.size` **not** `DataCollection.size()`
  total_size = round(sum(granule.size() for granule in granules) / 1024, 2)
/opt/miniconda3/envs/co2/lib/python3.11/site-packages/earthaccess/store.py:832: FutureWarning: As of version 1.0, `DataGranule.size` will be accessed as an attribute; e.g. use `DataCollection.size` **not** `DataCollection.size()`
  total_size = round(sum(granule.size() for granule in granules) / 1024, 2)
/opt/miniconda3/envs/co2/lib/python3.11/site-packages/earthaccess/store.py:832: FutureWarning: As of version 1.0, `DataGranule.size` will be accessed as an attribute; e.g. use `DataCollection.size` **not** `DataCollection.size()`
  total_size = round(sum(granule.size() for granule in granules) / 1024, 2)
/opt/miniconda3/envs/co2/lib/python3.11/site-packages/earthaccess/store.py:832: FutureWarning: As of version 1.0, `DataGranule.size` will be accessed as an attribute; e.g. use `DataCollection.size` **not** `DataCollection.size()`
  total_size = round(sum(granule.size() for granule in granules) / 1024, 2)
/opt/miniconda3/envs/co2/lib/python3.11/site-packages/earthaccess/store.py:832: FutureWarning: As of version 1.0, `DataGranule.size` will be accessed as an attribute; e.g. use `DataCollection.size` **not** `DataCollection.size()`
  total_size = round(sum(granule.size() for granule in granules) / 1024, 2)
/opt/miniconda3/envs/co2/lib/python3.11/site-packages/earthaccess/store.py:832: FutureWarning: As of version 1.0, `DataGranule.size` will be accessed as an attribute; e.g. use `DataCollection.size` **not** `DataCollection.size()`
  total_size = round(sum(granule.size() for granule in granules) / 1024, 2)
/opt/miniconda3/envs/co2/lib/python3.11/site-packages/earthaccess/store.py:832: FutureWarning: As of version 1.0, `DataGranule.size` will be accessed as an attribute; e.g. use `DataCollection.size` **not** `DataCollection.size()`
  total_size = round(sum(granule.size() for granule in granules) / 1024, 2)
/opt/miniconda3/envs/co2/lib/python3.11/site-packages/earthaccess/store.py:832: FutureWarning: As of version 1.0, `DataGranule.size` will be accessed as an attribute; e.g. use `DataCollection.size` **not** `DataCollection.size()`
  total_size = round(sum(granule.size() for granule in granules) / 1024, 2)
/opt/miniconda3/envs/co2/lib/python3.11/site-packages/earthaccess/store.py:832: FutureWarning: As of version 1.0, `DataGranule.size` will be accessed as an attribute; e.g. use `DataCollection.size` **not** `DataCollection.size()`
  total_size = round(sum(granule.size() for granule in granules) / 1024, 2)
/opt/miniconda3/envs/co2/lib/python3.11/site-packages/earthaccess/store.py:832: FutureWarning: As of version 1.0, `DataGranule.size` will be accessed as an attribute; e.g. use `DataCollection.size` **not** `DataCollection.size()`
  total_size = round(sum(granule.size() for granule in granules) / 1024, 2)
/opt/miniconda3/envs/co2/lib/python3.11/site-packages/earthaccess/store.py:832: FutureWarning: As of version 1.0, `DataGranule.size` will be accessed as an attribute; e.g. use `DataCollection.size` **not** `DataCollection.size()`
  total_size = round(sum(granule.size() for granule in granules) / 1024, 2)
/opt/miniconda3/envs/co2/lib/python3.11/site-packages/earthaccess/store.py:832: FutureWarning: As of version 1.0, `DataGranule.size` will be accessed as an attribute; e.g. use `DataCollection.size` **not** `DataCollection.size()`
  total_size = round(sum(granule.size() for granule in granules) / 1024, 2)
/opt/miniconda3/envs/co2/lib/python3.11/site-packages/earthaccess/store.py:832: FutureWarning: As of version 1.0, `DataGranule.size` will be accessed as an attribute; e.g. use `DataCollection.size` **not** `DataCollection.size()`
  total_size = round(sum(granule.size() for granule in granules) / 1024, 2)
/opt/miniconda3/envs/co2/lib/python3.11/site-packages/earthaccess/store.py:832: FutureWarning: As of version 1.0, `DataGranule.size` will be accessed as an attribute; e.g. use `DataCollection.size` **not** `DataCollection.size()`
  total_size = round(sum(granule.size() for granule in granules) / 1024, 2)
/opt/miniconda3/envs/co2/lib/python3.11/site-packages/earthaccess/store.py:832: FutureWarning: As of version 1.0, `DataGranule.size` will be accessed as an attribute; e.g. use `DataCollection.size` **not** `DataCollection.size()`
  total_size = round(sum(granule.size() for granule in granules) / 1024, 2)
/opt/miniconda3/envs/co2/lib/python3.11/site-packages/earthaccess/store.py:832: FutureWarning: As of version 1.0, `DataGranule.size` will be accessed as an attribute; e.g. use `DataCollection.size` **not** `DataCollection.size()`
  total_size = round(sum(granule.size() for granule in granules) / 1024, 2)
/opt/miniconda3/envs/co2/lib/python3.11/site-packages/earthaccess/store.py:832: FutureWarning: As of version 1.0, `DataGranule.size` will be accessed as an attribute; e.g. use `DataCollection.size` **not** `DataCollection.size()`
  total_size = round(sum(granule.size() for granule in granules) / 1024, 2)
/opt/miniconda3/envs/co2/lib/python3.11/site-packages/earthaccess/store.py:832: FutureWarning: As of version 1.0, `DataGranule.size` will be accessed as an attribute; e.g. use `DataCollection.size` **not** `DataCollection.size()`
  total_size = round(sum(granule.size() for granule in granules) / 1024, 2)
/opt/miniconda3/envs/co2/lib/python3.11/site-packages/earthaccess/store.py:832: FutureWarning: As of version 1.0, `DataGranule.size` will be accessed as an attribute; e.g. use `DataCollection.size` **not** `DataCollection.size()`
  total_size = round(sum(granule.size() for granule in granules) / 1024, 2)
/opt/miniconda3/envs/co2/lib/python3.11/site-packages/earthaccess/store.py:832: FutureWarning: As of version 1.0, `DataGranule.size` will be accessed as an attribute; e.g. use `DataCollection.size` **not** `DataCollection.size()`
  total_size = round(sum(granule.size() for granule in granules) / 1024, 2)
/opt/miniconda3/envs/co2/lib/python3.11/site-packages/earthaccess/store.py:832: FutureWarning: As of version 1.0, `DataGranule.size` will be accessed as an attribute; e.g. use `DataCollection.size` **not** `DataCollection.size()`
  total_size = round(sum(granule.size() for granule in granules) / 1024, 2)
/opt/miniconda3/envs/co2/lib/python3.11/site-packages/earthaccess/store.py:832: FutureWarning: As of version 1.0, `DataGranule.size` will be accessed as an attribute; e.g. use `DataCollection.size` **not** `DataCollection.size()`
  total_size = round(sum(granule.size() for granule in granules) / 1024, 2)
/opt/miniconda3/envs/co2/lib/python3.11/site-packages/earthaccess/store.py:832: FutureWarning: As of version 1.0, `DataGranule.size` will be accessed as an attribute; e.g. use `DataCollection.size` **not** `DataCollection.size()`
  total_size = round(sum(granule.size() for granule in granules) / 1024, 2)
/opt/miniconda3/envs/co2/lib/python3.11/site-packages/earthaccess/store.py:832: FutureWarning: As of version 1.0, `DataGranule.size` will be accessed as an attribute; e.g. use `DataCollection.size` **not** `DataCollection.size()`
  total_size = round(sum(granule.size() for granule in granules) / 1024, 2)
/opt/miniconda3/envs/co2/lib/python3.11/site-packages/earthaccess/store.py:832: FutureWarning: As of version 1.0, `DataGranule.size` will be accessed as an attribute; e.g. use `DataCollection.size` **not** `DataCollection.size()`
  total_size = round(sum(granule.size() for granule in granules) / 1024, 2)
/opt/miniconda3/envs/co2/lib/python3.11/site-packages/earthaccess/store.py:832: FutureWarning: As of version 1.0, `DataGranule.size` will be accessed as an attribute; e.g. use `DataCollection.size` **not** `DataCollection.size()`
  total_size = round(sum(granule.size() for granule in granules) / 1024, 2)
/opt/miniconda3/envs/co2/lib/python3.11/site-packages/earthaccess/store.py:832: FutureWarning: As of version 1.0, `DataGranule.size` will be accessed as an attribute; e.g. use `DataCollection.size` **not** `DataCollection.size()`
  total_size = round(sum(granule.size() for granule in granules) / 1024, 2)
/opt/miniconda3/envs/co2/lib/python3.11/site-packages/earthaccess/store.py:832: FutureWarning: As of version 1.0, `DataGranule.size` will be accessed as an attribute; e.g. use `DataCollection.size` **not** `DataCollection.size()`
  total_size = round(sum(granule.size() for granule in granules) / 1024, 2)
/opt/miniconda3/envs/co2/lib/python3.11/site-packages/earthaccess/store.py:832: FutureWarning: As of version 1.0, `DataGranule.size` will be accessed as an attribute; e.g. use `DataCollection.size` **not** `DataCollection.size()`
  total_size = round(sum(granule.size() for granule in granules) / 1024, 2)
/opt/miniconda3/envs/co2/lib/python3.11/site-packages/earthaccess/store.py:832: FutureWarning: As of version 1.0, `DataGranule.size` will be accessed as an attribute; e.g. use `DataCollection.size` **not** `DataCollection.size()`
  total_size = round(sum(granule.size() for granule in granules) / 1024, 2)
/opt/miniconda3/envs/co2/lib/python3.11/site-packages/earthaccess/store.py:832: FutureWarning: As of version 1.0, `DataGranule.size` will be accessed as an attribute; e.g. use `DataCollection.size` **not** `DataCollection.size()`
  total_size = round(sum(granule.size() for granule in granules) / 1024, 2)
/opt/miniconda3/envs/co2/lib/python3.11/site-packages/earthaccess/store.py:832: FutureWarning: As of version 1.0, `DataGranule.size` will be accessed as an attribute; e.g. use `DataCollection.size` **not** `DataCollection.size()`
  total_size = round(sum(granule.size() for granule in granules) / 1024, 2)
/opt/miniconda3/envs/co2/lib/python3.11/site-packages/earthaccess/store.py:832: FutureWarning: As of version 1.0, `DataGranule.size` will be accessed as an attribute; e.g. use `DataCollection.size` **not** `DataCollection.size()`
  total_size = round(sum(granule.size() for granule in granules) / 1024, 2)
/opt/miniconda3/envs/co2/lib/python3.11/site-packages/earthaccess/store.py:832: FutureWarning: As of version 1.0, `DataGranule.size` will be accessed as an attribute; e.g. use `DataCollection.size` **not** `DataCollection.size()`
  total_size = round(sum(granule.size() for granule in granules) / 1024, 2)
/opt/miniconda3/envs/co2/lib/python3.11/site-packages/earthaccess/store.py:832: FutureWarning: As of version 1.0, `DataGranule.size` will be accessed as an attribute; e.g. use `DataCollection.size` **not** `DataCollection.size()`
  total_size = round(sum(granule.size() for granule in granules) / 1024, 2)
/opt/miniconda3/envs/co2/lib/python3.11/site-packages/earthaccess/store.py:832: FutureWarning: As of version 1.0, `DataGranule.size` will be accessed as an attribute; e.g. use `DataCollection.size` **not** `DataCollection.size()`
  total_size = round(sum(granule.size() for granule in granules) / 1024, 2)
/opt/miniconda3/envs/co2/lib/python3.11/site-packages/earthaccess/store.py:832: FutureWarning: As of version 1.0, `DataGranule.size` will be accessed as an attribute; e.g. use `DataCollection.size` **not** `DataCollection.size()`
  total_size = round(sum(granule.size() for granule in granules) / 1024, 2)
/opt/miniconda3/envs/co2/lib/python3.11/site-packages/earthaccess/store.py:832: FutureWarning: As of version 1.0, `DataGranule.size` will be accessed as an attribute; e.g. use `DataCollection.size` **not** `DataCollection.size()`
  total_size = round(sum(granule.size() for granule in granules) / 1024, 2)
/opt/miniconda3/envs/co2/lib/python3.11/site-packages/earthaccess/store.py:832: FutureWarning: As of version 1.0, `DataGranule.size` will be accessed as an attribute; e.g. use `DataCollection.size` **not** `DataCollection.size()`
  total_size = round(sum(granule.size() for granule in granules) / 1024, 2)
/opt/miniconda3/envs/co2/lib/python3.11/site-packages/earthaccess/store.py:832: FutureWarning: As of version 1.0, `DataGranule.size` will be accessed as an attribute; e.g. use `DataCollection.size` **not** `DataCollection.size()`
  total_size = round(sum(granule.size() for granule in granules) / 1024, 2)
/opt/miniconda3/envs/co2/lib/python3.11/site-packages/earthaccess/store.py:832: FutureWarning: As of version 1.0, `DataGranule.size` will be accessed as an attribute; e.g. use `DataCollection.size` **not** `DataCollection.size()`
  total_size = round(sum(granule.size() for granule in granules) / 1024, 2)
/opt/miniconda3/envs/co2/lib/python3.11/site-packages/earthaccess/store.py:832: FutureWarning: As of version 1.0, `DataGranule.size` will be accessed as an attribute; e.g. use `DataCollection.size` **not** `DataCollection.size()`
  total_size = round(sum(granule.size() for granule in granules) / 1024, 2)
/opt/miniconda3/envs/co2/lib/python3.11/site-packages/earthaccess/store.py:832: FutureWarning: As of version 1.0, `DataGranule.size` will be accessed as an attribute; e.g. use `DataCollection.size` **not** `DataCollection.size()`
  total_size = round(sum(granule.size() for granule in granules) / 1024, 2)
/opt/miniconda3/envs/co2/lib/python3.11/site-packages/earthaccess/store.py:832: FutureWarning: As of version 1.0, `DataGranule.size` will be accessed as an attribute; e.g. use `DataCollection.size` **not** `DataCollection.size()`
  total_size = round(sum(granule.size() for granule in granules) / 1024, 2)
/opt/miniconda3/envs/co2/lib/python3.11/site-packages/earthaccess/store.py:832: FutureWarning: As of version 1.0, `DataGranule.size` will be accessed as an attribute; e.g. use `DataCollection.size` **not** `DataCollection.size()`
  total_size = round(sum(granule.size() for granule in granules) / 1024, 2)
/opt/miniconda3/envs/co2/lib/python3.11/site-packages/earthaccess/store.py:832: FutureWarning: As of version 1.0, `DataGranule.size` will be accessed as an attribute; e.g. use `DataCollection.size` **not** `DataCollection.size()`
  total_size = round(sum(granule.size() for granule in granules) / 1024, 2)
/opt/miniconda3/envs/co2/lib/python3.11/site-packages/earthaccess/store.py:832: FutureWarning: As of version 1.0, `DataGranule.size` will be accessed as an attribute; e.g. use `DataCollection.size` **not** `DataCollection.size()`
  total_size = round(sum(granule.size() for granule in granules) / 1024, 2)
/opt/miniconda3/envs/co2/lib/python3.11/site-packages/earthaccess/store.py:832: FutureWarning: As of version 1.0, `DataGranule.size` will be accessed as an attribute; e.g. use `DataCollection.size` **not** `DataCollection.size()`
  total_size = round(sum(granule.size() for granule in granules) / 1024, 2)
/opt/miniconda3/envs/co2/lib/python3.11/site-packages/earthaccess/store.py:832: FutureWarning: As of version 1.0, `DataGranule.size` will be accessed as an attribute; e.g. use `DataCollection.size` **not** `DataCollection.size()`
  total_size = round(sum(granule.size() for granule in granules) / 1024, 2)
/opt/miniconda3/envs/co2/lib/python3.11/site-packages/earthaccess/store.py:832: FutureWarning: As of version 1.0, `DataGranule.size` will be accessed as an attribute; e.g. use `DataCollection.size` **not** `DataCollection.size()`
  total_size = round(sum(granule.size() for granule in granules) / 1024, 2)
/opt/miniconda3/envs/co2/lib/python3.11/site-packages/earthaccess/store.py:832: FutureWarning: As of version 1.0, `DataGranule.size` will be accessed as an attribute; e.g. use `DataCollection.size` **not** `DataCollection.size()`
  total_size = round(sum(granule.size() for granule in granules) / 1024, 2)
/opt/miniconda3/envs/co2/lib/python3.11/site-packages/earthaccess/store.py:832: FutureWarning: As of version 1.0, `DataGranule.size` will be accessed as an attribute; e.g. use `DataCollection.size` **not** `DataCollection.size()`
  total_size = round(sum(granule.size() for granule in granules) / 1024, 2)
/opt/miniconda3/envs/co2/lib/python3.11/site-packages/earthaccess/store.py:832: FutureWarning: As of version 1.0, `DataGranule.size` will be accessed as an attribute; e.g. use `DataCollection.size` **not** `DataCollection.size()`
  total_size = round(sum(granule.size() for granule in granules) / 1024, 2)
/opt/miniconda3/envs/co2/lib/python3.11/site-packages/earthaccess/store.py:832: FutureWarning: As of version 1.0, `DataGranule.size` will be accessed as an attribute; e.g. use `DataCollection.size` **not** `DataCollection.size()`
  total_size = round(sum(granule.size() for granule in granules) / 1024, 2)
/opt/miniconda3/envs/co2/lib/python3.11/site-packages/earthaccess/store.py:832: FutureWarning: As of version 1.0, `DataGranule.size` will be accessed as an attribute; e.g. use `DataCollection.size` **not** `DataCollection.size()`
  total_size = round(sum(granule.size() for granule in granules) / 1024, 2)
/opt/miniconda3/envs/co2/lib/python3.11/site-packages/earthaccess/store.py:832: FutureWarning: As of version 1.0, `DataGranule.size` will be accessed as an attribute; e.g. use `DataCollection.size` **not** `DataCollection.size()`
  total_size = round(sum(granule.size() for granule in granules) / 1024, 2)
/opt/miniconda3/envs/co2/lib/python3.11/site-packages/earthaccess/store.py:832: FutureWarning: As of version 1.0, `DataGranule.size` will be accessed as an attribute; e.g. use `DataCollection.size` **not** `DataCollection.size()`
  total_size = round(sum(granule.size() for granule in granules) / 1024, 2)
/opt/miniconda3/envs/co2/lib/python3.11/site-packages/earthaccess/store.py:832: FutureWarning: As of version 1.0, `DataGranule.size` will be accessed as an attribute; e.g. use `DataCollection.size` **not** `DataCollection.size()`
  total_size = round(sum(granule.size() for granule in granules) / 1024, 2)
/opt/miniconda3/envs/co2/lib/python3.11/site-packages/earthaccess/store.py:832: FutureWarning: As of version 1.0, `DataGranule.size` will be accessed as an attribute; e.g. use `DataCollection.size` **not** `DataCollection.size()`
  total_size = round(sum(granule.size() for granule in granules) / 1024, 2)
/opt/miniconda3/envs/co2/lib/python3.11/site-packages/earthaccess/store.py:832: FutureWarning: As of version 1.0, `DataGranule.size` will be accessed as an attribute; e.g. use `DataCollection.size` **not** `DataCollection.size()`
  total_size = round(sum(granule.size() for granule in granules) / 1024, 2)
/opt/miniconda3/envs/co2/lib/python3.11/site-packages/earthaccess/store.py:832: FutureWarning: As of version 1.0, `DataGranule.size` will be accessed as an attribute; e.g. use `DataCollection.size` **not** `DataCollection.size()`
  total_size = round(sum(granule.size() for granule in granules) / 1024, 2)
/opt/miniconda3/envs/co2/lib/python3.11/site-packages/earthaccess/store.py:832: FutureWarning: As of version 1.0, `DataGranule.size` will be accessed as an attribute; e.g. use `DataCollection.size` **not** `DataCollection.size()`
  total_size = round(sum(granule.size() for granule in granules) / 1024, 2)
/opt/miniconda3/envs/co2/lib/python3.11/site-packages/earthaccess/store.py:832: FutureWarning: As of version 1.0, `DataGranule.size` will be accessed as an attribute; e.g. use `DataCollection.size` **not** `DataCollection.size()`
  total_size = round(sum(granule.size() for granule in granules) / 1024, 2)
/opt/miniconda3/envs/co2/lib/python3.11/site-packages/earthaccess/store.py:832: FutureWarning: As of version 1.0, `DataGranule.size` will be accessed as an attribute; e.g. use `DataCollection.size` **not** `DataCollection.size()`
  total_size = round(sum(granule.size() for granule in granules) / 1024, 2)
/opt/miniconda3/envs/co2/lib/python3.11/site-packages/earthaccess/store.py:832: FutureWarning: As of version 1.0, `DataGranule.size` will be accessed as an attribute; e.g. use `DataCollection.size` **not** `DataCollection.size()`
  total_size = round(sum(granule.size() for granule in granules) / 1024, 2)
/opt/miniconda3/envs/co2/lib/python3.11/site-packages/earthaccess/store.py:832: FutureWarning: As of version 1.0, `DataGranule.size` will be accessed as an attribute; e.g. use `DataCollection.size` **not** `DataCollection.size()`
  total_size = round(sum(granule.size() for granule in granules) / 1024, 2)
/opt/miniconda3/envs/co2/lib/python3.11/site-packages/earthaccess/store.py:832: FutureWarning: As of version 1.0, `DataGranule.size` will be accessed as an attribute; e.g. use `DataCollection.size` **not** `DataCollection.size()`
  total_size = round(sum(granule.size() for granule in granules) / 1024, 2)
/opt/miniconda3/envs/co2/lib/python3.11/site-packages/earthaccess/store.py:832: FutureWarning: As of version 1.0, `DataGranule.size` will be accessed as an attribute; e.g. use `DataCollection.size` **not** `DataCollection.size()`
  total_size = round(sum(granule.size() for granule in granules) / 1024, 2)
/opt/miniconda3/envs/co2/lib/python3.11/site-packages/earthaccess/store.py:832: FutureWarning: As of version 1.0, `DataGranule.size` will be accessed as an attribute; e.g. use `DataCollection.size` **not** `DataCollection.size()`
  total_size = round(sum(granule.size() for granule in granules) / 1024, 2)
/opt/miniconda3/envs/co2/lib/python3.11/site-packages/earthaccess/store.py:832: FutureWarning: As of version 1.0, `DataGranule.size` will be accessed as an attribute; e.g. use `DataCollection.size` **not** `DataCollection.size()`
  total_size = round(sum(granule.size() for granule in granules) / 1024, 2)
/opt/miniconda3/envs/co2/lib/python3.11/site-packages/earthaccess/store.py:832: FutureWarning: As of version 1.0, `DataGranule.size` will be accessed as an attribute; e.g. use `DataCollection.size` **not** `DataCollection.size()`
  total_size = round(sum(granule.size() for granule in granules) / 1024, 2)
/opt/miniconda3/envs/co2/lib/python3.11/site-packages/earthaccess/store.py:832: FutureWarning: As of version 1.0, `DataGranule.size` will be accessed as an attribute; e.g. use `DataCollection.size` **not** `DataCollection.size()`
  total_size = round(sum(granule.size() for granule in granules) / 1024, 2)
/opt/miniconda3/envs/co2/lib/python3.11/site-packages/earthaccess/store.py:832: FutureWarning: As of version 1.0, `DataGranule.size` will be accessed as an attribute; e.g. use `DataCollection.size` **not** `DataCollection.size()`
  total_size = round(sum(granule.size() for granule in granules) / 1024, 2)
/opt/miniconda3/envs/co2/lib/python3.11/site-packages/earthaccess/store.py:832: FutureWarning: As of version 1.0, `DataGranule.size` will be accessed as an attribute; e.g. use `DataCollection.size` **not** `DataCollection.size()`
  total_size = round(sum(granule.size() for granule in granules) / 1024, 2)
/opt/miniconda3/envs/co2/lib/python3.11/site-packages/earthaccess/store.py:832: FutureWarning: As of version 1.0, `DataGranule.size` will be accessed as an attribute; e.g. use `DataCollection.size` **not** `DataCollection.size()`
  total_size = round(sum(granule.size() for granule in granules) / 1024, 2)
/opt/miniconda3/envs/co2/lib/python3.11/site-packages/earthaccess/store.py:832: FutureWarning: As of version 1.0, `DataGranule.size` will be accessed as an attribute; e.g. use `DataCollection.size` **not** `DataCollection.size()`
  total_size = round(sum(granule.size() for granule in granules) / 1024, 2)
/opt/miniconda3/envs/co2/lib/python3.11/site-packages/earthaccess/store.py:832: FutureWarning: As of version 1.0, `DataGranule.size` will be accessed as an attribute; e.g. use `DataCollection.size` **not** `DataCollection.size()`
  total_size = round(sum(granule.size() for granule in granules) / 1024, 2)
/opt/miniconda3/envs/co2/lib/python3.11/site-packages/earthaccess/store.py:832: FutureWarning: As of version 1.0, `DataGranule.size` will be accessed as an attribute; e.g. use `DataCollection.size` **not** `DataCollection.size()`
  total_size = round(sum(granule.size() for granule in granules) / 1024, 2)
/opt/miniconda3/envs/co2/lib/python3.11/site-packages/earthaccess/store.py:832: FutureWarning: As of version 1.0, `DataGranule.size` will be accessed as an attribute; e.g. use `DataCollection.size` **not** `DataCollection.size()`
  total_size = round(sum(granule.size() for granule in granules) / 1024, 2)
/opt/miniconda3/envs/co2/lib/python3.11/site-packages/earthaccess/store.py:832: FutureWarning: As of version 1.0, `DataGranule.size` will be accessed as an attribute; e.g. use `DataCollection.size` **not** `DataCollection.size()`
  total_size = round(sum(granule.size() for granule in granules) / 1024, 2)
/opt/miniconda3/envs/co2/lib/python3.11/site-packages/earthaccess/store.py:832: FutureWarning: As of version 1.0, `DataGranule.size` will be accessed as an attribute; e.g. use `DataCollection.size` **not** `DataCollection.size()`
  total_size = round(sum(granule.size() for granule in granules) / 1024, 2)
/opt/miniconda3/envs/co2/lib/python3.11/site-packages/earthaccess/store.py:832: FutureWarning: As of version 1.0, `DataGranule.size` will be accessed as an attribute; e.g. use `DataCollection.size` **not** `DataCollection.size()`
  total_size = round(sum(granule.size() for granule in granules) / 1024, 2)
/opt/miniconda3/envs/co2/lib/python3.11/site-packages/earthaccess/store.py:832: FutureWarning: As of version 1.0, `DataGranule.size` will be accessed as an attribute; e.g. use `DataCollection.size` **not** `DataCollection.size()`
  total_size = round(sum(granule.size() for granule in granules) / 1024, 2)
/opt/miniconda3/envs/co2/lib/python3.11/site-packages/earthaccess/store.py:832: FutureWarning: As of version 1.0, `DataGranule.size` will be accessed as an attribute; e.g. use `DataCollection.size` **not** `DataCollection.size()`
  total_size = round(sum(granule.size() for granule in granules) / 1024, 2)
/opt/miniconda3/envs/co2/lib/python3.11/site-packages/earthaccess/store.py:832: FutureWarning: As of version 1.0, `DataGranule.size` will be accessed as an attribute; e.g. use `DataCollection.size` **not** `DataCollection.size()`
  total_size = round(sum(granule.size() for granule in granules) / 1024, 2)
/opt/miniconda3/envs/co2/lib/python3.11/site-packages/earthaccess/store.py:832: FutureWarning: As of version 1.0, `DataGranule.size` will be accessed as an attribute; e.g. use `DataCollection.size` **not** `DataCollection.size()`
  total_size = round(sum(granule.size() for granule in granules) / 1024, 2)
/opt/miniconda3/envs/co2/lib/python3.11/site-packages/earthaccess/store.py:832: FutureWarning: As of version 1.0, `DataGranule.size` will be accessed as an attribute; e.g. use `DataCollection.size` **not** `DataCollection.size()`
  total_size = round(sum(granule.size() for granule in granules) / 1024, 2)
/opt/miniconda3/envs/co2/lib/python3.11/site-packages/earthaccess/store.py:832: FutureWarning: As of version 1.0, `DataGranule.size` will be accessed as an attribute; e.g. use `DataCollection.size` **not** `DataCollection.size()`
  total_size = round(sum(granule.size() for granule in granules) / 1024, 2)
/opt/miniconda3/envs/co2/lib/python3.11/site-packages/earthaccess/store.py:832: FutureWarning: As of version 1.0, `DataGranule.size` will be accessed as an attribute; e.g. use `DataCollection.size` **not** `DataCollection.size()`
  total_size = round(sum(granule.size() for granule in granules) / 1024, 2)
/opt/miniconda3/envs/co2/lib/python3.11/site-packages/earthaccess/store.py:832: FutureWarning: As of version 1.0, `DataGranule.size` will be accessed as an attribute; e.g. use `DataCollection.size` **not** `DataCollection.size()`
  total_size = round(sum(granule.size() for granule in granules) / 1024, 2)
/opt/miniconda3/envs/co2/lib/python3.11/site-packages/earthaccess/store.py:832: FutureWarning: As of version 1.0, `DataGranule.size` will be accessed as an attribute; e.g. use `DataCollection.size` **not** `DataCollection.size()`
  total_size = round(sum(granule.size() for granule in granules) / 1024, 2)
/opt/miniconda3/envs/co2/lib/python3.11/site-packages/earthaccess/store.py:832: FutureWarning: As of version 1.0, `DataGranule.size` will be accessed as an attribute; e.g. use `DataCollection.size` **not** `DataCollection.size()`
  total_size = round(sum(granule.size() for granule in granules) / 1024, 2)
/opt/miniconda3/envs/co2/lib/python3.11/site-packages/earthaccess/store.py:832: FutureWarning: As of version 1.0, `DataGranule.size` will be accessed as an attribute; e.g. use `DataCollection.size` **not** `DataCollection.size()`
  total_size = round(sum(granule.size() for granule in granules) / 1024, 2)
/opt/miniconda3/envs/co2/lib/python3.11/site-packages/earthaccess/store.py:832: FutureWarning: As of version 1.0, `DataGranule.size` will be accessed as an attribute; e.g. use `DataCollection.size` **not** `DataCollection.size()`
  total_size = round(sum(granule.size() for granule in granules) / 1024, 2)
/opt/miniconda3/envs/co2/lib/python3.11/site-packages/earthaccess/store.py:832: FutureWarning: As of version 1.0, `DataGranule.size` will be accessed as an attribute; e.g. use `DataCollection.size` **not** `DataCollection.size()`
  total_size = round(sum(granule.size() for granule in granules) / 1024, 2)
/opt/miniconda3/envs/co2/lib/python3.11/site-packages/earthaccess/store.py:832: FutureWarning: As of version 1.0, `DataGranule.size` will be accessed as an attribute; e.g. use `DataCollection.size` **not** `DataCollection.size()`
  total_size = round(sum(granule.size() for granule in granules) / 1024, 2)
/opt/miniconda3/envs/co2/lib/python3.11/site-packages/earthaccess/store.py:832: FutureWarning: As of version 1.0, `DataGranule.size` will be accessed as an attribute; e.g. use `DataCollection.size` **not** `DataCollection.size()`
  total_size = round(sum(granule.size() for granule in granules) / 1024, 2)
/opt/miniconda3/envs/co2/lib/python3.11/site-packages/earthaccess/store.py:832: FutureWarning: As of version 1.0, `DataGranule.size` will be accessed as an attribute; e.g. use `DataCollection.size` **not** `DataCollection.size()`
  total_size = round(sum(granule.size() for granule in granules) / 1024, 2)
/opt/miniconda3/envs/co2/lib/python3.11/site-packages/earthaccess/store.py:832: FutureWarning: As of version 1.0, `DataGranule.size` will be accessed as an attribute; e.g. use `DataCollection.size` **not** `DataCollection.size()`
  total_size = round(sum(granule.size() for granule in granules) / 1024, 2)
/opt/miniconda3/envs/co2/lib/python3.11/site-packages/earthaccess/store.py:832: FutureWarning: As of version 1.0, `DataGranule.size` will be accessed as an attribute; e.g. use `DataCollection.size` **not** `DataCollection.size()`
  total_size = round(sum(granule.size() for granule in granules) / 1024, 2)
/opt/miniconda3/envs/co2/lib/python3.11/site-packages/earthaccess/store.py:832: FutureWarning: As of version 1.0, `DataGranule.size` will be accessed as an attribute; e.g. use `DataCollection.size` **not** `DataCollection.size()`
  total_size = round(sum(granule.size() for granule in granules) / 1024, 2)
/opt/miniconda3/envs/co2/lib/python3.11/site-packages/earthaccess/store.py:832: FutureWarning: As of version 1.0, `DataGranule.size` will be accessed as an attribute; e.g. use `DataCollection.size` **not** `DataCollection.size()`
  total_size = round(sum(granule.size() for granule in granules) / 1024, 2)
/opt/miniconda3/envs/co2/lib/python3.11/site-packages/earthaccess/store.py:832: FutureWarning: As of version 1.0, `DataGranule.size` will be accessed as an attribute; e.g. use `DataCollection.size` **not** `DataCollection.size()`
  total_size = round(sum(granule.size() for granule in granules) / 1024, 2)
/opt/miniconda3/envs/co2/lib/python3.11/site-packages/earthaccess/store.py:832: FutureWarning: As of version 1.0, `DataGranule.size` will be accessed as an attribute; e.g. use `DataCollection.size` **not** `DataCollection.size()`
  total_size = round(sum(granule.size() for granule in granules) / 1024, 2)
/opt/miniconda3/envs/co2/lib/python3.11/site-packages/earthaccess/store.py:832: FutureWarning: As of version 1.0, `DataGranule.size` will be accessed as an attribute; e.g. use `DataCollection.size` **not** `DataCollection.size()`
  total_size = round(sum(granule.size() for granule in granules) / 1024, 2)
/opt/miniconda3/envs/co2/lib/python3.11/site-packages/earthaccess/store.py:832: FutureWarning: As of version 1.0, `DataGranule.size` will be accessed as an attribute; e.g. use `DataCollection.size` **not** `DataCollection.size()`
  total_size = round(sum(granule.size() for granule in granules) / 1024, 2)
/opt/miniconda3/envs/co2/lib/python3.11/site-packages/earthaccess/store.py:832: FutureWarning: As of version 1.0, `DataGranule.size` will be accessed as an attribute; e.g. use `DataCollection.size` **not** `DataCollection.size()`
  total_size = round(sum(granule.size() for granule in granules) / 1024, 2)
/opt/miniconda3/envs/co2/lib/python3.11/site-packages/earthaccess/store.py:832: FutureWarning: As of version 1.0, `DataGranule.size` will be accessed as an attribute; e.g. use `DataCollection.size` **not** `DataCollection.size()`
  total_size = round(sum(granule.size() for granule in granules) / 1024, 2)
/opt/miniconda3/envs/co2/lib/python3.11/site-packages/earthaccess/store.py:832: FutureWarning: As of version 1.0, `DataGranule.size` will be accessed as an attribute; e.g. use `DataCollection.size` **not** `DataCollection.size()`
  total_size = round(sum(granule.size() for granule in granules) / 1024, 2)
/opt/miniconda3/envs/co2/lib/python3.11/site-packages/earthaccess/store.py:832: FutureWarning: As of version 1.0, `DataGranule.size` will be accessed as an attribute; e.g. use `DataCollection.size` **not** `DataCollection.size()`
  total_size = round(sum(granule.size() for granule in granules) / 1024, 2)
/opt/miniconda3/envs/co2/lib/python3.11/site-packages/earthaccess/store.py:832: FutureWarning: As of version 1.0, `DataGranule.size` will be accessed as an attribute; e.g. use `DataCollection.size` **not** `DataCollection.size()`
  total_size = round(sum(granule.size() for granule in granules) / 1024, 2)
/opt/miniconda3/envs/co2/lib/python3.11/site-packages/earthaccess/store.py:832: FutureWarning: As of version 1.0, `DataGranule.size` will be accessed as an attribute; e.g. use `DataCollection.size` **not** `DataCollection.size()`
  total_size = round(sum(granule.size() for granule in granules) / 1024, 2)
/opt/miniconda3/envs/co2/lib/python3.11/site-packages/earthaccess/store.py:832: FutureWarning: As of version 1.0, `DataGranule.size` will be accessed as an attribute; e.g. use `DataCollection.size` **not** `DataCollection.size()`
  total_size = round(sum(granule.size() for granule in granules) / 1024, 2)
/opt/miniconda3/envs/co2/lib/python3.11/site-packages/earthaccess/store.py:832: FutureWarning: As of version 1.0, `DataGranule.size` will be accessed as an attribute; e.g. use `DataCollection.size` **not** `DataCollection.size()`
  total_size = round(sum(granule.size() for granule in granules) / 1024, 2)
/opt/miniconda3/envs/co2/lib/python3.11/site-packages/earthaccess/store.py:832: FutureWarning: As of version 1.0, `DataGranule.size` will be accessed as an attribute; e.g. use `DataCollection.size` **not** `DataCollection.size()`
  total_size = round(sum(granule.size() for granule in granules) / 1024, 2)
/opt/miniconda3/envs/co2/lib/python3.11/multiprocessing/resource_tracker.py:254: UserWarning: resource_tracker: There appear to be 1 leaked semaphore objects to clean up at shutdown
  warnings.warn('resource_tracker: There appear to be %d '
/opt/miniconda3/envs/co2/lib/python3.11/site-packages/earthaccess/results.py:343: FutureWarning: As of version 1.0, `DataGranule.size` will be accessed as an attribute; e.g. use `DataCollection.size` **not** `DataCollection.size()`
  self["size"] = self.size()
/opt/miniconda3/envs/co2/lib/python3.11/site-packages/earthaccess/store.py:832: FutureWarning: As of version 1.0, `DataGranule.size` will be accessed as an attribute; e.g. use `DataCollection.size` **not** `DataCollection.size()`
  total_size = round(sum(granule.size() for granule in granules) / 1024, 2)
/opt/miniconda3/envs/co2/lib/python3.11/site-packages/earthaccess/store.py:832: FutureWarning: As of version 1.0, `DataGranule.size` will be accessed as an attribute; e.g. use `DataCollection.size` **not** `DataCollection.size()`
  total_size = round(sum(granule.size() for granule in granules) / 1024, 2)
/opt/miniconda3/envs/co2/lib/python3.11/site-packages/earthaccess/store.py:832: FutureWarning: As of version 1.0, `DataGranule.size` will be accessed as an attribute; e.g. use `DataCollection.size` **not** `DataCollection.size()`
  total_size = round(sum(granule.size() for granule in granules) / 1024, 2)
/opt/miniconda3/envs/co2/lib/python3.11/site-packages/earthaccess/store.py:832: FutureWarning: As of version 1.0, `DataGranule.size` will be accessed as an attribute; e.g. use `DataCollection.size` **not** `DataCollection.size()`
  total_size = round(sum(granule.size() for granule in granules) / 1024, 2)
/opt/miniconda3/envs/co2/lib/python3.11/site-packages/earthaccess/store.py:832: FutureWarning: As of version 1.0, `DataGranule.size` will be accessed as an attribute; e.g. use `DataCollection.size` **not** `DataCollection.size()`
  total_size = round(sum(granule.size() for granule in granules) / 1024, 2)
/opt/miniconda3/envs/co2/lib/python3.11/site-packages/earthaccess/store.py:832: FutureWarning: As of version 1.0, `DataGranule.size` will be accessed as an attribute; e.g. use `DataCollection.size` **not** `DataCollection.size()`
  total_size = round(sum(granule.size() for granule in granules) / 1024, 2)
/opt/miniconda3/envs/co2/lib/python3.11/site-packages/earthaccess/store.py:832: FutureWarning: As of version 1.0, `DataGranule.size` will be accessed as an attribute; e.g. use `DataCollection.size` **not** `DataCollection.size()`
  total_size = round(sum(granule.size() for granule in granules) / 1024, 2)
/opt/miniconda3/envs/co2/lib/python3.11/site-packages/earthaccess/store.py:832: FutureWarning: As of version 1.0, `DataGranule.size` will be accessed as an attribute; e.g. use `DataCollection.size` **not** `DataCollection.size()`
  total_size = round(sum(granule.size() for granule in granules) / 1024, 2)
/opt/miniconda3/envs/co2/lib/python3.11/site-packages/earthaccess/store.py:832: FutureWarning: As of version 1.0, `DataGranule.size` will be accessed as an attribute; e.g. use `DataCollection.size` **not** `DataCollection.size()`
  total_size = round(sum(granule.size() for granule in granules) / 1024, 2)
/opt/miniconda3/envs/co2/lib/python3.11/site-packages/earthaccess/store.py:832: FutureWarning: As of version 1.0, `DataGranule.size` will be accessed as an attribute; e.g. use `DataCollection.size` **not** `DataCollection.size()`
  total_size = round(sum(granule.size() for granule in granules) / 1024, 2)
/opt/miniconda3/envs/co2/lib/python3.11/site-packages/earthaccess/store.py:832: FutureWarning: As of version 1.0, `DataGranule.size` will be accessed as an attribute; e.g. use `DataCollection.size` **not** `DataCollection.size()`
  total_size = round(sum(granule.size() for granule in granules) / 1024, 2)
/opt/miniconda3/envs/co2/lib/python3.11/site-packages/earthaccess/store.py:832: FutureWarning: As of version 1.0, `DataGranule.size` will be accessed as an attribute; e.g. use `DataCollection.size` **not** `DataCollection.size()`
  total_size = round(sum(granule.size() for granule in granules) / 1024, 2)
/opt/miniconda3/envs/co2/lib/python3.11/site-packages/earthaccess/store.py:832: FutureWarning: As of version 1.0, `DataGranule.size` will be accessed as an attribute; e.g. use `DataCollection.size` **not** `DataCollection.size()`
  total_size = round(sum(granule.size() for granule in granules) / 1024, 2)
/opt/miniconda3/envs/co2/lib/python3.11/site-packages/earthaccess/store.py:832: FutureWarning: As of version 1.0, `DataGranule.size` will be accessed as an attribute; e.g. use `DataCollection.size` **not** `DataCollection.size()`
  total_size = round(sum(granule.size() for granule in granules) / 1024, 2)
/opt/miniconda3/envs/co2/lib/python3.11/multiprocessing/resource_tracker.py:254: UserWarning: resource_tracker: There appear to be 1 leaked semaphore objects to clean up at shutdown
  warnings.warn('resource_tracker: There appear to be %d '
/opt/miniconda3/envs/co2/lib/python3.11/site-packages/earthaccess/results.py:343: FutureWarning: As of version 1.0, `DataGranule.size` will be accessed as an attribute; e.g. use `DataCollection.size` **not** `DataCollection.size()`
  self["size"] = self.size()
/opt/miniconda3/envs/co2/lib/python3.11/site-packages/earthaccess/store.py:832: FutureWarning: As of version 1.0, `DataGranule.size` will be accessed as an attribute; e.g. use `DataCollection.size` **not** `DataCollection.size()`
  total_size = round(sum(granule.size() for granule in granules) / 1024, 2)
/opt/miniconda3/envs/co2/lib/python3.11/site-packages/earthaccess/store.py:832: FutureWarning: As of version 1.0, `DataGranule.size` will be accessed as an attribute; e.g. use `DataCollection.size` **not** `DataCollection.size()`
  total_size = round(sum(granule.size() for granule in granules) / 1024, 2)
/opt/miniconda3/envs/co2/lib/python3.11/site-packages/earthaccess/store.py:832: FutureWarning: As of version 1.0, `DataGranule.size` will be accessed as an attribute; e.g. use `DataCollection.size` **not** `DataCollection.size()`
  total_size = round(sum(granule.size() for granule in granules) / 1024, 2)
/opt/miniconda3/envs/co2/lib/python3.11/site-packages/earthaccess/store.py:832: FutureWarning: As of version 1.0, `DataGranule.size` will be accessed as an attribute; e.g. use `DataCollection.size` **not** `DataCollection.size()`
  total_size = round(sum(granule.size() for granule in granules) / 1024, 2)
/opt/miniconda3/envs/co2/lib/python3.11/site-packages/earthaccess/store.py:832: FutureWarning: As of version 1.0, `DataGranule.size` will be accessed as an attribute; e.g. use `DataCollection.size` **not** `DataCollection.size()`
  total_size = round(sum(granule.size() for granule in granules) / 1024, 2)
/opt/miniconda3/envs/co2/lib/python3.11/site-packages/earthaccess/store.py:832: FutureWarning: As of version 1.0, `DataGranule.size` will be accessed as an attribute; e.g. use `DataCollection.size` **not** `DataCollection.size()`
  total_size = round(sum(granule.size() for granule in granules) / 1024, 2)
/opt/miniconda3/envs/co2/lib/python3.11/site-packages/earthaccess/store.py:832: FutureWarning: As of version 1.0, `DataGranule.size` will be accessed as an attribute; e.g. use `DataCollection.size` **not** `DataCollection.size()`
  total_size = round(sum(granule.size() for granule in granules) / 1024, 2)
/opt/miniconda3/envs/co2/lib/python3.11/site-packages/earthaccess/store.py:832: FutureWarning: As of version 1.0, `DataGranule.size` will be accessed as an attribute; e.g. use `DataCollection.size` **not** `DataCollection.size()`
  total_size = round(sum(granule.size() for granule in granules) / 1024, 2)
/opt/miniconda3/envs/co2/lib/python3.11/site-packages/earthaccess/store.py:832: FutureWarning: As of version 1.0, `DataGranule.size` will be accessed as an attribute; e.g. use `DataCollection.size` **not** `DataCollection.size()`
  total_size = round(sum(granule.size() for granule in granules) / 1024, 2)
/opt/miniconda3/envs/co2/lib/python3.11/site-packages/earthaccess/store.py:832: FutureWarning: As of version 1.0, `DataGranule.size` will be accessed as an attribute; e.g. use `DataCollection.size` **not** `DataCollection.size()`
  total_size = round(sum(granule.size() for granule in granules) / 1024, 2)
/opt/miniconda3/envs/co2/lib/python3.11/site-packages/earthaccess/store.py:832: FutureWarning: As of version 1.0, `DataGranule.size` will be accessed as an attribute; e.g. use `DataCollection.size` **not** `DataCollection.size()`
  total_size = round(sum(granule.size() for granule in granules) / 1024, 2)
/opt/miniconda3/envs/co2/lib/python3.11/site-packages/earthaccess/store.py:832: FutureWarning: As of version 1.0, `DataGranule.size` will be accessed as an attribute; e.g. use `DataCollection.size` **not** `DataCollection.size()`
  total_size = round(sum(granule.size() for granule in granules) / 1024, 2)
/opt/miniconda3/envs/co2/lib/python3.11/site-packages/earthaccess/store.py:832: FutureWarning: As of version 1.0, `DataGranule.size` will be accessed as an attribute; e.g. use `DataCollection.size` **not** `DataCollection.size()`
  total_size = round(sum(granule.size() for granule in granules) / 1024, 2)
/opt/miniconda3/envs/co2/lib/python3.11/site-packages/earthaccess/store.py:832: FutureWarning: As of version 1.0, `DataGranule.size` will be accessed as an attribute; e.g. use `DataCollection.size` **not** `DataCollection.size()`
  total_size = round(sum(granule.size() for granule in granules) / 1024, 2)
/opt/miniconda3/envs/co2/lib/python3.11/site-packages/earthaccess/store.py:832: FutureWarning: As of version 1.0, `DataGranule.size` will be accessed as an attribute; e.g. use `DataCollection.size` **not** `DataCollection.size()`
  total_size = round(sum(granule.size() for granule in granules) / 1024, 2)
/opt/miniconda3/envs/co2/lib/python3.11/site-packages/earthaccess/store.py:832: FutureWarning: As of version 1.0, `DataGranule.size` will be accessed as an attribute; e.g. use `DataCollection.size` **not** `DataCollection.size()`
  total_size = round(sum(granule.size() for granule in granules) / 1024, 2)
/opt/miniconda3/envs/co2/lib/python3.11/site-packages/earthaccess/store.py:832: FutureWarning: As of version 1.0, `DataGranule.size` will be accessed as an attribute; e.g. use `DataCollection.size` **not** `DataCollection.size()`
  total_size = round(sum(granule.size() for granule in granules) / 1024, 2)
/opt/miniconda3/envs/co2/lib/python3.11/site-packages/earthaccess/store.py:832: FutureWarning: As of version 1.0, `DataGranule.size` will be accessed as an attribute; e.g. use `DataCollection.size` **not** `DataCollection.size()`
  total_size = round(sum(granule.size() for granule in granules) / 1024, 2)
/opt/miniconda3/envs/co2/lib/python3.11/site-packages/earthaccess/store.py:832: FutureWarning: As of version 1.0, `DataGranule.size` will be accessed as an attribute; e.g. use `DataCollection.size` **not** `DataCollection.size()`
  total_size = round(sum(granule.size() for granule in granules) / 1024, 2)
/opt/miniconda3/envs/co2/lib/python3.11/site-packages/earthaccess/store.py:832: FutureWarning: As of version 1.0, `DataGranule.size` will be accessed as an attribute; e.g. use `DataCollection.size` **not** `DataCollection.size()`
  total_size = round(sum(granule.size() for granule in granules) / 1024, 2)
/opt/miniconda3/envs/co2/lib/python3.11/site-packages/earthaccess/store.py:832: FutureWarning: As of version 1.0, `DataGranule.size` will be accessed as an attribute; e.g. use `DataCollection.size` **not** `DataCollection.size()`
  total_size = round(sum(granule.size() for granule in granules) / 1024, 2)
/opt/miniconda3/envs/co2/lib/python3.11/site-packages/earthaccess/store.py:832: FutureWarning: As of version 1.0, `DataGranule.size` will be accessed as an attribute; e.g. use `DataCollection.size` **not** `DataCollection.size()`
  total_size = round(sum(granule.size() for granule in granules) / 1024, 2)
/opt/miniconda3/envs/co2/lib/python3.11/site-packages/earthaccess/store.py:832: FutureWarning: As of version 1.0, `DataGranule.size` will be accessed as an attribute; e.g. use `DataCollection.size` **not** `DataCollection.size()`
  total_size = round(sum(granule.size() for granule in granules) / 1024, 2)
/opt/miniconda3/envs/co2/lib/python3.11/site-packages/earthaccess/store.py:832: FutureWarning: As of version 1.0, `DataGranule.size` will be accessed as an attribute; e.g. use `DataCollection.size` **not** `DataCollection.size()`
  total_size = round(sum(granule.size() for granule in granules) / 1024, 2)
/opt/miniconda3/envs/co2/lib/python3.11/site-packages/earthaccess/store.py:832: FutureWarning: As of version 1.0, `DataGranule.size` will be accessed as an attribute; e.g. use `DataCollection.size` **not** `DataCollection.size()`
  total_size = round(sum(granule.size() for granule in granules) / 1024, 2)
/opt/miniconda3/envs/co2/lib/python3.11/site-packages/earthaccess/store.py:832: FutureWarning: As of version 1.0, `DataGranule.size` will be accessed as an attribute; e.g. use `DataCollection.size` **not** `DataCollection.size()`
  total_size = round(sum(granule.size() for granule in granules) / 1024, 2)
/opt/miniconda3/envs/co2/lib/python3.11/site-packages/earthaccess/store.py:832: FutureWarning: As of version 1.0, `DataGranule.size` will be accessed as an attribute; e.g. use `DataCollection.size` **not** `DataCollection.size()`
  total_size = round(sum(granule.size() for granule in granules) / 1024, 2)
/opt/miniconda3/envs/co2/lib/python3.11/site-packages/earthaccess/store.py:832: FutureWarning: As of version 1.0, `DataGranule.size` will be accessed as an attribute; e.g. use `DataCollection.size` **not** `DataCollection.size()`
  total_size = round(sum(granule.size() for granule in granules) / 1024, 2)
/opt/miniconda3/envs/co2/lib/python3.11/site-packages/earthaccess/store.py:832: FutureWarning: As of version 1.0, `DataGranule.size` will be accessed as an attribute; e.g. use `DataCollection.size` **not** `DataCollection.size()`
  total_size = round(sum(granule.size() for granule in granules) / 1024, 2)
/opt/miniconda3/envs/co2/lib/python3.11/site-packages/earthaccess/store.py:832: FutureWarning: As of version 1.0, `DataGranule.size` will be accessed as an attribute; e.g. use `DataCollection.size` **not** `DataCollection.size()`
  total_size = round(sum(granule.size() for granule in granules) / 1024, 2)
/opt/miniconda3/envs/co2/lib/python3.11/site-packages/earthaccess/store.py:832: FutureWarning: As of version 1.0, `DataGranule.size` will be accessed as an attribute; e.g. use `DataCollection.size` **not** `DataCollection.size()`
  total_size = round(sum(granule.size() for granule in granules) / 1024, 2)
/opt/miniconda3/envs/co2/lib/python3.11/site-packages/earthaccess/store.py:832: FutureWarning: As of version 1.0, `DataGranule.size` will be accessed as an attribute; e.g. use `DataCollection.size` **not** `DataCollection.size()`
  total_size = round(sum(granule.size() for granule in granules) / 1024, 2)
/opt/miniconda3/envs/co2/lib/python3.11/site-packages/earthaccess/store.py:832: FutureWarning: As of version 1.0, `DataGranule.size` will be accessed as an attribute; e.g. use `DataCollection.size` **not** `DataCollection.size()`
  total_size = round(sum(granule.size() for granule in granules) / 1024, 2)
/opt/miniconda3/envs/co2/lib/python3.11/site-packages/earthaccess/store.py:832: FutureWarning: As of version 1.0, `DataGranule.size` will be accessed as an attribute; e.g. use `DataCollection.size` **not** `DataCollection.size()`
  total_size = round(sum(granule.size() for granule in granules) / 1024, 2)
/opt/miniconda3/envs/co2/lib/python3.11/site-packages/earthaccess/store.py:832: FutureWarning: As of version 1.0, `DataGranule.size` will be accessed as an attribute; e.g. use `DataCollection.size` **not** `DataCollection.size()`
  total_size = round(sum(granule.size() for granule in granules) / 1024, 2)
/opt/miniconda3/envs/co2/lib/python3.11/site-packages/earthaccess/store.py:832: FutureWarning: As of version 1.0, `DataGranule.size` will be accessed as an attribute; e.g. use `DataCollection.size` **not** `DataCollection.size()`
  total_size = round(sum(granule.size() for granule in granules) / 1024, 2)
/opt/miniconda3/envs/co2/lib/python3.11/site-packages/earthaccess/store.py:832: FutureWarning: As of version 1.0, `DataGranule.size` will be accessed as an attribute; e.g. use `DataCollection.size` **not** `DataCollection.size()`
  total_size = round(sum(granule.size() for granule in granules) / 1024, 2)
/opt/miniconda3/envs/co2/lib/python3.11/site-packages/earthaccess/store.py:832: FutureWarning: As of version 1.0, `DataGranule.size` will be accessed as an attribute; e.g. use `DataCollection.size` **not** `DataCollection.size()`
  total_size = round(sum(granule.size() for granule in granules) / 1024, 2)
/opt/miniconda3/envs/co2/lib/python3.11/site-packages/earthaccess/store.py:832: FutureWarning: As of version 1.0, `DataGranule.size` will be accessed as an attribute; e.g. use `DataCollection.size` **not** `DataCollection.size()`
  total_size = round(sum(granule.size() for granule in granules) / 1024, 2)
/opt/miniconda3/envs/co2/lib/python3.11/site-packages/earthaccess/store.py:832: FutureWarning: As of version 1.0, `DataGranule.size` will be accessed as an attribute; e.g. use `DataCollection.size` **not** `DataCollection.size()`
  total_size = round(sum(granule.size() for granule in granules) / 1024, 2)
/opt/miniconda3/envs/co2/lib/python3.11/site-packages/earthaccess/store.py:832: FutureWarning: As of version 1.0, `DataGranule.size` will be accessed as an attribute; e.g. use `DataCollection.size` **not** `DataCollection.size()`
  total_size = round(sum(granule.size() for granule in granules) / 1024, 2)
/opt/miniconda3/envs/co2/lib/python3.11/site-packages/earthaccess/store.py:832: FutureWarning: As of version 1.0, `DataGranule.size` will be accessed as an attribute; e.g. use `DataCollection.size` **not** `DataCollection.size()`
  total_size = round(sum(granule.size() for granule in granules) / 1024, 2)
/opt/miniconda3/envs/co2/lib/python3.11/site-packages/earthaccess/store.py:832: FutureWarning: As of version 1.0, `DataGranule.size` will be accessed as an attribute; e.g. use `DataCollection.size` **not** `DataCollection.size()`
  total_size = round(sum(granule.size() for granule in granules) / 1024, 2)
/opt/miniconda3/envs/co2/lib/python3.11/site-packages/earthaccess/store.py:832: FutureWarning: As of version 1.0, `DataGranule.size` will be accessed as an attribute; e.g. use `DataCollection.size` **not** `DataCollection.size()`
  total_size = round(sum(granule.size() for granule in granules) / 1024, 2)
/opt/miniconda3/envs/co2/lib/python3.11/site-packages/earthaccess/store.py:832: FutureWarning: As of version 1.0, `DataGranule.size` will be accessed as an attribute; e.g. use `DataCollection.size` **not** `DataCollection.size()`
  total_size = round(sum(granule.size() for granule in granules) / 1024, 2)
/opt/miniconda3/envs/co2/lib/python3.11/site-packages/earthaccess/store.py:832: FutureWarning: As of version 1.0, `DataGranule.size` will be accessed as an attribute; e.g. use `DataCollection.size` **not** `DataCollection.size()`
  total_size = round(sum(granule.size() for granule in granules) / 1024, 2)
/opt/miniconda3/envs/co2/lib/python3.11/site-packages/earthaccess/store.py:832: FutureWarning: As of version 1.0, `DataGranule.size` will be accessed as an attribute; e.g. use `DataCollection.size` **not** `DataCollection.size()`
  total_size = round(sum(granule.size() for granule in granules) / 1024, 2)
/opt/miniconda3/envs/co2/lib/python3.11/site-packages/earthaccess/store.py:832: FutureWarning: As of version 1.0, `DataGranule.size` will be accessed as an attribute; e.g. use `DataCollection.size` **not** `DataCollection.size()`
  total_size = round(sum(granule.size() for granule in granules) / 1024, 2)
/opt/miniconda3/envs/co2/lib/python3.11/site-packages/earthaccess/store.py:832: FutureWarning: As of version 1.0, `DataGranule.size` will be accessed as an attribute; e.g. use `DataCollection.size` **not** `DataCollection.size()`
  total_size = round(sum(granule.size() for granule in granules) / 1024, 2)
/opt/miniconda3/envs/co2/lib/python3.11/site-packages/earthaccess/store.py:832: FutureWarning: As of version 1.0, `DataGranule.size` will be accessed as an attribute; e.g. use `DataCollection.size` **not** `DataCollection.size()`
  total_size = round(sum(granule.size() for granule in granules) / 1024, 2)
/opt/miniconda3/envs/co2/lib/python3.11/site-packages/earthaccess/store.py:832: FutureWarning: As of version 1.0, `DataGranule.size` will be accessed as an attribute; e.g. use `DataCollection.size` **not** `DataCollection.size()`
  total_size = round(sum(granule.size() for granule in granules) / 1024, 2)
/opt/miniconda3/envs/co2/lib/python3.11/site-packages/earthaccess/store.py:832: FutureWarning: As of version 1.0, `DataGranule.size` will be accessed as an attribute; e.g. use `DataCollection.size` **not** `DataCollection.size()`
  total_size = round(sum(granule.size() for granule in granules) / 1024, 2)
/opt/miniconda3/envs/co2/lib/python3.11/site-packages/earthaccess/store.py:832: FutureWarning: As of version 1.0, `DataGranule.size` will be accessed as an attribute; e.g. use `DataCollection.size` **not** `DataCollection.size()`
  total_size = round(sum(granule.size() for granule in granules) / 1024, 2)
/opt/miniconda3/envs/co2/lib/python3.11/site-packages/earthaccess/store.py:832: FutureWarning: As of version 1.0, `DataGranule.size` will be accessed as an attribute; e.g. use `DataCollection.size` **not** `DataCollection.size()`
  total_size = round(sum(granule.size() for granule in granules) / 1024, 2)
/opt/miniconda3/envs/co2/lib/python3.11/site-packages/earthaccess/store.py:832: FutureWarning: As of version 1.0, `DataGranule.size` will be accessed as an attribute; e.g. use `DataCollection.size` **not** `DataCollection.size()`
  total_size = round(sum(granule.size() for granule in granules) / 1024, 2)
/opt/miniconda3/envs/co2/lib/python3.11/site-packages/earthaccess/store.py:832: FutureWarning: As of version 1.0, `DataGranule.size` will be accessed as an attribute; e.g. use `DataCollection.size` **not** `DataCollection.size()`
  total_size = round(sum(granule.size() for granule in granules) / 1024, 2)
/opt/miniconda3/envs/co2/lib/python3.11/site-packages/earthaccess/store.py:832: FutureWarning: As of version 1.0, `DataGranule.size` will be accessed as an attribute; e.g. use `DataCollection.size` **not** `DataCollection.size()`
  total_size = round(sum(granule.size() for granule in granules) / 1024, 2)
/opt/miniconda3/envs/co2/lib/python3.11/site-packages/earthaccess/store.py:832: FutureWarning: As of version 1.0, `DataGranule.size` will be accessed as an attribute; e.g. use `DataCollection.size` **not** `DataCollection.size()`
  total_size = round(sum(granule.size() for granule in granules) / 1024, 2)
/opt/miniconda3/envs/co2/lib/python3.11/site-packages/earthaccess/store.py:832: FutureWarning: As of version 1.0, `DataGranule.size` will be accessed as an attribute; e.g. use `DataCollection.size` **not** `DataCollection.size()`
  total_size = round(sum(granule.size() for granule in granules) / 1024, 2)
/opt/miniconda3/envs/co2/lib/python3.11/site-packages/earthaccess/store.py:832: FutureWarning: As of version 1.0, `DataGranule.size` will be accessed as an attribute; e.g. use `DataCollection.size` **not** `DataCollection.size()`
  total_size = round(sum(granule.size() for granule in granules) / 1024, 2)
/opt/miniconda3/envs/co2/lib/python3.11/site-packages/earthaccess/store.py:832: FutureWarning: As of version 1.0, `DataGranule.size` will be accessed as an attribute; e.g. use `DataCollection.size` **not** `DataCollection.size()`
  total_size = round(sum(granule.size() for granule in granules) / 1024, 2)
/opt/miniconda3/envs/co2/lib/python3.11/site-packages/earthaccess/store.py:832: FutureWarning: As of version 1.0, `DataGranule.size` will be accessed as an attribute; e.g. use `DataCollection.size` **not** `DataCollection.size()`
  total_size = round(sum(granule.size() for granule in granules) / 1024, 2)
/opt/miniconda3/envs/co2/lib/python3.11/site-packages/earthaccess/store.py:832: FutureWarning: As of version 1.0, `DataGranule.size` will be accessed as an attribute; e.g. use `DataCollection.size` **not** `DataCollection.size()`
  total_size = round(sum(granule.size() for granule in granules) / 1024, 2)
/opt/miniconda3/envs/co2/lib/python3.11/site-packages/earthaccess/store.py:832: FutureWarning: As of version 1.0, `DataGranule.size` will be accessed as an attribute; e.g. use `DataCollection.size` **not** `DataCollection.size()`
  total_size = round(sum(granule.size() for granule in granules) / 1024, 2)
/opt/miniconda3/envs/co2/lib/python3.11/site-packages/earthaccess/store.py:832: FutureWarning: As of version 1.0, `DataGranule.size` will be accessed as an attribute; e.g. use `DataCollection.size` **not** `DataCollection.size()`
  total_size = round(sum(granule.size() for granule in granules) / 1024, 2)
/opt/miniconda3/envs/co2/lib/python3.11/site-packages/earthaccess/store.py:832: FutureWarning: As of version 1.0, `DataGranule.size` will be accessed as an attribute; e.g. use `DataCollection.size` **not** `DataCollection.size()`
  total_size = round(sum(granule.size() for granule in granules) / 1024, 2)
/opt/miniconda3/envs/co2/lib/python3.11/site-packages/earthaccess/store.py:832: FutureWarning: As of version 1.0, `DataGranule.size` will be accessed as an attribute; e.g. use `DataCollection.size` **not** `DataCollection.size()`
  total_size = round(sum(granule.size() for granule in granules) / 1024, 2)
/opt/miniconda3/envs/co2/lib/python3.11/site-packages/earthaccess/store.py:832: FutureWarning: As of version 1.0, `DataGranule.size` will be accessed as an attribute; e.g. use `DataCollection.size` **not** `DataCollection.size()`
  total_size = round(sum(granule.size() for granule in granules) / 1024, 2)
/opt/miniconda3/envs/co2/lib/python3.11/site-packages/earthaccess/store.py:832: FutureWarning: As of version 1.0, `DataGranule.size` will be accessed as an attribute; e.g. use `DataCollection.size` **not** `DataCollection.size()`
  total_size = round(sum(granule.size() for granule in granules) / 1024, 2)
/opt/miniconda3/envs/co2/lib/python3.11/site-packages/earthaccess/store.py:832: FutureWarning: As of version 1.0, `DataGranule.size` will be accessed as an attribute; e.g. use `DataCollection.size` **not** `DataCollection.size()`
  total_size = round(sum(granule.size() for granule in granules) / 1024, 2)
/opt/miniconda3/envs/co2/lib/python3.11/site-packages/earthaccess/store.py:832: FutureWarning: As of version 1.0, `DataGranule.size` will be accessed as an attribute; e.g. use `DataCollection.size` **not** `DataCollection.size()`
  total_size = round(sum(granule.size() for granule in granules) / 1024, 2)
/opt/miniconda3/envs/co2/lib/python3.11/site-packages/earthaccess/store.py:832: FutureWarning: As of version 1.0, `DataGranule.size` will be accessed as an attribute; e.g. use `DataCollection.size` **not** `DataCollection.size()`
  total_size = round(sum(granule.size() for granule in granules) / 1024, 2)
/opt/miniconda3/envs/co2/lib/python3.11/site-packages/earthaccess/store.py:832: FutureWarning: As of version 1.0, `DataGranule.size` will be accessed as an attribute; e.g. use `DataCollection.size` **not** `DataCollection.size()`
  total_size = round(sum(granule.size() for granule in granules) / 1024, 2)
/opt/miniconda3/envs/co2/lib/python3.11/site-packages/earthaccess/store.py:832: FutureWarning: As of version 1.0, `DataGranule.size` will be accessed as an attribute; e.g. use `DataCollection.size` **not** `DataCollection.size()`
  total_size = round(sum(granule.size() for granule in granules) / 1024, 2)
/opt/miniconda3/envs/co2/lib/python3.11/site-packages/earthaccess/store.py:832: FutureWarning: As of version 1.0, `DataGranule.size` will be accessed as an attribute; e.g. use `DataCollection.size` **not** `DataCollection.size()`
  total_size = round(sum(granule.size() for granule in granules) / 1024, 2)
/opt/miniconda3/envs/co2/lib/python3.11/site-packages/earthaccess/store.py:832: FutureWarning: As of version 1.0, `DataGranule.size` will be accessed as an attribute; e.g. use `DataCollection.size` **not** `DataCollection.size()`
  total_size = round(sum(granule.size() for granule in granules) / 1024, 2)
/opt/miniconda3/envs/co2/lib/python3.11/site-packages/earthaccess/store.py:832: FutureWarning: As of version 1.0, `DataGranule.size` will be accessed as an attribute; e.g. use `DataCollection.size` **not** `DataCollection.size()`
  total_size = round(sum(granule.size() for granule in granules) / 1024, 2)
/opt/miniconda3/envs/co2/lib/python3.11/site-packages/earthaccess/store.py:832: FutureWarning: As of version 1.0, `DataGranule.size` will be accessed as an attribute; e.g. use `DataCollection.size` **not** `DataCollection.size()`
  total_size = round(sum(granule.size() for granule in granules) / 1024, 2)
/opt/miniconda3/envs/co2/lib/python3.11/site-packages/earthaccess/store.py:832: FutureWarning: As of version 1.0, `DataGranule.size` will be accessed as an attribute; e.g. use `DataCollection.size` **not** `DataCollection.size()`
  total_size = round(sum(granule.size() for granule in granules) / 1024, 2)
/opt/miniconda3/envs/co2/lib/python3.11/site-packages/earthaccess/store.py:832: FutureWarning: As of version 1.0, `DataGranule.size` will be accessed as an attribute; e.g. use `DataCollection.size` **not** `DataCollection.size()`
  total_size = round(sum(granule.size() for granule in granules) / 1024, 2)
/opt/miniconda3/envs/co2/lib/python3.11/site-packages/earthaccess/store.py:832: FutureWarning: As of version 1.0, `DataGranule.size` will be accessed as an attribute; e.g. use `DataCollection.size` **not** `DataCollection.size()`
  total_size = round(sum(granule.size() for granule in granules) / 1024, 2)
/opt/miniconda3/envs/co2/lib/python3.11/site-packages/earthaccess/store.py:832: FutureWarning: As of version 1.0, `DataGranule.size` will be accessed as an attribute; e.g. use `DataCollection.size` **not** `DataCollection.size()`
  total_size = round(sum(granule.size() for granule in granules) / 1024, 2)
/opt/miniconda3/envs/co2/lib/python3.11/site-packages/earthaccess/store.py:832: FutureWarning: As of version 1.0, `DataGranule.size` will be accessed as an attribute; e.g. use `DataCollection.size` **not** `DataCollection.size()`
  total_size = round(sum(granule.size() for granule in granules) / 1024, 2)
/opt/miniconda3/envs/co2/lib/python3.11/site-packages/earthaccess/store.py:832: FutureWarning: As of version 1.0, `DataGranule.size` will be accessed as an attribute; e.g. use `DataCollection.size` **not** `DataCollection.size()`
  total_size = round(sum(granule.size() for granule in granules) / 1024, 2)
/opt/miniconda3/envs/co2/lib/python3.11/site-packages/earthaccess/store.py:832: FutureWarning: As of version 1.0, `DataGranule.size` will be accessed as an attribute; e.g. use `DataCollection.size` **not** `DataCollection.size()`
  total_size = round(sum(granule.size() for granule in granules) / 1024, 2)
/opt/miniconda3/envs/co2/lib/python3.11/site-packages/earthaccess/store.py:832: FutureWarning: As of version 1.0, `DataGranule.size` will be accessed as an attribute; e.g. use `DataCollection.size` **not** `DataCollection.size()`
  total_size = round(sum(granule.size() for granule in granules) / 1024, 2)
/opt/miniconda3/envs/co2/lib/python3.11/site-packages/earthaccess/store.py:832: FutureWarning: As of version 1.0, `DataGranule.size` will be accessed as an attribute; e.g. use `DataCollection.size` **not** `DataCollection.size()`
  total_size = round(sum(granule.size() for granule in granules) / 1024, 2)
/opt/miniconda3/envs/co2/lib/python3.11/site-packages/earthaccess/store.py:832: FutureWarning: As of version 1.0, `DataGranule.size` will be accessed as an attribute; e.g. use `DataCollection.size` **not** `DataCollection.size()`
  total_size = round(sum(granule.size() for granule in granules) / 1024, 2)
/opt/miniconda3/envs/co2/lib/python3.11/site-packages/earthaccess/store.py:832: FutureWarning: As of version 1.0, `DataGranule.size` will be accessed as an attribute; e.g. use `DataCollection.size` **not** `DataCollection.size()`
  total_size = round(sum(granule.size() for granule in granules) / 1024, 2)
/opt/miniconda3/envs/co2/lib/python3.11/site-packages/earthaccess/store.py:832: FutureWarning: As of version 1.0, `DataGranule.size` will be accessed as an attribute; e.g. use `DataCollection.size` **not** `DataCollection.size()`
  total_size = round(sum(granule.size() for granule in granules) / 1024, 2)
/opt/miniconda3/envs/co2/lib/python3.11/site-packages/earthaccess/store.py:832: FutureWarning: As of version 1.0, `DataGranule.size` will be accessed as an attribute; e.g. use `DataCollection.size` **not** `DataCollection.size()`
  total_size = round(sum(granule.size() for granule in granules) / 1024, 2)
/opt/miniconda3/envs/co2/lib/python3.11/site-packages/earthaccess/store.py:832: FutureWarning: As of version 1.0, `DataGranule.size` will be accessed as an attribute; e.g. use `DataCollection.size` **not** `DataCollection.size()`
  total_size = round(sum(granule.size() for granule in granules) / 1024, 2)
/opt/miniconda3/envs/co2/lib/python3.11/site-packages/earthaccess/store.py:832: FutureWarning: As of version 1.0, `DataGranule.size` will be accessed as an attribute; e.g. use `DataCollection.size` **not** `DataCollection.size()`
  total_size = round(sum(granule.size() for granule in granules) / 1024, 2)
/opt/miniconda3/envs/co2/lib/python3.11/site-packages/earthaccess/store.py:832: FutureWarning: As of version 1.0, `DataGranule.size` will be accessed as an attribute; e.g. use `DataCollection.size` **not** `DataCollection.size()`
  total_size = round(sum(granule.size() for granule in granules) / 1024, 2)
/opt/miniconda3/envs/co2/lib/python3.11/site-packages/earthaccess/store.py:832: FutureWarning: As of version 1.0, `DataGranule.size` will be accessed as an attribute; e.g. use `DataCollection.size` **not** `DataCollection.size()`
  total_size = round(sum(granule.size() for granule in granules) / 1024, 2)
/opt/miniconda3/envs/co2/lib/python3.11/site-packages/earthaccess/store.py:832: FutureWarning: As of version 1.0, `DataGranule.size` will be accessed as an attribute; e.g. use `DataCollection.size` **not** `DataCollection.size()`
  total_size = round(sum(granule.size() for granule in granules) / 1024, 2)
/opt/miniconda3/envs/co2/lib/python3.11/site-packages/earthaccess/store.py:832: FutureWarning: As of version 1.0, `DataGranule.size` will be accessed as an attribute; e.g. use `DataCollection.size` **not** `DataCollection.size()`
  total_size = round(sum(granule.size() for granule in granules) / 1024, 2)
/opt/miniconda3/envs/co2/lib/python3.11/site-packages/earthaccess/store.py:832: FutureWarning: As of version 1.0, `DataGranule.size` will be accessed as an attribute; e.g. use `DataCollection.size` **not** `DataCollection.size()`
  total_size = round(sum(granule.size() for granule in granules) / 1024, 2)
/opt/miniconda3/envs/co2/lib/python3.11/site-packages/earthaccess/store.py:832: FutureWarning: As of version 1.0, `DataGranule.size` will be accessed as an attribute; e.g. use `DataCollection.size` **not** `DataCollection.size()`
  total_size = round(sum(granule.size() for granule in granules) / 1024, 2)
/opt/miniconda3/envs/co2/lib/python3.11/site-packages/earthaccess/store.py:832: FutureWarning: As of version 1.0, `DataGranule.size` will be accessed as an attribute; e.g. use `DataCollection.size` **not** `DataCollection.size()`
  total_size = round(sum(granule.size() for granule in granules) / 1024, 2)
/opt/miniconda3/envs/co2/lib/python3.11/site-packages/earthaccess/store.py:832: FutureWarning: As of version 1.0, `DataGranule.size` will be accessed as an attribute; e.g. use `DataCollection.size` **not** `DataCollection.size()`
  total_size = round(sum(granule.size() for granule in granules) / 1024, 2)
/opt/miniconda3/envs/co2/lib/python3.11/site-packages/earthaccess/store.py:832: FutureWarning: As of version 1.0, `DataGranule.size` will be accessed as an attribute; e.g. use `DataCollection.size` **not** `DataCollection.size()`
  total_size = round(sum(granule.size() for granule in granules) / 1024, 2)
/opt/miniconda3/envs/co2/lib/python3.11/site-packages/earthaccess/store.py:832: FutureWarning: As of version 1.0, `DataGranule.size` will be accessed as an attribute; e.g. use `DataCollection.size` **not** `DataCollection.size()`
  total_size = round(sum(granule.size() for granule in granules) / 1024, 2)
/opt/miniconda3/envs/co2/lib/python3.11/site-packages/earthaccess/store.py:832: FutureWarning: As of version 1.0, `DataGranule.size` will be accessed as an attribute; e.g. use `DataCollection.size` **not** `DataCollection.size()`
  total_size = round(sum(granule.size() for granule in granules) / 1024, 2)
/opt/miniconda3/envs/co2/lib/python3.11/site-packages/earthaccess/store.py:832: FutureWarning: As of version 1.0, `DataGranule.size` will be accessed as an attribute; e.g. use `DataCollection.size` **not** `DataCollection.size()`
  total_size = round(sum(granule.size() for granule in granules) / 1024, 2)
/opt/miniconda3/envs/co2/lib/python3.11/site-packages/earthaccess/store.py:832: FutureWarning: As of version 1.0, `DataGranule.size` will be accessed as an attribute; e.g. use `DataCollection.size` **not** `DataCollection.size()`
  total_size = round(sum(granule.size() for granule in granules) / 1024, 2)
/opt/miniconda3/envs/co2/lib/python3.11/site-packages/earthaccess/store.py:832: FutureWarning: As of version 1.0, `DataGranule.size` will be accessed as an attribute; e.g. use `DataCollection.size` **not** `DataCollection.size()`
  total_size = round(sum(granule.size() for granule in granules) / 1024, 2)
/opt/miniconda3/envs/co2/lib/python3.11/site-packages/earthaccess/store.py:832: FutureWarning: As of version 1.0, `DataGranule.size` will be accessed as an attribute; e.g. use `DataCollection.size` **not** `DataCollection.size()`
  total_size = round(sum(granule.size() for granule in granules) / 1024, 2)
/opt/miniconda3/envs/co2/lib/python3.11/site-packages/earthaccess/store.py:832: FutureWarning: As of version 1.0, `DataGranule.size` will be accessed as an attribute; e.g. use `DataCollection.size` **not** `DataCollection.size()`
  total_size = round(sum(granule.size() for granule in granules) / 1024, 2)
/opt/miniconda3/envs/co2/lib/python3.11/site-packages/earthaccess/store.py:832: FutureWarning: As of version 1.0, `DataGranule.size` will be accessed as an attribute; e.g. use `DataCollection.size` **not** `DataCollection.size()`
  total_size = round(sum(granule.size() for granule in granules) / 1024, 2)
/opt/miniconda3/envs/co2/lib/python3.11/site-packages/earthaccess/store.py:832: FutureWarning: As of version 1.0, `DataGranule.size` will be accessed as an attribute; e.g. use `DataCollection.size` **not** `DataCollection.size()`
  total_size = round(sum(granule.size() for granule in granules) / 1024, 2)
/opt/miniconda3/envs/co2/lib/python3.11/site-packages/earthaccess/store.py:832: FutureWarning: As of version 1.0, `DataGranule.size` will be accessed as an attribute; e.g. use `DataCollection.size` **not** `DataCollection.size()`
  total_size = round(sum(granule.size() for granule in granules) / 1024, 2)
/opt/miniconda3/envs/co2/lib/python3.11/site-packages/earthaccess/store.py:832: FutureWarning: As of version 1.0, `DataGranule.size` will be accessed as an attribute; e.g. use `DataCollection.size` **not** `DataCollection.size()`
  total_size = round(sum(granule.size() for granule in granules) / 1024, 2)
/opt/miniconda3/envs/co2/lib/python3.11/site-packages/earthaccess/store.py:832: FutureWarning: As of version 1.0, `DataGranule.size` will be accessed as an attribute; e.g. use `DataCollection.size` **not** `DataCollection.size()`
  total_size = round(sum(granule.size() for granule in granules) / 1024, 2)
/opt/miniconda3/envs/co2/lib/python3.11/site-packages/earthaccess/store.py:832: FutureWarning: As of version 1.0, `DataGranule.size` will be accessed as an attribute; e.g. use `DataCollection.size` **not** `DataCollection.size()`
  total_size = round(sum(granule.size() for granule in granules) / 1024, 2)
/opt/miniconda3/envs/co2/lib/python3.11/site-packages/earthaccess/store.py:832: FutureWarning: As of version 1.0, `DataGranule.size` will be accessed as an attribute; e.g. use `DataCollection.size` **not** `DataCollection.size()`
  total_size = round(sum(granule.size() for granule in granules) / 1024, 2)
/opt/miniconda3/envs/co2/lib/python3.11/site-packages/earthaccess/store.py:832: FutureWarning: As of version 1.0, `DataGranule.size` will be accessed as an attribute; e.g. use `DataCollection.size` **not** `DataCollection.size()`
  total_size = round(sum(granule.size() for granule in granules) / 1024, 2)
/opt/miniconda3/envs/co2/lib/python3.11/site-packages/earthaccess/store.py:832: FutureWarning: As of version 1.0, `DataGranule.size` will be accessed as an attribute; e.g. use `DataCollection.size` **not** `DataCollection.size()`
  total_size = round(sum(granule.size() for granule in granules) / 1024, 2)
/opt/miniconda3/envs/co2/lib/python3.11/site-packages/earthaccess/store.py:832: FutureWarning: As of version 1.0, `DataGranule.size` will be accessed as an attribute; e.g. use `DataCollection.size` **not** `DataCollection.size()`
  total_size = round(sum(granule.size() for granule in granules) / 1024, 2)
/opt/miniconda3/envs/co2/lib/python3.11/site-packages/earthaccess/store.py:832: FutureWarning: As of version 1.0, `DataGranule.size` will be accessed as an attribute; e.g. use `DataCollection.size` **not** `DataCollection.size()`
  total_size = round(sum(granule.size() for granule in granules) / 1024, 2)
/opt/miniconda3/envs/co2/lib/python3.11/site-packages/earthaccess/store.py:832: FutureWarning: As of version 1.0, `DataGranule.size` will be accessed as an attribute; e.g. use `DataCollection.size` **not** `DataCollection.size()`
  total_size = round(sum(granule.size() for granule in granules) / 1024, 2)
/opt/miniconda3/envs/co2/lib/python3.11/site-packages/earthaccess/store.py:832: FutureWarning: As of version 1.0, `DataGranule.size` will be accessed as an attribute; e.g. use `DataCollection.size` **not** `DataCollection.size()`
  total_size = round(sum(granule.size() for granule in granules) / 1024, 2)
/opt/miniconda3/envs/co2/lib/python3.11/multiprocessing/resource_tracker.py:254: UserWarning: resource_tracker: There appear to be 1 leaked semaphore objects to clean up at shutdown
  warnings.warn('resource_tracker: There appear to be %d '
/opt/miniconda3/envs/co2/lib/python3.11/site-packages/earthaccess/results.py:343: FutureWarning: As of version 1.0, `DataGranule.size` will be accessed as an attribute; e.g. use `DataCollection.size` **not** `DataCollection.size()`
  self["size"] = self.size()
/opt/miniconda3/envs/co2/lib/python3.11/site-packages/earthaccess/store.py:832: FutureWarning: As of version 1.0, `DataGranule.size` will be accessed as an attribute; e.g. use `DataCollection.size` **not** `DataCollection.size()`
  total_size = round(sum(granule.size() for granule in granules) / 1024, 2)
/opt/miniconda3/envs/co2/lib/python3.11/site-packages/earthaccess/store.py:832: FutureWarning: As of version 1.0, `DataGranule.size` will be accessed as an attribute; e.g. use `DataCollection.size` **not** `DataCollection.size()`
  total_size = round(sum(granule.size() for granule in granules) / 1024, 2)
/opt/miniconda3/envs/co2/lib/python3.11/site-packages/earthaccess/store.py:832: FutureWarning: As of version 1.0, `DataGranule.size` will be accessed as an attribute; e.g. use `DataCollection.size` **not** `DataCollection.size()`
  total_size = round(sum(granule.size() for granule in granules) / 1024, 2)
/opt/miniconda3/envs/co2/lib/python3.11/site-packages/earthaccess/store.py:832: FutureWarning: As of version 1.0, `DataGranule.size` will be accessed as an attribute; e.g. use `DataCollection.size` **not** `DataCollection.size()`
  total_size = round(sum(granule.size() for granule in granules) / 1024, 2)
/opt/miniconda3/envs/co2/lib/python3.11/site-packages/earthaccess/store.py:832: FutureWarning: As of version 1.0, `DataGranule.size` will be accessed as an attribute; e.g. use `DataCollection.size` **not** `DataCollection.size()`
  total_size = round(sum(granule.size() for granule in granules) / 1024, 2)
/opt/miniconda3/envs/co2/lib/python3.11/site-packages/earthaccess/store.py:832: FutureWarning: As of version 1.0, `DataGranule.size` will be accessed as an attribute; e.g. use `DataCollection.size` **not** `DataCollection.size()`
  total_size = round(sum(granule.size() for granule in granules) / 1024, 2)
/opt/miniconda3/envs/co2/lib/python3.11/site-packages/earthaccess/store.py:832: FutureWarning: As of version 1.0, `DataGranule.size` will be accessed as an attribute; e.g. use `DataCollection.size` **not** `DataCollection.size()`
  total_size = round(sum(granule.size() for granule in granules) / 1024, 2)
/opt/miniconda3/envs/co2/lib/python3.11/site-packages/earthaccess/store.py:832: FutureWarning: As of version 1.0, `DataGranule.size` will be accessed as an attribute; e.g. use `DataCollection.size` **not** `DataCollection.size()`
  total_size = round(sum(granule.size() for granule in granules) / 1024, 2)
/opt/miniconda3/envs/co2/lib/python3.11/site-packages/earthaccess/store.py:832: FutureWarning: As of version 1.0, `DataGranule.size` will be accessed as an attribute; e.g. use `DataCollection.size` **not** `DataCollection.size()`
  total_size = round(sum(granule.size() for granule in granules) / 1024, 2)
/opt/miniconda3/envs/co2/lib/python3.11/site-packages/earthaccess/store.py:832: FutureWarning: As of version 1.0, `DataGranule.size` will be accessed as an attribute; e.g. use `DataCollection.size` **not** `DataCollection.size()`
  total_size = round(sum(granule.size() for granule in granules) / 1024, 2)
/opt/miniconda3/envs/co2/lib/python3.11/site-packages/earthaccess/store.py:832: FutureWarning: As of version 1.0, `DataGranule.size` will be accessed as an attribute; e.g. use `DataCollection.size` **not** `DataCollection.size()`
  total_size = round(sum(granule.size() for granule in granules) / 1024, 2)
/opt/miniconda3/envs/co2/lib/python3.11/site-packages/earthaccess/store.py:832: FutureWarning: As of version 1.0, `DataGranule.size` will be accessed as an attribute; e.g. use `DataCollection.size` **not** `DataCollection.size()`
  total_size = round(sum(granule.size() for granule in granules) / 1024, 2)
/opt/miniconda3/envs/co2/lib/python3.11/site-packages/earthaccess/store.py:832: FutureWarning: As of version 1.0, `DataGranule.size` will be accessed as an attribute; e.g. use `DataCollection.size` **not** `DataCollection.size()`
  total_size = round(sum(granule.size() for granule in granules) / 1024, 2)
/opt/miniconda3/envs/co2/lib/python3.11/site-packages/earthaccess/store.py:832: FutureWarning: As of version 1.0, `DataGranule.size` will be accessed as an attribute; e.g. use `DataCollection.size` **not** `DataCollection.size()`
  total_size = round(sum(granule.size() for granule in granules) / 1024, 2)
/opt/miniconda3/envs/co2/lib/python3.11/site-packages/earthaccess/store.py:832: FutureWarning: As of version 1.0, `DataGranule.size` will be accessed as an attribute; e.g. use `DataCollection.size` **not** `DataCollection.size()`
  total_size = round(sum(granule.size() for granule in granules) / 1024, 2)
/opt/miniconda3/envs/co2/lib/python3.11/site-packages/earthaccess/store.py:832: FutureWarning: As of version 1.0, `DataGranule.size` will be accessed as an attribute; e.g. use `DataCollection.size` **not** `DataCollection.size()`
  total_size = round(sum(granule.size() for granule in granules) / 1024, 2)
/opt/miniconda3/envs/co2/lib/python3.11/site-packages/earthaccess/store.py:832: FutureWarning: As of version 1.0, `DataGranule.size` will be accessed as an attribute; e.g. use `DataCollection.size` **not** `DataCollection.size()`
  total_size = round(sum(granule.size() for granule in granules) / 1024, 2)
/opt/miniconda3/envs/co2/lib/python3.11/site-packages/earthaccess/store.py:832: FutureWarning: As of version 1.0, `DataGranule.size` will be accessed as an attribute; e.g. use `DataCollection.size` **not** `DataCollection.size()`
  total_size = round(sum(granule.size() for granule in granules) / 1024, 2)
/opt/miniconda3/envs/co2/lib/python3.11/site-packages/earthaccess/store.py:832: FutureWarning: As of version 1.0, `DataGranule.size` will be accessed as an attribute; e.g. use `DataCollection.size` **not** `DataCollection.size()`
  total_size = round(sum(granule.size() for granule in granules) / 1024, 2)
/opt/miniconda3/envs/co2/lib/python3.11/site-packages/earthaccess/store.py:832: FutureWarning: As of version 1.0, `DataGranule.size` will be accessed as an attribute; e.g. use `DataCollection.size` **not** `DataCollection.size()`
  total_size = round(sum(granule.size() for granule in granules) / 1024, 2)
/opt/miniconda3/envs/co2/lib/python3.11/site-packages/earthaccess/store.py:832: FutureWarning: As of version 1.0, `DataGranule.size` will be accessed as an attribute; e.g. use `DataCollection.size` **not** `DataCollection.size()`
  total_size = round(sum(granule.size() for granule in granules) / 1024, 2)
/opt/miniconda3/envs/co2/lib/python3.11/site-packages/earthaccess/store.py:832: FutureWarning: As of version 1.0, `DataGranule.size` will be accessed as an attribute; e.g. use `DataCollection.size` **not** `DataCollection.size()`
  total_size = round(sum(granule.size() for granule in granules) / 1024, 2)
/opt/miniconda3/envs/co2/lib/python3.11/site-packages/earthaccess/store.py:832: FutureWarning: As of version 1.0, `DataGranule.size` will be accessed as an attribute; e.g. use `DataCollection.size` **not** `DataCollection.size()`
  total_size = round(sum(granule.size() for granule in granules) / 1024, 2)
/opt/miniconda3/envs/co2/lib/python3.11/site-packages/earthaccess/store.py:832: FutureWarning: As of version 1.0, `DataGranule.size` will be accessed as an attribute; e.g. use `DataCollection.size` **not** `DataCollection.size()`
  total_size = round(sum(granule.size() for granule in granules) / 1024, 2)
/opt/miniconda3/envs/co2/lib/python3.11/site-packages/earthaccess/store.py:832: FutureWarning: As of version 1.0, `DataGranule.size` will be accessed as an attribute; e.g. use `DataCollection.size` **not** `DataCollection.size()`
  total_size = round(sum(granule.size() for granule in granules) / 1024, 2)
/opt/miniconda3/envs/co2/lib/python3.11/site-packages/earthaccess/store.py:832: FutureWarning: As of version 1.0, `DataGranule.size` will be accessed as an attribute; e.g. use `DataCollection.size` **not** `DataCollection.size()`
  total_size = round(sum(granule.size() for granule in granules) / 1024, 2)
/opt/miniconda3/envs/co2/lib/python3.11/site-packages/earthaccess/store.py:832: FutureWarning: As of version 1.0, `DataGranule.size` will be accessed as an attribute; e.g. use `DataCollection.size` **not** `DataCollection.size()`
  total_size = round(sum(granule.size() for granule in granules) / 1024, 2)
/opt/miniconda3/envs/co2/lib/python3.11/site-packages/earthaccess/store.py:832: FutureWarning: As of version 1.0, `DataGranule.size` will be accessed as an attribute; e.g. use `DataCollection.size` **not** `DataCollection.size()`
  total_size = round(sum(granule.size() for granule in granules) / 1024, 2)
/opt/miniconda3/envs/co2/lib/python3.11/site-packages/earthaccess/store.py:832: FutureWarning: As of version 1.0, `DataGranule.size` will be accessed as an attribute; e.g. use `DataCollection.size` **not** `DataCollection.size()`
  total_size = round(sum(granule.size() for granule in granules) / 1024, 2)
/opt/miniconda3/envs/co2/lib/python3.11/site-packages/earthaccess/store.py:832: FutureWarning: As of version 1.0, `DataGranule.size` will be accessed as an attribute; e.g. use `DataCollection.size` **not** `DataCollection.size()`
  total_size = round(sum(granule.size() for granule in granules) / 1024, 2)
/opt/miniconda3/envs/co2/lib/python3.11/site-packages/earthaccess/store.py:832: FutureWarning: As of version 1.0, `DataGranule.size` will be accessed as an attribute; e.g. use `DataCollection.size` **not** `DataCollection.size()`
  total_size = round(sum(granule.size() for granule in granules) / 1024, 2)
/opt/miniconda3/envs/co2/lib/python3.11/site-packages/earthaccess/store.py:832: FutureWarning: As of version 1.0, `DataGranule.size` will be accessed as an attribute; e.g. use `DataCollection.size` **not** `DataCollection.size()`
  total_size = round(sum(granule.size() for granule in granules) / 1024, 2)
/opt/miniconda3/envs/co2/lib/python3.11/site-packages/earthaccess/store.py:832: FutureWarning: As of version 1.0, `DataGranule.size` will be accessed as an attribute; e.g. use `DataCollection.size` **not** `DataCollection.size()`
  total_size = round(sum(granule.size() for granule in granules) / 1024, 2)
/opt/miniconda3/envs/co2/lib/python3.11/site-packages/earthaccess/store.py:832: FutureWarning: As of version 1.0, `DataGranule.size` will be accessed as an attribute; e.g. use `DataCollection.size` **not** `DataCollection.size()`
  total_size = round(sum(granule.size() for granule in granules) / 1024, 2)
/opt/miniconda3/envs/co2/lib/python3.11/site-packages/earthaccess/store.py:832: FutureWarning: As of version 1.0, `DataGranule.size` will be accessed as an attribute; e.g. use `DataCollection.size` **not** `DataCollection.size()`
  total_size = round(sum(granule.size() for granule in granules) / 1024, 2)
/opt/miniconda3/envs/co2/lib/python3.11/site-packages/earthaccess/store.py:832: FutureWarning: As of version 1.0, `DataGranule.size` will be accessed as an attribute; e.g. use `DataCollection.size` **not** `DataCollection.size()`
  total_size = round(sum(granule.size() for granule in granules) / 1024, 2)
/opt/miniconda3/envs/co2/lib/python3.11/site-packages/earthaccess/store.py:832: FutureWarning: As of version 1.0, `DataGranule.size` will be accessed as an attribute; e.g. use `DataCollection.size` **not** `DataCollection.size()`
  total_size = round(sum(granule.size() for granule in granules) / 1024, 2)
/opt/miniconda3/envs/co2/lib/python3.11/site-packages/earthaccess/store.py:832: FutureWarning: As of version 1.0, `DataGranule.size` will be accessed as an attribute; e.g. use `DataCollection.size` **not** `DataCollection.size()`
  total_size = round(sum(granule.size() for granule in granules) / 1024, 2)
/opt/miniconda3/envs/co2/lib/python3.11/site-packages/earthaccess/store.py:832: FutureWarning: As of version 1.0, `DataGranule.size` will be accessed as an attribute; e.g. use `DataCollection.size` **not** `DataCollection.size()`
  total_size = round(sum(granule.size() for granule in granules) / 1024, 2)
/opt/miniconda3/envs/co2/lib/python3.11/site-packages/earthaccess/store.py:832: FutureWarning: As of version 1.0, `DataGranule.size` will be accessed as an attribute; e.g. use `DataCollection.size` **not** `DataCollection.size()`
  total_size = round(sum(granule.size() for granule in granules) / 1024, 2)
/opt/miniconda3/envs/co2/lib/python3.11/site-packages/earthaccess/store.py:832: FutureWarning: As of version 1.0, `DataGranule.size` will be accessed as an attribute; e.g. use `DataCollection.size` **not** `DataCollection.size()`
  total_size = round(sum(granule.size() for granule in granules) / 1024, 2)
/opt/miniconda3/envs/co2/lib/python3.11/site-packages/earthaccess/store.py:832: FutureWarning: As of version 1.0, `DataGranule.size` will be accessed as an attribute; e.g. use `DataCollection.size` **not** `DataCollection.size()`
  total_size = round(sum(granule.size() for granule in granules) / 1024, 2)
/opt/miniconda3/envs/co2/lib/python3.11/site-packages/earthaccess/store.py:832: FutureWarning: As of version 1.0, `DataGranule.size` will be accessed as an attribute; e.g. use `DataCollection.size` **not** `DataCollection.size()`
  total_size = round(sum(granule.size() for granule in granules) / 1024, 2)
/opt/miniconda3/envs/co2/lib/python3.11/site-packages/earthaccess/store.py:832: FutureWarning: As of version 1.0, `DataGranule.size` will be accessed as an attribute; e.g. use `DataCollection.size` **not** `DataCollection.size()`
  total_size = round(sum(granule.size() for granule in granules) / 1024, 2)
/opt/miniconda3/envs/co2/lib/python3.11/site-packages/earthaccess/store.py:832: FutureWarning: As of version 1.0, `DataGranule.size` will be accessed as an attribute; e.g. use `DataCollection.size` **not** `DataCollection.size()`
  total_size = round(sum(granule.size() for granule in granules) / 1024, 2)
/opt/miniconda3/envs/co2/lib/python3.11/site-packages/earthaccess/store.py:832: FutureWarning: As of version 1.0, `DataGranule.size` will be accessed as an attribute; e.g. use `DataCollection.size` **not** `DataCollection.size()`
  total_size = round(sum(granule.size() for granule in granules) / 1024, 2)
/opt/miniconda3/envs/co2/lib/python3.11/site-packages/earthaccess/store.py:832: FutureWarning: As of version 1.0, `DataGranule.size` will be accessed as an attribute; e.g. use `DataCollection.size` **not** `DataCollection.size()`
  total_size = round(sum(granule.size() for granule in granules) / 1024, 2)
/opt/miniconda3/envs/co2/lib/python3.11/site-packages/earthaccess/store.py:832: FutureWarning: As of version 1.0, `DataGranule.size` will be accessed as an attribute; e.g. use `DataCollection.size` **not** `DataCollection.size()`
  total_size = round(sum(granule.size() for granule in granules) / 1024, 2)
/opt/miniconda3/envs/co2/lib/python3.11/site-packages/earthaccess/store.py:832: FutureWarning: As of version 1.0, `DataGranule.size` will be accessed as an attribute; e.g. use `DataCollection.size` **not** `DataCollection.size()`
  total_size = round(sum(granule.size() for granule in granules) / 1024, 2)
/opt/miniconda3/envs/co2/lib/python3.11/site-packages/earthaccess/store.py:832: FutureWarning: As of version 1.0, `DataGranule.size` will be accessed as an attribute; e.g. use `DataCollection.size` **not** `DataCollection.size()`
  total_size = round(sum(granule.size() for granule in granules) / 1024, 2)
/opt/miniconda3/envs/co2/lib/python3.11/site-packages/earthaccess/store.py:832: FutureWarning: As of version 1.0, `DataGranule.size` will be accessed as an attribute; e.g. use `DataCollection.size` **not** `DataCollection.size()`
  total_size = round(sum(granule.size() for granule in granules) / 1024, 2)
/opt/miniconda3/envs/co2/lib/python3.11/site-packages/earthaccess/store.py:832: FutureWarning: As of version 1.0, `DataGranule.size` will be accessed as an attribute; e.g. use `DataCollection.size` **not** `DataCollection.size()`
  total_size = round(sum(granule.size() for granule in granules) / 1024, 2)
/opt/miniconda3/envs/co2/lib/python3.11/site-packages/earthaccess/store.py:832: FutureWarning: As of version 1.0, `DataGranule.size` will be accessed as an attribute; e.g. use `DataCollection.size` **not** `DataCollection.size()`
  total_size = round(sum(granule.size() for granule in granules) / 1024, 2)
/opt/miniconda3/envs/co2/lib/python3.11/site-packages/earthaccess/store.py:832: FutureWarning: As of version 1.0, `DataGranule.size` will be accessed as an attribute; e.g. use `DataCollection.size` **not** `DataCollection.size()`
  total_size = round(sum(granule.size() for granule in granules) / 1024, 2)
/opt/miniconda3/envs/co2/lib/python3.11/site-packages/earthaccess/store.py:832: FutureWarning: As of version 1.0, `DataGranule.size` will be accessed as an attribute; e.g. use `DataCollection.size` **not** `DataCollection.size()`
  total_size = round(sum(granule.size() for granule in granules) / 1024, 2)
/opt/miniconda3/envs/co2/lib/python3.11/site-packages/earthaccess/store.py:832: FutureWarning: As of version 1.0, `DataGranule.size` will be accessed as an attribute; e.g. use `DataCollection.size` **not** `DataCollection.size()`
  total_size = round(sum(granule.size() for granule in granules) / 1024, 2)
/opt/miniconda3/envs/co2/lib/python3.11/site-packages/earthaccess/store.py:832: FutureWarning: As of version 1.0, `DataGranule.size` will be accessed as an attribute; e.g. use `DataCollection.size` **not** `DataCollection.size()`
  total_size = round(sum(granule.size() for granule in granules) / 1024, 2)
/opt/miniconda3/envs/co2/lib/python3.11/site-packages/earthaccess/store.py:832: FutureWarning: As of version 1.0, `DataGranule.size` will be accessed as an attribute; e.g. use `DataCollection.size` **not** `DataCollection.size()`
  total_size = round(sum(granule.size() for granule in granules) / 1024, 2)
/opt/miniconda3/envs/co2/lib/python3.11/site-packages/earthaccess/store.py:832: FutureWarning: As of version 1.0, `DataGranule.size` will be accessed as an attribute; e.g. use `DataCollection.size` **not** `DataCollection.size()`
  total_size = round(sum(granule.size() for granule in granules) / 1024, 2)
/opt/miniconda3/envs/co2/lib/python3.11/site-packages/earthaccess/store.py:832: FutureWarning: As of version 1.0, `DataGranule.size` will be accessed as an attribute; e.g. use `DataCollection.size` **not** `DataCollection.size()`
  total_size = round(sum(granule.size() for granule in granules) / 1024, 2)
/opt/miniconda3/envs/co2/lib/python3.11/site-packages/earthaccess/store.py:832: FutureWarning: As of version 1.0, `DataGranule.size` will be accessed as an attribute; e.g. use `DataCollection.size` **not** `DataCollection.size()`
  total_size = round(sum(granule.size() for granule in granules) / 1024, 2)
/opt/miniconda3/envs/co2/lib/python3.11/site-packages/earthaccess/store.py:832: FutureWarning: As of version 1.0, `DataGranule.size` will be accessed as an attribute; e.g. use `DataCollection.size` **not** `DataCollection.size()`
  total_size = round(sum(granule.size() for granule in granules) / 1024, 2)
/opt/miniconda3/envs/co2/lib/python3.11/site-packages/earthaccess/store.py:832: FutureWarning: As of version 1.0, `DataGranule.size` will be accessed as an attribute; e.g. use `DataCollection.size` **not** `DataCollection.size()`
  total_size = round(sum(granule.size() for granule in granules) / 1024, 2)

===== Processing Koradi  (21.2414, 79.096) =====
[CO2] granules near Koradi: 360
[CO2] resuming from checkpoint: granule 297/360, 1536 soundings, 15 hit-days so far
[CO2] hit-days: 25, soundings: 3672
[CO2] enhancement = -0.13 ppm (bg std 1.71)
[NO2] peak 2 km from plant
[WIND] toward 143 deg, CO2 offset 27 deg, diff 115 deg

[SAVED] Koradi -> data/plant_results.json
{
  "plant": "Koradi",
  "lat": 21.2414,
  "lon": 79.096,
  "hit_days": 25,
  "soundings": 3672,
  "co2_enhancement_ppm": -0.131,
  "bg_std_ppm": 1.713,
  "no2_peak_km": 2.0,
  "wind_deg": 143.0,
  "co2_offset_deg": 27.0,
  "wind_co2_diff_deg": 115.0
}
