/opt/miniconda3/envs/co2/lib/python3.11/site-packages/earthaccess/results.py:343: FutureWarning: As of version 1.0, `DataGranule.size` will be accessed as an attribute; e.g. use `DataCollection.size` **not** `DataCollection.size()`
  self["size"] = self.size()
/opt/miniconda3/envs/co2/lib/python3.11/site-packages/earthaccess/store.py:832: FutureWarning: As of version 1.0, `DataGranule.size` will be accessed as an attribute; e.g. use `DataCollection.size` **not** `DataCollection.size()`
  total_size = round(sum(granule.size() for granule in granules) / 1024, 2)
/opt/miniconda3/envs/co2/lib/python3.11/site-packages/earthaccess/store.py:832: FutureWarning: As of version 1.0, `DataGranule.size` will be accessed as an attribute; e.g. use `DataCollection.size` **not** `DataCollection.size()`
  total_size = round(sum(granule.size() for granule in granules) / 1024, 2)
/opt/miniconda3/envs/co2/lib/python3.11/site-packages/earthaccess/store.py:832: FutureWarning: As of version 1.0, `DataGranule.size` will be accessed as an attribute; e.g. use `DataCollection.size` **not** `DataCollection.size()`
  total_size = round(sum(granule.size() for granule in granules) / 1024, 2)
/opt/miniconda3/envs/co2/lib/python3.11/site-packages/earthaccess/store.py:832: FutureWarning: As of version 1.0, `DataGranule.size` will be accessed as an attribute; e.g. use `DataCollection.size` **not** `DataCollection.size()`
  total_size = round(sum(granule.size() for granule in granules) / 1024, 2)
/opt/miniconda3/envs/co2/lib/python3.11/site-packages/earthaccess/store.py:832: FutureWarning: As of version 1.0, `DataGranule.size` will be accessed as an attribute; e.g. use `DataCollection.size` **not** `DataCollection.size()`
  total_size = round(sum(granule.size() for granule in granules) / 1024, 2)
/opt/miniconda3/envs/co2/lib/python3.11/site-packages/earthaccess/store.py:832: FutureWarning: As of version 1.0, `DataGranule.size` will be accessed as an attribute; e.g. use `DataCollection.size` **not** `DataCollection.size()`
  total_size = round(sum(granule.size() for granule in granules) / 1024, 2)
/opt/miniconda3/envs/co2/lib/python3.11/site-packages/earthaccess/store.py:832: FutureWarning: As of version 1.0, `DataGranule.size` will be accessed as an attribute; e.g. use `DataCollection.size` **not** `DataCollection.size()`
  total_size = round(sum(granule.size() for granule in granules) / 1024, 2)
/opt/miniconda3/envs/co2/lib/python3.11/site-packages/earthaccess/store.py:832: FutureWarning: As of version 1.0, `DataGranule.size` will be accessed as an attribute; e.g. use `DataCollection.size` **not** `DataCollection.size()`
  total_size = round(sum(granule.size() for granule in granules) / 1024, 2)
/opt/miniconda3/envs/co2/lib/python3.11/site-packages/earthaccess/store.py:832: FutureWarning: As of version 1.0, `DataGranule.size` will be accessed as an attribute; e.g. use `DataCollection.size` **not** `DataCollection.size()`
  total_size = round(sum(granule.size() for granule in granules) / 1024, 2)
/opt/miniconda3/envs/co2/lib/python3.11/site-packages/earthaccess/store.py:832: FutureWarning: As of version 1.0, `DataGranule.size` will be accessed as an attribute; e.g. use `DataCollection.size` **not** `DataCollection.size()`
  total_size = round(sum(granule.size() for granule in granules) / 1024, 2)
/opt/miniconda3/envs/co2/lib/python3.11/site-packages/earthaccess/store.py:832: FutureWarning: As of version 1.0, `DataGranule.size` will be accessed as an attribute; e.g. use `DataCollection.size` **not** `DataCollection.size()`
  total_size = round(sum(granule.size() for granule in granules) / 1024, 2)
/opt/miniconda3/envs/co2/lib/python3.11/site-packages/earthaccess/store.py:832: FutureWarning: As of version 1.0, `DataGranule.size` will be accessed as an attribute; e.g. use `DataCollection.size` **not** `DataCollection.size()`
  total_size = round(sum(granule.size() for granule in granules) / 1024, 2)
/opt/miniconda3/envs/co2/lib/python3.11/site-packages/earthaccess/store.py:832: FutureWarning: As of version 1.0, `DataGranule.size` will be accessed as an attribute; e.g. use `DataCollection.size` **not** `DataCollection.size()`
  total_size = round(sum(granule.size() for granule in granules) / 1024, 2)
/opt/miniconda3/envs/co2/lib/python3.11/site-packages/earthaccess/store.py:832: FutureWarning: As of version 1.0, `DataGranule.size` will be accessed as an attribute; e.g. use `DataCollection.size` **not** `DataCollection.size()`
  total_size = round(sum(granule.size() for granule in granules) / 1024, 2)
/opt/miniconda3/envs/co2/lib/python3.11/site-packages/earthaccess/store.py:832: FutureWarning: As of version 1.0, `DataGranule.size` will be accessed as an attribute; e.g. use `DataCollection.size` **not** `DataCollection.size()`
  total_size = round(sum(granule.size() for granule in granules) / 1024, 2)
/opt/miniconda3/envs/co2/lib/python3.11/site-packages/earthaccess/store.py:832: FutureWarning: As of version 1.0, `DataGranule.size` will be accessed as an attribute; e.g. use `DataCollection.size` **not** `DataCollection.size()`
  total_size = round(sum(granule.size() for granule in granules) / 1024, 2)
/opt/miniconda3/envs/co2/lib/python3.11/site-packages/earthaccess/store.py:832: FutureWarning: As of version 1.0, `DataGranule.size` will be accessed as an attribute; e.g. use `DataCollection.size` **not** `DataCollection.size()`
  total_size = round(sum(granule.size() for granule in granules) / 1024, 2)
/opt/miniconda3/envs/co2/lib/python3.11/site-packages/earthaccess/store.py:832: FutureWarning: As of version 1.0, `DataGranule.size` will be accessed as an attribute; e.g. use `DataCollection.size` **not** `DataCollection.size()`
  total_size = round(sum(granule.size() for granule in granules) / 1024, 2)
/opt/miniconda3/envs/co2/lib/python3.11/site-packages/earthaccess/store.py:832: FutureWarning: As of version 1.0, `DataGranule.size` will be accessed as an attribute; e.g. use `DataCollection.size` **not** `DataCollection.size()`
  total_size = round(sum(granule.size() for granule in granules) / 1024, 2)
/opt/miniconda3/envs/co2/lib/python3.11/site-packages/earthaccess/store.py:832: FutureWarning: As of version 1.0, `DataGranule.size` will be accessed as an attribute; e.g. use `DataCollection.size` **not** `DataCollection.size()`
  total_size = round(sum(granule.size() for granule in granules) / 1024, 2)
/opt/miniconda3/envs/co2/lib/python3.11/site-packages/earthaccess/store.py:832: FutureWarning: As of version 1.0, `DataGranule.size` will be accessed as an attribute; e.g. use `DataCollection.size` **not** `DataCollection.size()`
  total_size = round(sum(granule.size() for granule in granules) / 1024, 2)
/opt/miniconda3/envs/co2/lib/python3.11/site-packages/earthaccess/store.py:832: FutureWarning: As of version 1.0, `DataGranule.size` will be accessed as an attribute; e.g. use `DataCollection.size` **not** `DataCollection.size()`
  total_size = round(sum(granule.size() for granule in granules) / 1024, 2)
/opt/miniconda3/envs/co2/lib/python3.11/site-packages/earthaccess/store.py:832: FutureWarning: As of version 1.0, `DataGranule.size` will be accessed as an attribute; e.g. use `DataCollection.size` **not** `DataCollection.size()`
  total_size = round(sum(granule.size() for granule in granules) / 1024, 2)
/opt/miniconda3/envs/co2/lib/python3.11/site-packages/earthaccess/store.py:832: FutureWarning: As of version 1.0, `DataGranule.size` will be accessed as an attribute; e.g. use `DataCollection.size` **not** `DataCollection.size()`
  total_size = round(sum(granule.size() for granule in granules) / 1024, 2)
/opt/miniconda3/envs/co2/lib/python3.11/site-packages/earthaccess/store.py:832: FutureWarning: As of version 1.0, `DataGranule.size` will be accessed as an attribute; e.g. use `DataCollection.size` **not** `DataCollection.size()`
  total_size = round(sum(granule.size() for granule in granules) / 1024, 2)
/opt/miniconda3/envs/co2/lib/python3.11/site-packages/earthaccess/store.py:832: FutureWarning: As of version 1.0, `DataGranule.size` will be accessed as an attribute; e.g. use `DataCollection.size` **not** `DataCollection.size()`
  total_size = round(sum(granule.size() for granule in granules) / 1024, 2)
/opt/miniconda3/envs/co2/lib/python3.11/site-packages/earthaccess/store.py:832: FutureWarning: As of version 1.0, `DataGranule.size` will be accessed as an attribute; e.g. use `DataCollection.size` **not** `DataCollection.size()`
  total_size = round(sum(granule.size() for granule in granules) / 1024, 2)
/opt/miniconda3/envs/co2/lib/python3.11/site-packages/earthaccess/store.py:832: FutureWarning: As of version 1.0, `DataGranule.size` will be accessed as an attribute; e.g. use `DataCollection.size` **not** `DataCollection.size()`
  total_size = round(sum(granule.size() for granule in granules) / 1024, 2)
/opt/miniconda3/envs/co2/lib/python3.11/site-packages/earthaccess/store.py:832: FutureWarning: As of version 1.0, `DataGranule.size` will be accessed as an attribute; e.g. use `DataCollection.size` **not** `DataCollection.size()`
  total_size = round(sum(granule.size() for granule in granules) / 1024, 2)
/opt/miniconda3/envs/co2/lib/python3.11/site-packages/earthaccess/store.py:832: FutureWarning: As of version 1.0, `DataGranule.size` will be accessed as an attribute; e.g. use `DataCollection.size` **not** `DataCollection.size()`
  total_size = round(sum(granule.size() for granule in granules) / 1024, 2)
/opt/miniconda3/envs/co2/lib/python3.11/site-packages/earthaccess/store.py:832: FutureWarning: As of version 1.0, `DataGranule.size` will be accessed as an attribute; e.g. use `DataCollection.size` **not** `DataCollection.size()`
  total_size = round(sum(granule.size() for granule in granules) / 1024, 2)
/opt/miniconda3/envs/co2/lib/python3.11/site-packages/earthaccess/store.py:832: FutureWarning: As of version 1.0, `DataGranule.size` will be accessed as an attribute; e.g. use `DataCollection.size` **not** `DataCollection.size()`
  total_size = round(sum(granule.size() for granule in granules) / 1024, 2)
/opt/miniconda3/envs/co2/lib/python3.11/site-packages/earthaccess/store.py:832: FutureWarning: As of version 1.0, `DataGranule.size` will be accessed as an attribute; e.g. use `DataCollection.size` **not** `DataCollection.size()`
  total_size = round(sum(granule.size() for granule in granules) / 1024, 2)
/opt/miniconda3/envs/co2/lib/python3.11/site-packages/earthaccess/store.py:832: FutureWarning: As of version 1.0, `DataGranule.size` will be accessed as an attribute; e.g. use `DataCollection.size` **not** `DataCollection.size()`
  total_size = round(sum(granule.size() for granule in granules) / 1024, 2)
/opt/miniconda3/envs/co2/lib/python3.11/site-packages/earthaccess/store.py:832: FutureWarning: As of version 1.0, `DataGranule.size` will be accessed as an attribute; e.g. use `DataCollection.size` **not** `DataCollection.size()`
  total_size = round(sum(granule.size() for granule in granules) / 1024, 2)
/opt/miniconda3/envs/co2/lib/python3.11/site-packages/earthaccess/store.py:832: FutureWarning: As of version 1.0, `DataGranule.size` will be accessed as an attribute; e.g. use `DataCollection.size` **not** `DataCollection.size()`
  total_size = round(sum(granule.size() for granule in granules) / 1024, 2)
/opt/miniconda3/envs/co2/lib/python3.11/site-packages/earthaccess/store.py:832: FutureWarning: As of version 1.0, `DataGranule.size` will be accessed as an attribute; e.g. use `DataCollection.size` **not** `DataCollection.size()`
  total_size = round(sum(granule.size() for granule in granules) / 1024, 2)
/opt/miniconda3/envs/co2/lib/python3.11/site-packages/earthaccess/store.py:832: FutureWarning: As of version 1.0, `DataGranule.size` will be accessed as an attribute; e.g. use `DataCollection.size` **not** `DataCollection.size()`
  total_size = round(sum(granule.size() for granule in granules) / 1024, 2)
/opt/miniconda3/envs/co2/lib/python3.11/site-packages/earthaccess/store.py:832: FutureWarning: As of version 1.0, `DataGranule.size` will be accessed as an attribute; e.g. use `DataCollection.size` **not** `DataCollection.size()`
  total_size = round(sum(granule.size() for granule in granules) / 1024, 2)
/opt/miniconda3/envs/co2/lib/python3.11/site-packages/earthaccess/store.py:832: FutureWarning: As of version 1.0, `DataGranule.size` will be accessed as an attribute; e.g. use `DataCollection.size` **not** `DataCollection.size()`
  total_size = round(sum(granule.size() for granule in granules) / 1024, 2)
/opt/miniconda3/envs/co2/lib/python3.11/site-packages/earthaccess/store.py:832: FutureWarning: As of version 1.0, `DataGranule.size` will be accessed as an attribute; e.g. use `DataCollection.size` **not** `DataCollection.size()`
  total_size = round(sum(granule.size() for granule in granules) / 1024, 2)
/opt/miniconda3/envs/co2/lib/python3.11/site-packages/earthaccess/store.py:832: FutureWarning: As of version 1.0, `DataGranule.size` will be accessed as an attribute; e.g. use `DataCollection.size` **not** `DataCollection.size()`
  total_size = round(sum(granule.size() for granule in granules) / 1024, 2)
/opt/miniconda3/envs/co2/lib/python3.11/site-packages/earthaccess/store.py:832: FutureWarning: As of version 1.0, `DataGranule.size` will be accessed as an attribute; e.g. use `DataCollection.size` **not** `DataCollection.size()`
  total_size = round(sum(granule.size() for granule in granules) / 1024, 2)
/opt/miniconda3/envs/co2/lib/python3.11/site-packages/earthaccess/store.py:832: FutureWarning: As of version 1.0, `DataGranule.size` will be accessed as an attribute; e.g. use `DataCollection.size` **not** `DataCollection.size()`
  total_size = round(sum(granule.size() for granule in granules) / 1024, 2)
/opt/miniconda3/envs/co2/lib/python3.11/site-packages/earthaccess/store.py:832: FutureWarning: As of version 1.0, `DataGranule.size` will be accessed as an attribute; e.g. use `DataCollection.size` **not** `DataCollection.size()`
  total_size = round(sum(granule.size() for granule in granules) / 1024, 2)
/opt/miniconda3/envs/co2/lib/python3.11/site-packages/earthaccess/store.py:832: FutureWarning: As of version 1.0, `DataGranule.size` will be accessed as an attribute; e.g. use `DataCollection.size` **not** `DataCollection.size()`
  total_size = round(sum(granule.size() for granule in granules) / 1024, 2)
/opt/miniconda3/envs/co2/lib/python3.11/site-packages/earthaccess/store.py:832: FutureWarning: As of version 1.0, `DataGranule.size` will be accessed as an attribute; e.g. use `DataCollection.size` **not** `DataCollection.size()`
  total_size = round(sum(granule.size() for granule in granules) / 1024, 2)
/opt/miniconda3/envs/co2/lib/python3.11/site-packages/earthaccess/store.py:832: FutureWarning: As of version 1.0, `DataGranule.size` will be accessed as an attribute; e.g. use `DataCollection.size` **not** `DataCollection.size()`
  total_size = round(sum(granule.size() for granule in granules) / 1024, 2)
/opt/miniconda3/envs/co2/lib/python3.11/site-packages/earthaccess/store.py:832: FutureWarning: As of version 1.0, `DataGranule.size` will be accessed as an attribute; e.g. use `DataCollection.size` **not** `DataCollection.size()`
  total_size = round(sum(granule.size() for granule in granules) / 1024, 2)
/opt/miniconda3/envs/co2/lib/python3.11/site-packages/earthaccess/store.py:832: FutureWarning: As of version 1.0, `DataGranule.size` will be accessed as an attribute; e.g. use `DataCollection.size` **not** `DataCollection.size()`
  total_size = round(sum(granule.size() for granule in granules) / 1024, 2)
/opt/miniconda3/envs/co2/lib/python3.11/site-packages/earthaccess/store.py:832: FutureWarning: As of version 1.0, `DataGranule.size` will be accessed as an attribute; e.g. use `DataCollection.size` **not** `DataCollection.size()`
  total_size = round(sum(granule.size() for granule in granules) / 1024, 2)
/opt/miniconda3/envs/co2/lib/python3.11/site-packages/earthaccess/store.py:832: FutureWarning: As of version 1.0, `DataGranule.size` will be accessed as an attribute; e.g. use `DataCollection.size` **not** `DataCollection.size()`
  total_size = round(sum(granule.size() for granule in granules) / 1024, 2)
/opt/miniconda3/envs/co2/lib/python3.11/site-packages/earthaccess/store.py:832: FutureWarning: As of version 1.0, `DataGranule.size` will be accessed as an attribute; e.g. use `DataCollection.size` **not** `DataCollection.size()`
  total_size = round(sum(granule.size() for granule in granules) / 1024, 2)
/opt/miniconda3/envs/co2/lib/python3.11/site-packages/earthaccess/store.py:832: FutureWarning: As of version 1.0, `DataGranule.size` will be accessed as an attribute; e.g. use `DataCollection.size` **not** `DataCollection.size()`
  total_size = round(sum(granule.size() for granule in granules) / 1024, 2)
/opt/miniconda3/envs/co2/lib/python3.11/site-packages/earthaccess/store.py:832: FutureWarning: As of version 1.0, `DataGranule.size` will be accessed as an attribute; e.g. use `DataCollection.size` **not** `DataCollection.size()`
  total_size = round(sum(granule.size() for granule in granules) / 1024, 2)
/opt/miniconda3/envs/co2/lib/python3.11/site-packages/earthaccess/store.py:832: FutureWarning: As of version 1.0, `DataGranule.size` will be accessed as an attribute; e.g. use `DataCollection.size` **not** `DataCollection.size()`
  total_size = round(sum(granule.size() for granule in granules) / 1024, 2)
/opt/miniconda3/envs/co2/lib/python3.11/site-packages/earthaccess/store.py:832: FutureWarning: As of version 1.0, `DataGranule.size` will be accessed as an attribute; e.g. use `DataCollection.size` **not** `DataCollection.size()`
  total_size = round(sum(granule.size() for granule in granules) / 1024, 2)
/opt/miniconda3/envs/co2/lib/python3.11/site-packages/earthaccess/store.py:832: FutureWarning: As of version 1.0, `DataGranule.size` will be accessed as an attribute; e.g. use `DataCollection.size` **not** `DataCollection.size()`
  total_size = round(sum(granule.size() for granule in granules) / 1024, 2)
/opt/miniconda3/envs/co2/lib/python3.11/site-packages/earthaccess/store.py:832: FutureWarning: As of version 1.0, `DataGranule.size` will be accessed as an attribute; e.g. use `DataCollection.size` **not** `DataCollection.size()`
  total_size = round(sum(granule.size() for granule in granules) / 1024, 2)
/opt/miniconda3/envs/co2/lib/python3.11/site-packages/earthaccess/store.py:832: FutureWarning: As of version 1.0, `DataGranule.size` will be accessed as an attribute; e.g. use `DataCollection.size` **not** `DataCollection.size()`
  total_size = round(sum(granule.size() for granule in granules) / 1024, 2)
/opt/miniconda3/envs/co2/lib/python3.11/site-packages/earthaccess/store.py:832: FutureWarning: As of version 1.0, `DataGranule.size` will be accessed as an attribute; e.g. use `DataCollection.size` **not** `DataCollection.size()`
  total_size = round(sum(granule.size() for granule in granules) / 1024, 2)
/opt/miniconda3/envs/co2/lib/python3.11/site-packages/earthaccess/store.py:832: FutureWarning: As of version 1.0, `DataGranule.size` will be accessed as an attribute; e.g. use `DataCollection.size` **not** `DataCollection.size()`
  total_size = round(sum(granule.size() for granule in granules) / 1024, 2)
/opt/miniconda3/envs/co2/lib/python3.11/site-packages/earthaccess/store.py:832: FutureWarning: As of version 1.0, `DataGranule.size` will be accessed as an attribute; e.g. use `DataCollection.size` **not** `DataCollection.size()`
  total_size = round(sum(granule.size() for granule in granules) / 1024, 2)
/opt/miniconda3/envs/co2/lib/python3.11/site-packages/earthaccess/store.py:832: FutureWarning: As of version 1.0, `DataGranule.size` will be accessed as an attribute; e.g. use `DataCollection.size` **not** `DataCollection.size()`
  total_size = round(sum(granule.size() for granule in granules) / 1024, 2)
/opt/miniconda3/envs/co2/lib/python3.11/site-packages/earthaccess/store.py:832: FutureWarning: As of version 1.0, `DataGranule.size` will be accessed as an attribute; e.g. use `DataCollection.size` **not** `DataCollection.size()`
  total_size = round(sum(granule.size() for granule in granules) / 1024, 2)
/opt/miniconda3/envs/co2/lib/python3.11/site-packages/earthaccess/store.py:832: FutureWarning: As of version 1.0, `DataGranule.size` will be accessed as an attribute; e.g. use `DataCollection.size` **not** `DataCollection.size()`
  total_size = round(sum(granule.size() for granule in granules) / 1024, 2)
/opt/miniconda3/envs/co2/lib/python3.11/site-packages/earthaccess/store.py:832: FutureWarning: As of version 1.0, `DataGranule.size` will be accessed as an attribute; e.g. use `DataCollection.size` **not** `DataCollection.size()`
  total_size = round(sum(granule.size() for granule in granules) / 1024, 2)
/opt/miniconda3/envs/co2/lib/python3.11/site-packages/earthaccess/store.py:832: FutureWarning: As of version 1.0, `DataGranule.size` will be accessed as an attribute; e.g. use `DataCollection.size` **not** `DataCollection.size()`
  total_size = round(sum(granule.size() for granule in granules) / 1024, 2)
/opt/miniconda3/envs/co2/lib/python3.11/site-packages/earthaccess/store.py:832: FutureWarning: As of version 1.0, `DataGranule.size` will be accessed as an attribute; e.g. use `DataCollection.size` **not** `DataCollection.size()`
  total_size = round(sum(granule.size() for granule in granules) / 1024, 2)
/opt/miniconda3/envs/co2/lib/python3.11/site-packages/earthaccess/store.py:832: FutureWarning: As of version 1.0, `DataGranule.size` will be accessed as an attribute; e.g. use `DataCollection.size` **not** `DataCollection.size()`
  total_size = round(sum(granule.size() for granule in granules) / 1024, 2)
/opt/miniconda3/envs/co2/lib/python3.11/site-packages/earthaccess/store.py:832: FutureWarning: As of version 1.0, `DataGranule.size` will be accessed as an attribute; e.g. use `DataCollection.size` **not** `DataCollection.size()`
  total_size = round(sum(granule.size() for granule in granules) / 1024, 2)
/opt/miniconda3/envs/co2/lib/python3.11/site-packages/earthaccess/store.py:832: FutureWarning: As of version 1.0, `DataGranule.size` will be accessed as an attribute; e.g. use `DataCollection.size` **not** `DataCollection.size()`
  total_size = round(sum(granule.size() for granule in granules) / 1024, 2)
/opt/miniconda3/envs/co2/lib/python3.11/site-packages/earthaccess/store.py:832: FutureWarning: As of version 1.0, `DataGranule.size` will be accessed as an attribute; e.g. use `DataCollection.size` **not** `DataCollection.size()`
  total_size = round(sum(granule.size() for granule in granules) / 1024, 2)
/opt/miniconda3/envs/co2/lib/python3.11/site-packages/earthaccess/store.py:832: FutureWarning: As of version 1.0, `DataGranule.size` will be accessed as an attribute; e.g. use `DataCollection.size` **not** `DataCollection.size()`
  total_size = round(sum(granule.size() for granule in granules) / 1024, 2)
/opt/miniconda3/envs/co2/lib/python3.11/site-packages/earthaccess/store.py:832: FutureWarning: As of version 1.0, `DataGranule.size` will be accessed as an attribute; e.g. use `DataCollection.size` **not** `DataCollection.size()`
  total_size = round(sum(granule.size() for granule in granules) / 1024, 2)
/opt/miniconda3/envs/co2/lib/python3.11/site-packages/earthaccess/store.py:832: FutureWarning: As of version 1.0, `DataGranule.size` will be accessed as an attribute; e.g. use `DataCollection.size` **not** `DataCollection.size()`
  total_size = round(sum(granule.size() for granule in granules) / 1024, 2)
/opt/miniconda3/envs/co2/lib/python3.11/site-packages/earthaccess/store.py:832: FutureWarning: As of version 1.0, `DataGranule.size` will be accessed as an attribute; e.g. use `DataCollection.size` **not** `DataCollection.size()`
  total_size = round(sum(granule.size() for granule in granules) / 1024, 2)
/opt/miniconda3/envs/co2/lib/python3.11/site-packages/earthaccess/store.py:832: FutureWarning: As of version 1.0, `DataGranule.size` will be accessed as an attribute; e.g. use `DataCollection.size` **not** `DataCollection.size()`
  total_size = round(sum(granule.size() for granule in granules) / 1024, 2)
/opt/miniconda3/envs/co2/lib/python3.11/site-packages/earthaccess/store.py:832: FutureWarning: As of version 1.0, `DataGranule.size` will be accessed as an attribute; e.g. use `DataCollection.size` **not** `DataCollection.size()`
  total_size = round(sum(granule.size() for granule in granules) / 1024, 2)
/opt/miniconda3/envs/co2/lib/python3.11/site-packages/earthaccess/store.py:832: FutureWarning: As of version 1.0, `DataGranule.size` will be accessed as an attribute; e.g. use `DataCollection.size` **not** `DataCollection.size()`
  total_size = round(sum(granule.size() for granule in granules) / 1024, 2)
/opt/miniconda3/envs/co2/lib/python3.11/site-packages/earthaccess/store.py:832: FutureWarning: As of version 1.0, `DataGranule.size` will be accessed as an attribute; e.g. use `DataCollection.size` **not** `DataCollection.size()`
  total_size = round(sum(granule.size() for granule in granules) / 1024, 2)
/opt/miniconda3/envs/co2/lib/python3.11/site-packages/earthaccess/store.py:832: FutureWarning: As of version 1.0, `DataGranule.size` will be accessed as an attribute; e.g. use `DataCollection.size` **not** `DataCollection.size()`
  total_size = round(sum(granule.size() for granule in granules) / 1024, 2)
/opt/miniconda3/envs/co2/lib/python3.11/site-packages/earthaccess/store.py:832: FutureWarning: As of version 1.0, `DataGranule.size` will be accessed as an attribute; e.g. use `DataCollection.size` **not** `DataCollection.size()`
  total_size = round(sum(granule.size() for granule in granules) / 1024, 2)
/opt/miniconda3/envs/co2/lib/python3.11/site-packages/earthaccess/store.py:832: FutureWarning: As of version 1.0, `DataGranule.size` will be accessed as an attribute; e.g. use `DataCollection.size` **not** `DataCollection.size()`
  total_size = round(sum(granule.size() for granule in granules) / 1024, 2)
/opt/miniconda3/envs/co2/lib/python3.11/site-packages/earthaccess/store.py:832: FutureWarning: As of version 1.0, `DataGranule.size` will be accessed as an attribute; e.g. use `DataCollection.size` **not** `DataCollection.size()`
  total_size = round(sum(granule.size() for granule in granules) / 1024, 2)
/opt/miniconda3/envs/co2/lib/python3.11/site-packages/earthaccess/store.py:832: FutureWarning: As of version 1.0, `DataGranule.size` will be accessed as an attribute; e.g. use `DataCollection.size` **not** `DataCollection.size()`
  total_size = round(sum(granule.size() for granule in granules) / 1024, 2)
/opt/miniconda3/envs/co2/lib/python3.11/site-packages/earthaccess/store.py:832: FutureWarning: As of version 1.0, `DataGranule.size` will be accessed as an attribute; e.g. use `DataCollection.size` **not** `DataCollection.size()`
  total_size = round(sum(granule.size() for granule in granules) / 1024, 2)
/opt/miniconda3/envs/co2/lib/python3.11/site-packages/earthaccess/store.py:832: FutureWarning: As of version 1.0, `DataGranule.size` will be accessed as an attribute; e.g. use `DataCollection.size` **not** `DataCollection.size()`
  total_size = round(sum(granule.size() for granule in granules) / 1024, 2)
/opt/miniconda3/envs/co2/lib/python3.11/site-packages/earthaccess/store.py:832: FutureWarning: As of version 1.0, `DataGranule.size` will be accessed as an attribute; e.g. use `DataCollection.size` **not** `DataCollection.size()`
  total_size = round(sum(granule.size() for granule in granules) / 1024, 2)
/opt/miniconda3/envs/co2/lib/python3.11/site-packages/earthaccess/store.py:832: FutureWarning: As of version 1.0, `DataGranule.size` will be accessed as an attribute; e.g. use `DataCollection.size` **not** `DataCollection.size()`
  total_size = round(sum(granule.size() for granule in granules) / 1024, 2)
/opt/miniconda3/envs/co2/lib/python3.11/site-packages/earthaccess/store.py:832: FutureWarning: As of version 1.0, `DataGranule.size` will be accessed as an attribute; e.g. use `DataCollection.size` **not** `DataCollection.size()`
  total_size = round(sum(granule.size() for granule in granules) / 1024, 2)
/opt/miniconda3/envs/co2/lib/python3.11/site-packages/earthaccess/store.py:832: FutureWarning: As of version 1.0, `DataGranule.size` will be accessed as an attribute; e.g. use `DataCollection.size` **not** `DataCollection.size()`
  total_size = round(sum(granule.size() for granule in granules) / 1024, 2)
/opt/miniconda3/envs/co2/lib/python3.11/site-packages/earthaccess/store.py:832: FutureWarning: As of version 1.0, `DataGranule.size` will be accessed as an attribute; e.g. use `DataCollection.size` **not** `DataCollection.size()`
  total_size = round(sum(granule.size() for granule in granules) / 1024, 2)
/opt/miniconda3/envs/co2/lib/python3.11/site-packages/earthaccess/store.py:832: FutureWarning: As of version 1.0, `DataGranule.size` will be accessed as an attribute; e.g. use `DataCollection.size` **not** `DataCollection.size()`
  total_size = round(sum(granule.size() for granule in granules) / 1024, 2)
/opt/miniconda3/envs/co2/lib/python3.11/site-packages/earthaccess/store.py:832: FutureWarning: As of version 1.0, `DataGranule.size` will be accessed as an attribute; e.g. use `DataCollection.size` **not** `DataCollection.size()`
  total_size = round(sum(granule.size() for granule in granules) / 1024, 2)
/opt/miniconda3/envs/co2/lib/python3.11/site-packages/earthaccess/store.py:832: FutureWarning: As of version 1.0, `DataGranule.size` will be accessed as an attribute; e.g. use `DataCollection.size` **not** `DataCollection.size()`
  total_size = round(sum(granule.size() for granule in granules) / 1024, 2)
/opt/miniconda3/envs/co2/lib/python3.11/site-packages/earthaccess/store.py:832: FutureWarning: As of version 1.0, `DataGranule.size` will be accessed as an attribute; e.g. use `DataCollection.size` **not** `DataCollection.size()`
  total_size = round(sum(granule.size() for granule in granules) / 1024, 2)
/opt/miniconda3/envs/co2/lib/python3.11/site-packages/earthaccess/store.py:832: FutureWarning: As of version 1.0, `DataGranule.size` will be accessed as an attribute; e.g. use `DataCollection.size` **not** `DataCollection.size()`
  total_size = round(sum(granule.size() for granule in granules) / 1024, 2)
/opt/miniconda3/envs/co2/lib/python3.11/site-packages/earthaccess/store.py:832: FutureWarning: As of version 1.0, `DataGranule.size` will be accessed as an attribute; e.g. use `DataCollection.size` **not** `DataCollection.size()`
  total_size = round(sum(granule.size() for granule in granules) / 1024, 2)
/opt/miniconda3/envs/co2/lib/python3.11/site-packages/earthaccess/store.py:832: FutureWarning: As of version 1.0, `DataGranule.size` will be accessed as an attribute; e.g. use `DataCollection.size` **not** `DataCollection.size()`
  total_size = round(sum(granule.size() for granule in granules) / 1024, 2)
/opt/miniconda3/envs/co2/lib/python3.11/site-packages/earthaccess/store.py:832: FutureWarning: As of version 1.0, `DataGranule.size` will be accessed as an attribute; e.g. use `DataCollection.size` **not** `DataCollection.size()`
  total_size = round(sum(granule.size() for granule in granules) / 1024, 2)
/opt/miniconda3/envs/co2/lib/python3.11/site-packages/earthaccess/store.py:832: FutureWarning: As of version 1.0, `DataGranule.size` will be accessed as an attribute; e.g. use `DataCollection.size` **not** `DataCollection.size()`
  total_size = round(sum(granule.size() for granule in granules) / 1024, 2)
/opt/miniconda3/envs/co2/lib/python3.11/site-packages/earthaccess/store.py:832: FutureWarning: As of version 1.0, `DataGranule.size` will be accessed as an attribute; e.g. use `DataCollection.size` **not** `DataCollection.size()`
  total_size = round(sum(granule.size() for granule in granules) / 1024, 2)
/opt/miniconda3/envs/co2/lib/python3.11/site-packages/earthaccess/store.py:832: FutureWarning: As of version 1.0, `DataGranule.size` will be accessed as an attribute; e.g. use `DataCollection.size` **not** `DataCollection.size()`
  total_size = round(sum(granule.size() for granule in granules) / 1024, 2)
/opt/miniconda3/envs/co2/lib/python3.11/site-packages/earthaccess/store.py:832: FutureWarning: As of version 1.0, `DataGranule.size` will be accessed as an attribute; e.g. use `DataCollection.size` **not** `DataCollection.size()`
  total_size = round(sum(granule.size() for granule in granules) / 1024, 2)
/opt/miniconda3/envs/co2/lib/python3.11/site-packages/earthaccess/store.py:832: FutureWarning: As of version 1.0, `DataGranule.size` will be accessed as an attribute; e.g. use `DataCollection.size` **not** `DataCollection.size()`
  total_size = round(sum(granule.size() for granule in granules) / 1024, 2)
/opt/miniconda3/envs/co2/lib/python3.11/site-packages/earthaccess/store.py:832: FutureWarning: As of version 1.0, `DataGranule.size` will be accessed as an attribute; e.g. use `DataCollection.size` **not** `DataCollection.size()`
  total_size = round(sum(granule.size() for granule in granules) / 1024, 2)
/opt/miniconda3/envs/co2/lib/python3.11/site-packages/earthaccess/store.py:832: FutureWarning: As of version 1.0, `DataGranule.size` will be accessed as an attribute; e.g. use `DataCollection.size` **not** `DataCollection.size()`
  total_size = round(sum(granule.size() for granule in granules) / 1024, 2)
/opt/miniconda3/envs/co2/lib/python3.11/site-packages/earthaccess/store.py:832: FutureWarning: As of version 1.0, `DataGranule.size` will be accessed as an attribute; e.g. use `DataCollection.size` **not** `DataCollection.size()`
  total_size = round(sum(granule.size() for granule in granules) / 1024, 2)
/opt/miniconda3/envs/co2/lib/python3.11/site-packages/earthaccess/store.py:832: FutureWarning: As of version 1.0, `DataGranule.size` will be accessed as an attribute; e.g. use `DataCollection.size` **not** `DataCollection.size()`
  total_size = round(sum(granule.size() for granule in granules) / 1024, 2)
/opt/miniconda3/envs/co2/lib/python3.11/site-packages/earthaccess/store.py:832: FutureWarning: As of version 1.0, `DataGranule.size` will be accessed as an attribute; e.g. use `DataCollection.size` **not** `DataCollection.size()`
  total_size = round(sum(granule.size() for granule in granules) / 1024, 2)
/opt/miniconda3/envs/co2/lib/python3.11/site-packages/earthaccess/store.py:832: FutureWarning: As of version 1.0, `DataGranule.size` will be accessed as an attribute; e.g. use `DataCollection.size` **not** `DataCollection.size()`
  total_size = round(sum(granule.size() for granule in granules) / 1024, 2)
/opt/miniconda3/envs/co2/lib/python3.11/site-packages/earthaccess/store.py:832: FutureWarning: As of version 1.0, `DataGranule.size` will be accessed as an attribute; e.g. use `DataCollection.size` **not** `DataCollection.size()`
  total_size = round(sum(granule.size() for granule in granules) / 1024, 2)
/opt/miniconda3/envs/co2/lib/python3.11/site-packages/earthaccess/store.py:832: FutureWarning: As of version 1.0, `DataGranule.size` will be accessed as an attribute; e.g. use `DataCollection.size` **not** `DataCollection.size()`
  total_size = round(sum(granule.size() for granule in granules) / 1024, 2)
/opt/miniconda3/envs/co2/lib/python3.11/site-packages/earthaccess/store.py:832: FutureWarning: As of version 1.0, `DataGranule.size` will be accessed as an attribute; e.g. use `DataCollection.size` **not** `DataCollection.size()`
  total_size = round(sum(granule.size() for granule in granules) / 1024, 2)
/opt/miniconda3/envs/co2/lib/python3.11/site-packages/earthaccess/store.py:832: FutureWarning: As of version 1.0, `DataGranule.size` will be accessed as an attribute; e.g. use `DataCollection.size` **not** `DataCollection.size()`
  total_size = round(sum(granule.size() for granule in granules) / 1024, 2)
/opt/miniconda3/envs/co2/lib/python3.11/site-packages/earthaccess/store.py:832: FutureWarning: As of version 1.0, `DataGranule.size` will be accessed as an attribute; e.g. use `DataCollection.size` **not** `DataCollection.size()`
  total_size = round(sum(granule.size() for granule in granules) / 1024, 2)
/opt/miniconda3/envs/co2/lib/python3.11/site-packages/earthaccess/store.py:832: FutureWarning: As of version 1.0, `DataGranule.size` will be accessed as an attribute; e.g. use `DataCollection.size` **not** `DataCollection.size()`
  total_size = round(sum(granule.size() for granule in granules) / 1024, 2)
/opt/miniconda3/envs/co2/lib/python3.11/site-packages/earthaccess/store.py:832: FutureWarning: As of version 1.0, `DataGranule.size` will be accessed as an attribute; e.g. use `DataCollection.size` **not** `DataCollection.size()`
  total_size = round(sum(granule.size() for granule in granules) / 1024, 2)
/opt/miniconda3/envs/co2/lib/python3.11/site-packages/earthaccess/store.py:832: FutureWarning: As of version 1.0, `DataGranule.size` will be accessed as an attribute; e.g. use `DataCollection.size` **not** `DataCollection.size()`
  total_size = round(sum(granule.size() for granule in granules) / 1024, 2)
/opt/miniconda3/envs/co2/lib/python3.11/site-packages/earthaccess/store.py:832: FutureWarning: As of version 1.0, `DataGranule.size` will be accessed as an attribute; e.g. use `DataCollection.size` **not** `DataCollection.size()`
  total_size = round(sum(granule.size() for granule in granules) / 1024, 2)
/opt/miniconda3/envs/co2/lib/python3.11/site-packages/earthaccess/store.py:832: FutureWarning: As of version 1.0, `DataGranule.size` will be accessed as an attribute; e.g. use `DataCollection.size` **not** `DataCollection.size()`
  total_size = round(sum(granule.size() for granule in granules) / 1024, 2)
/opt/miniconda3/envs/co2/lib/python3.11/site-packages/earthaccess/store.py:832: FutureWarning: As of version 1.0, `DataGranule.size` will be accessed as an attribute; e.g. use `DataCollection.size` **not** `DataCollection.size()`
  total_size = round(sum(granule.size() for granule in granules) / 1024, 2)
/opt/miniconda3/envs/co2/lib/python3.11/site-packages/earthaccess/store.py:832: FutureWarning: As of version 1.0, `DataGranule.size` will be accessed as an attribute; e.g. use `DataCollection.size` **not** `DataCollection.size()`
  total_size = round(sum(granule.size() for granule in granules) / 1024, 2)
/opt/miniconda3/envs/co2/lib/python3.11/site-packages/earthaccess/store.py:832: FutureWarning: As of version 1.0, `DataGranule.size` will be accessed as an attribute; e.g. use `DataCollection.size` **not** `DataCollection.size()`
  total_size = round(sum(granule.size() for granule in granules) / 1024, 2)
/opt/miniconda3/envs/co2/lib/python3.11/site-packages/earthaccess/store.py:832: FutureWarning: As of version 1.0, `DataGranule.size` will be accessed as an attribute; e.g. use `DataCollection.size` **not** `DataCollection.size()`
  total_size = round(sum(granule.size() for granule in granules) / 1024, 2)
/opt/miniconda3/envs/co2/lib/python3.11/site-packages/earthaccess/store.py:832: FutureWarning: As of version 1.0, `DataGranule.size` will be accessed as an attribute; e.g. use `DataCollection.size` **not** `DataCollection.size()`
  total_size = round(sum(granule.size() for granule in granules) / 1024, 2)
/opt/miniconda3/envs/co2/lib/python3.11/site-packages/earthaccess/store.py:832: FutureWarning: As of version 1.0, `DataGranule.size` will be accessed as an attribute; e.g. use `DataCollection.size` **not** `DataCollection.size()`
  total_size = round(sum(granule.size() for granule in granules) / 1024, 2)
/opt/miniconda3/envs/co2/lib/python3.11/site-packages/earthaccess/store.py:832: FutureWarning: As of version 1.0, `DataGranule.size` will be accessed as an attribute; e.g. use `DataCollection.size` **not** `DataCollection.size()`
  total_size = round(sum(granule.size() for granule in granules) / 1024, 2)
/opt/miniconda3/envs/co2/lib/python3.11/site-packages/earthaccess/store.py:832: FutureWarning: As of version 1.0, `DataGranule.size` will be accessed as an attribute; e.g. use `DataCollection.size` **not** `DataCollection.size()`
  total_size = round(sum(granule.size() for granule in granules) / 1024, 2)
/opt/miniconda3/envs/co2/lib/python3.11/site-packages/earthaccess/store.py:832: FutureWarning: As of version 1.0, `DataGranule.size` will be accessed as an attribute; e.g. use `DataCollection.size` **not** `DataCollection.size()`
  total_size = round(sum(granule.size() for granule in granules) / 1024, 2)
/opt/miniconda3/envs/co2/lib/python3.11/site-packages/earthaccess/store.py:832: FutureWarning: As of version 1.0, `DataGranule.size` will be accessed as an attribute; e.g. use `DataCollection.size` **not** `DataCollection.size()`
  total_size = round(sum(granule.size() for granule in granules) / 1024, 2)
/opt/miniconda3/envs/co2/lib/python3.11/site-packages/earthaccess/store.py:832: FutureWarning: As of version 1.0, `DataGranule.size` will be accessed as an attribute; e.g. use `DataCollection.size` **not** `DataCollection.size()`
  total_size = round(sum(granule.size() for granule in granules) / 1024, 2)
/opt/miniconda3/envs/co2/lib/python3.11/site-packages/earthaccess/store.py:832: FutureWarning: As of version 1.0, `DataGranule.size` will be accessed as an attribute; e.g. use `DataCollection.size` **not** `DataCollection.size()`
  total_size = round(sum(granule.size() for granule in granules) / 1024, 2)
/opt/miniconda3/envs/co2/lib/python3.11/site-packages/earthaccess/store.py:832: FutureWarning: As of version 1.0, `DataGranule.size` will be accessed as an attribute; e.g. use `DataCollection.size` **not** `DataCollection.size()`
  total_size = round(sum(granule.size() for granule in granules) / 1024, 2)
/opt/miniconda3/envs/co2/lib/python3.11/site-packages/earthaccess/store.py:832: FutureWarning: As of version 1.0, `DataGranule.size` will be accessed as an attribute; e.g. use `DataCollection.size` **not** `DataCollection.size()`
  total_size = round(sum(granule.size() for granule in granules) / 1024, 2)
/opt/miniconda3/envs/co2/lib/python3.11/site-packages/earthaccess/store.py:832: FutureWarning: As of version 1.0, `DataGranule.size` will be accessed as an attribute; e.g. use `DataCollection.size` **not** `DataCollection.size()`
  total_size = round(sum(granule.size() for granule in granules) / 1024, 2)
/opt/miniconda3/envs/co2/lib/python3.11/site-packages/earthaccess/store.py:832: FutureWarning: As of version 1.0, `DataGranule.size` will be accessed as an attribute; e.g. use `DataCollection.size` **not** `DataCollection.size()`
  total_size = round(sum(granule.size() for granule in granules) / 1024, 2)
/opt/miniconda3/envs/co2/lib/python3.11/site-packages/earthaccess/store.py:832: FutureWarning: As of version 1.0, `DataGranule.size` will be accessed as an attribute; e.g. use `DataCollection.size` **not** `DataCollection.size()`
  total_size = round(sum(granule.size() for granule in granules) / 1024, 2)
/opt/miniconda3/envs/co2/lib/python3.11/site-packages/earthaccess/store.py:832: FutureWarning: As of version 1.0, `DataGranule.size` will be accessed as an attribute; e.g. use `DataCollection.size` **not** `DataCollection.size()`
  total_size = round(sum(granule.size() for granule in granules) / 1024, 2)
/opt/miniconda3/envs/co2/lib/python3.11/site-packages/earthaccess/store.py:832: FutureWarning: As of version 1.0, `DataGranule.size` will be accessed as an attribute; e.g. use `DataCollection.size` **not** `DataCollection.size()`
  total_size = round(sum(granule.size() for granule in granules) / 1024, 2)
/opt/miniconda3/envs/co2/lib/python3.11/site-packages/earthaccess/store.py:832: FutureWarning: As of version 1.0, `DataGranule.size` will be accessed as an attribute; e.g. use `DataCollection.size` **not** `DataCollection.size()`
  total_size = round(sum(granule.size() for granule in granules) / 1024, 2)
/opt/miniconda3/envs/co2/lib/python3.11/site-packages/earthaccess/store.py:832: FutureWarning: As of version 1.0, `DataGranule.size` will be accessed as an attribute; e.g. use `DataCollection.size` **not** `DataCollection.size()`
  total_size = round(sum(granule.size() for granule in granules) / 1024, 2)
/opt/miniconda3/envs/co2/lib/python3.11/site-packages/earthaccess/store.py:832: FutureWarning: As of version 1.0, `DataGranule.size` will be accessed as an attribute; e.g. use `DataCollection.size` **not** `DataCollection.size()`
  total_size = round(sum(granule.size() for granule in granules) / 1024, 2)
/opt/miniconda3/envs/co2/lib/python3.11/site-packages/earthaccess/store.py:832: FutureWarning: As of version 1.0, `DataGranule.size` will be accessed as an attribute; e.g. use `DataCollection.size` **not** `DataCollection.size()`
  total_size = round(sum(granule.size() for granule in granules) / 1024, 2)
/opt/miniconda3/envs/co2/lib/python3.11/site-packages/earthaccess/store.py:832: FutureWarning: As of version 1.0, `DataGranule.size` will be accessed as an attribute; e.g. use `DataCollection.size` **not** `DataCollection.size()`
  total_size = round(sum(granule.size() for granule in granules) / 1024, 2)
/opt/miniconda3/envs/co2/lib/python3.11/site-packages/earthaccess/store.py:832: FutureWarning: As of version 1.0, `DataGranule.size` will be accessed as an attribute; e.g. use `DataCollection.size` **not** `DataCollection.size()`
  total_size = round(sum(granule.size() for granule in granules) / 1024, 2)
/opt/miniconda3/envs/co2/lib/python3.11/site-packages/earthaccess/store.py:832: FutureWarning: As of version 1.0, `DataGranule.size` will be accessed as an attribute; e.g. use `DataCollection.size` **not** `DataCollection.size()`
  total_size = round(sum(granule.size() for granule in granules) / 1024, 2)
/opt/miniconda3/envs/co2/lib/python3.11/site-packages/earthaccess/store.py:832: FutureWarning: As of version 1.0, `DataGranule.size` will be accessed as an attribute; e.g. use `DataCollection.size` **not** `DataCollection.size()`
  total_size = round(sum(granule.size() for granule in granules) / 1024, 2)
/opt/miniconda3/envs/co2/lib/python3.11/site-packages/earthaccess/store.py:832: FutureWarning: As of version 1.0, `DataGranule.size` will be accessed as an attribute; e.g. use `DataCollection.size` **not** `DataCollection.size()`
  total_size = round(sum(granule.size() for granule in granules) / 1024, 2)
/opt/miniconda3/envs/co2/lib/python3.11/site-packages/earthaccess/store.py:832: FutureWarning: As of version 1.0, `DataGranule.size` will be accessed as an attribute; e.g. use `DataCollection.size` **not** `DataCollection.size()`
  total_size = round(sum(granule.size() for granule in granules) / 1024, 2)
/opt/miniconda3/envs/co2/lib/python3.11/site-packages/earthaccess/store.py:832: FutureWarning: As of version 1.0, `DataGranule.size` will be accessed as an attribute; e.g. use `DataCollection.size` **not** `DataCollection.size()`
  total_size = round(sum(granule.size() for granule in granules) / 1024, 2)
/opt/miniconda3/envs/co2/lib/python3.11/site-packages/earthaccess/store.py:832: FutureWarning: As of version 1.0, `DataGranule.size` will be accessed as an attribute; e.g. use `DataCollection.size` **not** `DataCollection.size()`
  total_size = round(sum(granule.size() for granule in granules) / 1024, 2)
/opt/miniconda3/envs/co2/lib/python3.11/site-packages/earthaccess/store.py:832: FutureWarning: As of version 1.0, `DataGranule.size` will be accessed as an attribute; e.g. use `DataCollection.size` **not** `DataCollection.size()`
  total_size = round(sum(granule.size() for granule in granules) / 1024, 2)
/opt/miniconda3/envs/co2/lib/python3.11/site-packages/earthaccess/store.py:832: FutureWarning: As of version 1.0, `DataGranule.size` will be accessed as an attribute; e.g. use `DataCollection.size` **not** `DataCollection.size()`
  total_size = round(sum(granule.size() for granule in granules) / 1024, 2)
/opt/miniconda3/envs/co2/lib/python3.11/site-packages/earthaccess/store.py:832: FutureWarning: As of version 1.0, `DataGranule.size` will be accessed as an attribute; e.g. use `DataCollection.size` **not** `DataCollection.size()`
  total_size = round(sum(granule.size() for granule in granules) / 1024, 2)
/opt/miniconda3/envs/co2/lib/python3.11/site-packages/earthaccess/store.py:832: FutureWarning: As of version 1.0, `DataGranule.size` will be accessed as an attribute; e.g. use `DataCollection.size` **not** `DataCollection.size()`
  total_size = round(sum(granule.size() for granule in granules) / 1024, 2)
/opt/miniconda3/envs/co2/lib/python3.11/site-packages/earthaccess/store.py:832: FutureWarning: As of version 1.0, `DataGranule.size` will be accessed as an attribute; e.g. use `DataCollection.size` **not** `DataCollection.size()`
  total_size = round(sum(granule.size() for granule in granules) / 1024, 2)
/opt/miniconda3/envs/co2/lib/python3.11/site-packages/earthaccess/store.py:832: FutureWarning: As of version 1.0, `DataGranule.size` will be accessed as an attribute; e.g. use `DataCollection.size` **not** `DataCollection.size()`
  total_size = round(sum(granule.size() for granule in granules) / 1024, 2)
/opt/miniconda3/envs/co2/lib/python3.11/site-packages/earthaccess/store.py:832: FutureWarning: As of version 1.0, `DataGranule.size` will be accessed as an attribute; e.g. use `DataCollection.size` **not** `DataCollection.size()`
  total_size = round(sum(granule.size() for granule in granules) / 1024, 2)
/opt/miniconda3/envs/co2/lib/python3.11/site-packages/earthaccess/store.py:832: FutureWarning: As of version 1.0, `DataGranule.size` will be accessed as an attribute; e.g. use `DataCollection.size` **not** `DataCollection.size()`
  total_size = round(sum(granule.size() for granule in granules) / 1024, 2)
/opt/miniconda3/envs/co2/lib/python3.11/site-packages/earthaccess/store.py:832: FutureWarning: As of version 1.0, `DataGranule.size` will be accessed as an attribute; e.g. use `DataCollection.size` **not** `DataCollection.size()`
  total_size = round(sum(granule.size() for granule in granules) / 1024, 2)
/opt/miniconda3/envs/co2/lib/python3.11/site-packages/earthaccess/store.py:832: FutureWarning: As of version 1.0, `DataGranule.size` will be accessed as an attribute; e.g. use `DataCollection.size` **not** `DataCollection.size()`
  total_size = round(sum(granule.size() for granule in granules) / 1024, 2)
/opt/miniconda3/envs/co2/lib/python3.11/site-packages/earthaccess/store.py:832: FutureWarning: As of version 1.0, `DataGranule.size` will be accessed as an attribute; e.g. use `DataCollection.size` **not** `DataCollection.size()`
  total_size = round(sum(granule.size() for granule in granules) / 1024, 2)
/opt/miniconda3/envs/co2/lib/python3.11/site-packages/earthaccess/store.py:832: FutureWarning: As of version 1.0, `DataGranule.size` will be accessed as an attribute; e.g. use `DataCollection.size` **not** `DataCollection.size()`
  total_size = round(sum(granule.size() for granule in granules) / 1024, 2)
/opt/miniconda3/envs/co2/lib/python3.11/site-packages/earthaccess/store.py:832: FutureWarning: As of version 1.0, `DataGranule.size` will be accessed as an attribute; e.g. use `DataCollection.size` **not** `DataCollection.size()`
  total_size = round(sum(granule.size() for granule in granules) / 1024, 2)
/opt/miniconda3/envs/co2/lib/python3.11/site-packages/earthaccess/store.py:832: FutureWarning: As of version 1.0, `DataGranule.size` will be accessed as an attribute; e.g. use `DataCollection.size` **not** `DataCollection.size()`
  total_size = round(sum(granule.size() for granule in granules) / 1024, 2)
/opt/miniconda3/envs/co2/lib/python3.11/site-packages/earthaccess/store.py:832: FutureWarning: As of version 1.0, `DataGranule.size` will be accessed as an attribute; e.g. use `DataCollection.size` **not** `DataCollection.size()`
  total_size = round(sum(granule.size() for granule in granules) / 1024, 2)
/opt/miniconda3/envs/co2/lib/python3.11/site-packages/earthaccess/store.py:832: FutureWarning: As of version 1.0, `DataGranule.size` will be accessed as an attribute; e.g. use `DataCollection.size` **not** `DataCollection.size()`
  total_size = round(sum(granule.size() for granule in granules) / 1024, 2)
/opt/miniconda3/envs/co2/lib/python3.11/site-packages/earthaccess/store.py:832: FutureWarning: As of version 1.0, `DataGranule.size` will be accessed as an attribute; e.g. use `DataCollection.size` **not** `DataCollection.size()`
  total_size = round(sum(granule.size() for granule in granules) / 1024, 2)
/opt/miniconda3/envs/co2/lib/python3.11/site-packages/earthaccess/store.py:832: FutureWarning: As of version 1.0, `DataGranule.size` will be accessed as an attribute; e.g. use `DataCollection.size` **not** `DataCollection.size()`
  total_size = round(sum(granule.size() for granule in granules) / 1024, 2)
/opt/miniconda3/envs/co2/lib/python3.11/site-packages/earthaccess/store.py:832: FutureWarning: As of version 1.0, `DataGranule.size` will be accessed as an attribute; e.g. use `DataCollection.size` **not** `DataCollection.size()`
  total_size = round(sum(granule.size() for granule in granules) / 1024, 2)
/opt/miniconda3/envs/co2/lib/python3.11/site-packages/earthaccess/store.py:832: FutureWarning: As of version 1.0, `DataGranule.size` will be accessed as an attribute; e.g. use `DataCollection.size` **not** `DataCollection.size()`
  total_size = round(sum(granule.size() for granule in granules) / 1024, 2)
/opt/miniconda3/envs/co2/lib/python3.11/site-packages/earthaccess/store.py:832: FutureWarning: As of version 1.0, `DataGranule.size` will be accessed as an attribute; e.g. use `DataCollection.size` **not** `DataCollection.size()`
  total_size = round(sum(granule.size() for granule in granules) / 1024, 2)
/opt/miniconda3/envs/co2/lib/python3.11/site-packages/earthaccess/store.py:832: FutureWarning: As of version 1.0, `DataGranule.size` will be accessed as an attribute; e.g. use `DataCollection.size` **not** `DataCollection.size()`
  total_size = round(sum(granule.size() for granule in granules) / 1024, 2)
/opt/miniconda3/envs/co2/lib/python3.11/site-packages/earthaccess/store.py:832: FutureWarning: As of version 1.0, `DataGranule.size` will be accessed as an attribute; e.g. use `DataCollection.size` **not** `DataCollection.size()`
  total_size = round(sum(granule.size() for granule in granules) / 1024, 2)
/opt/miniconda3/envs/co2/lib/python3.11/site-packages/earthaccess/store.py:832: FutureWarning: As of version 1.0, `DataGranule.size` will be accessed as an attribute; e.g. use `DataCollection.size` **not** `DataCollection.size()`
  total_size = round(sum(granule.size() for granule in granules) / 1024, 2)
/opt/miniconda3/envs/co2/lib/python3.11/site-packages/earthaccess/store.py:832: FutureWarning: As of version 1.0, `DataGranule.size` will be accessed as an attribute; e.g. use `DataCollection.size` **not** `DataCollection.size()`
  total_size = round(sum(granule.size() for granule in granules) / 1024, 2)
/opt/miniconda3/envs/co2/lib/python3.11/site-packages/earthaccess/store.py:832: FutureWarning: As of version 1.0, `DataGranule.size` will be accessed as an attribute; e.g. use `DataCollection.size` **not** `DataCollection.size()`
  total_size = round(sum(granule.size() for granule in granules) / 1024, 2)
/opt/miniconda3/envs/co2/lib/python3.11/site-packages/earthaccess/store.py:832: FutureWarning: As of version 1.0, `DataGranule.size` will be accessed as an attribute; e.g. use `DataCollection.size` **not** `DataCollection.size()`
  total_size = round(sum(granule.size() for granule in granules) / 1024, 2)
/opt/miniconda3/envs/co2/lib/python3.11/site-packages/earthaccess/store.py:832: FutureWarning: As of version 1.0, `DataGranule.size` will be accessed as an attribute; e.g. use `DataCollection.size` **not** `DataCollection.size()`
  total_size = round(sum(granule.size() for granule in granules) / 1024, 2)
/opt/miniconda3/envs/co2/lib/python3.11/site-packages/earthaccess/store.py:832: FutureWarning: As of version 1.0, `DataGranule.size` will be accessed as an attribute; e.g. use `DataCollection.size` **not** `DataCollection.size()`
  total_size = round(sum(granule.size() for granule in granules) / 1024, 2)
/opt/miniconda3/envs/co2/lib/python3.11/site-packages/earthaccess/store.py:832: FutureWarning: As of version 1.0, `DataGranule.size` will be accessed as an attribute; e.g. use `DataCollection.size` **not** `DataCollection.size()`
  total_size = round(sum(granule.size() for granule in granules) / 1024, 2)
/opt/miniconda3/envs/co2/lib/python3.11/site-packages/earthaccess/store.py:832: FutureWarning: As of version 1.0, `DataGranule.size` will be accessed as an attribute; e.g. use `DataCollection.size` **not** `DataCollection.size()`
  total_size = round(sum(granule.size() for granule in granules) / 1024, 2)
/opt/miniconda3/envs/co2/lib/python3.11/site-packages/earthaccess/store.py:832: FutureWarning: As of version 1.0, `DataGranule.size` will be accessed as an attribute; e.g. use `DataCollection.size` **not** `DataCollection.size()`
  total_size = round(sum(granule.size() for granule in granules) / 1024, 2)
/opt/miniconda3/envs/co2/lib/python3.11/site-packages/earthaccess/store.py:832: FutureWarning: As of version 1.0, `DataGranule.size` will be accessed as an attribute; e.g. use `DataCollection.size` **not** `DataCollection.size()`
  total_size = round(sum(granule.size() for granule in granules) / 1024, 2)
/opt/miniconda3/envs/co2/lib/python3.11/site-packages/earthaccess/store.py:832: FutureWarning: As of version 1.0, `DataGranule.size` will be accessed as an attribute; e.g. use `DataCollection.size` **not** `DataCollection.size()`
  total_size = round(sum(granule.size() for granule in granules) / 1024, 2)
/opt/miniconda3/envs/co2/lib/python3.11/site-packages/earthaccess/store.py:832: FutureWarning: As of version 1.0, `DataGranule.size` will be accessed as an attribute; e.g. use `DataCollection.size` **not** `DataCollection.size()`
  total_size = round(sum(granule.size() for granule in granules) / 1024, 2)
/opt/miniconda3/envs/co2/lib/python3.11/site-packages/earthaccess/store.py:832: FutureWarning: As of version 1.0, `DataGranule.size` will be accessed as an attribute; e.g. use `DataCollection.size` **not** `DataCollection.size()`
  total_size = round(sum(granule.size() for granule in granules) / 1024, 2)
/opt/miniconda3/envs/co2/lib/python3.11/site-packages/earthaccess/store.py:832: FutureWarning: As of version 1.0, `DataGranule.size` will be accessed as an attribute; e.g. use `DataCollection.size` **not** `DataCollection.size()`
  total_size = round(sum(granule.size() for granule in granules) / 1024, 2)
/opt/miniconda3/envs/co2/lib/python3.11/site-packages/earthaccess/store.py:832: FutureWarning: As of version 1.0, `DataGranule.size` will be accessed as an attribute; e.g. use `DataCollection.size` **not** `DataCollection.size()`
  total_size = round(sum(granule.size() for granule in granules) / 1024, 2)
/opt/miniconda3/envs/co2/lib/python3.11/site-packages/earthaccess/store.py:832: FutureWarning: As of version 1.0, `DataGranule.size` will be accessed as an attribute; e.g. use `DataCollection.size` **not** `DataCollection.size()`
  total_size = round(sum(granule.size() for granule in granules) / 1024, 2)
/opt/miniconda3/envs/co2/lib/python3.11/site-packages/earthaccess/store.py:832: FutureWarning: As of version 1.0, `DataGranule.size` will be accessed as an attribute; e.g. use `DataCollection.size` **not** `DataCollection.size()`
  total_size = round(sum(granule.size() for granule in granules) / 1024, 2)
/opt/miniconda3/envs/co2/lib/python3.11/site-packages/earthaccess/store.py:832: FutureWarning: As of version 1.0, `DataGranule.size` will be accessed as an attribute; e.g. use `DataCollection.size` **not** `DataCollection.size()`
  total_size = round(sum(granule.size() for granule in granules) / 1024, 2)
/opt/miniconda3/envs/co2/lib/python3.11/site-packages/earthaccess/store.py:832: FutureWarning: As of version 1.0, `DataGranule.size` will be accessed as an attribute; e.g. use `DataCollection.size` **not** `DataCollection.size()`
  total_size = round(sum(granule.size() for granule in granules) / 1024, 2)
/opt/miniconda3/envs/co2/lib/python3.11/site-packages/earthaccess/store.py:832: FutureWarning: As of version 1.0, `DataGranule.size` will be accessed as an attribute; e.g. use `DataCollection.size` **not** `DataCollection.size()`
  total_size = round(sum(granule.size() for granule in granules) / 1024, 2)
/opt/miniconda3/envs/co2/lib/python3.11/site-packages/earthaccess/store.py:832: FutureWarning: As of version 1.0, `DataGranule.size` will be accessed as an attribute; e.g. use `DataCollection.size` **not** `DataCollection.size()`
  total_size = round(sum(granule.size() for granule in granules) / 1024, 2)
/opt/miniconda3/envs/co2/lib/python3.11/site-packages/earthaccess/store.py:832: FutureWarning: As of version 1.0, `DataGranule.size` will be accessed as an attribute; e.g. use `DataCollection.size` **not** `DataCollection.size()`
  total_size = round(sum(granule.size() for granule in granules) / 1024, 2)
/opt/miniconda3/envs/co2/lib/python3.11/site-packages/earthaccess/store.py:832: FutureWarning: As of version 1.0, `DataGranule.size` will be accessed as an attribute; e.g. use `DataCollection.size` **not** `DataCollection.size()`
  total_size = round(sum(granule.size() for granule in granules) / 1024, 2)
/opt/miniconda3/envs/co2/lib/python3.11/site-packages/earthaccess/store.py:832: FutureWarning: As of version 1.0, `DataGranule.size` will be accessed as an attribute; e.g. use `DataCollection.size` **not** `DataCollection.size()`
  total_size = round(sum(granule.size() for granule in granules) / 1024, 2)
/opt/miniconda3/envs/co2/lib/python3.11/site-packages/earthaccess/store.py:832: FutureWarning: As of version 1.0, `DataGranule.size` will be accessed as an attribute; e.g. use `DataCollection.size` **not** `DataCollection.size()`
  total_size = round(sum(granule.size() for granule in granules) / 1024, 2)
/opt/miniconda3/envs/co2/lib/python3.11/site-packages/earthaccess/store.py:832: FutureWarning: As of version 1.0, `DataGranule.size` will be accessed as an attribute; e.g. use `DataCollection.size` **not** `DataCollection.size()`
  total_size = round(sum(granule.size() for granule in granules) / 1024, 2)
/opt/miniconda3/envs/co2/lib/python3.11/site-packages/earthaccess/store.py:832: FutureWarning: As of version 1.0, `DataGranule.size` will be accessed as an attribute; e.g. use `DataCollection.size` **not** `DataCollection.size()`
  total_size = round(sum(granule.size() for granule in granules) / 1024, 2)
/opt/miniconda3/envs/co2/lib/python3.11/site-packages/earthaccess/store.py:832: FutureWarning: As of version 1.0, `DataGranule.size` will be accessed as an attribute; e.g. use `DataCollection.size` **not** `DataCollection.size()`
  total_size = round(sum(granule.size() for granule in granules) / 1024, 2)
/opt/miniconda3/envs/co2/lib/python3.11/site-packages/earthaccess/store.py:832: FutureWarning: As of version 1.0, `DataGranule.size` will be accessed as an attribute; e.g. use `DataCollection.size` **not** `DataCollection.size()`
  total_size = round(sum(granule.size() for granule in granules) / 1024, 2)
/opt/miniconda3/envs/co2/lib/python3.11/site-packages/earthaccess/store.py:832: FutureWarning: As of version 1.0, `DataGranule.size` will be accessed as an attribute; e.g. use `DataCollection.size` **not** `DataCollection.size()`
  total_size = round(sum(granule.size() for granule in granules) / 1024, 2)
/opt/miniconda3/envs/co2/lib/python3.11/site-packages/earthaccess/store.py:832: FutureWarning: As of version 1.0, `DataGranule.size` will be accessed as an attribute; e.g. use `DataCollection.size` **not** `DataCollection.size()`
  total_size = round(sum(granule.size() for granule in granules) / 1024, 2)
/opt/miniconda3/envs/co2/lib/python3.11/site-packages/earthaccess/store.py:832: FutureWarning: As of version 1.0, `DataGranule.size` will be accessed as an attribute; e.g. use `DataCollection.size` **not** `DataCollection.size()`
  total_size = round(sum(granule.size() for granule in granules) / 1024, 2)
/opt/miniconda3/envs/co2/lib/python3.11/site-packages/earthaccess/store.py:832: FutureWarning: As of version 1.0, `DataGranule.size` will be accessed as an attribute; e.g. use `DataCollection.size` **not** `DataCollection.size()`
  total_size = round(sum(granule.size() for granule in granules) / 1024, 2)
/opt/miniconda3/envs/co2/lib/python3.11/site-packages/earthaccess/store.py:832: FutureWarning: As of version 1.0, `DataGranule.size` will be accessed as an attribute; e.g. use `DataCollection.size` **not** `DataCollection.size()`
  total_size = round(sum(granule.size() for granule in granules) / 1024, 2)
/opt/miniconda3/envs/co2/lib/python3.11/site-packages/earthaccess/store.py:832: FutureWarning: As of version 1.0, `DataGranule.size` will be accessed as an attribute; e.g. use `DataCollection.size` **not** `DataCollection.size()`
  total_size = round(sum(granule.size() for granule in granules) / 1024, 2)
/opt/miniconda3/envs/co2/lib/python3.11/site-packages/earthaccess/store.py:832: FutureWarning: As of version 1.0, `DataGranule.size` will be accessed as an attribute; e.g. use `DataCollection.size` **not** `DataCollection.size()`
  total_size = round(sum(granule.size() for granule in granules) / 1024, 2)
/opt/miniconda3/envs/co2/lib/python3.11/site-packages/earthaccess/store.py:832: FutureWarning: As of version 1.0, `DataGranule.size` will be accessed as an attribute; e.g. use `DataCollection.size` **not** `DataCollection.size()`
  total_size = round(sum(granule.size() for granule in granules) / 1024, 2)
/opt/miniconda3/envs/co2/lib/python3.11/site-packages/earthaccess/store.py:832: FutureWarning: As of version 1.0, `DataGranule.size` will be accessed as an attribute; e.g. use `DataCollection.size` **not** `DataCollection.size()`
  total_size = round(sum(granule.size() for granule in granules) / 1024, 2)
/opt/miniconda3/envs/co2/lib/python3.11/site-packages/earthaccess/store.py:832: FutureWarning: As of version 1.0, `DataGranule.size` will be accessed as an attribute; e.g. use `DataCollection.size` **not** `DataCollection.size()`
  total_size = round(sum(granule.size() for granule in granules) / 1024, 2)
/opt/miniconda3/envs/co2/lib/python3.11/site-packages/earthaccess/store.py:832: FutureWarning: As of version 1.0, `DataGranule.size` will be accessed as an attribute; e.g. use `DataCollection.size` **not** `DataCollection.size()`
  total_size = round(sum(granule.size() for granule in granules) / 1024, 2)
/opt/miniconda3/envs/co2/lib/python3.11/site-packages/earthaccess/store.py:832: FutureWarning: As of version 1.0, `DataGranule.size` will be accessed as an attribute; e.g. use `DataCollection.size` **not** `DataCollection.size()`
  total_size = round(sum(granule.size() for granule in granules) / 1024, 2)
/opt/miniconda3/envs/co2/lib/python3.11/site-packages/earthaccess/store.py:832: FutureWarning: As of version 1.0, `DataGranule.size` will be accessed as an attribute; e.g. use `DataCollection.size` **not** `DataCollection.size()`
  total_size = round(sum(granule.size() for granule in granules) / 1024, 2)
/opt/miniconda3/envs/co2/lib/python3.11/site-packages/earthaccess/store.py:832: FutureWarning: As of version 1.0, `DataGranule.size` will be accessed as an attribute; e.g. use `DataCollection.size` **not** `DataCollection.size()`
  total_size = round(sum(granule.size() for granule in granules) / 1024, 2)
/opt/miniconda3/envs/co2/lib/python3.11/site-packages/earthaccess/store.py:832: FutureWarning: As of version 1.0, `DataGranule.size` will be accessed as an attribute; e.g. use `DataCollection.size` **not** `DataCollection.size()`
  total_size = round(sum(granule.size() for granule in granules) / 1024, 2)
/opt/miniconda3/envs/co2/lib/python3.11/site-packages/earthaccess/store.py:832: FutureWarning: As of version 1.0, `DataGranule.size` will be accessed as an attribute; e.g. use `DataCollection.size` **not** `DataCollection.size()`
  total_size = round(sum(granule.size() for granule in granules) / 1024, 2)
/opt/miniconda3/envs/co2/lib/python3.11/site-packages/earthaccess/store.py:832: FutureWarning: As of version 1.0, `DataGranule.size` will be accessed as an attribute; e.g. use `DataCollection.size` **not** `DataCollection.size()`
  total_size = round(sum(granule.size() for granule in granules) / 1024, 2)
/opt/miniconda3/envs/co2/lib/python3.11/site-packages/earthaccess/store.py:832: FutureWarning: As of version 1.0, `DataGranule.size` will be accessed as an attribute; e.g. use `DataCollection.size` **not** `DataCollection.size()`
  total_size = round(sum(granule.size() for granule in granules) / 1024, 2)
/opt/miniconda3/envs/co2/lib/python3.11/site-packages/earthaccess/store.py:832: FutureWarning: As of version 1.0, `DataGranule.size` will be accessed as an attribute; e.g. use `DataCollection.size` **not** `DataCollection.size()`
  total_size = round(sum(granule.size() for granule in granules) / 1024, 2)
/opt/miniconda3/envs/co2/lib/python3.11/site-packages/earthaccess/store.py:832: FutureWarning: As of version 1.0, `DataGranule.size` will be accessed as an attribute; e.g. use `DataCollection.size` **not** `DataCollection.size()`
  total_size = round(sum(granule.size() for granule in granules) / 1024, 2)
/opt/miniconda3/envs/co2/lib/python3.11/site-packages/earthaccess/store.py:832: FutureWarning: As of version 1.0, `DataGranule.size` will be accessed as an attribute; e.g. use `DataCollection.size` **not** `DataCollection.size()`
  total_size = round(sum(granule.size() for granule in granules) / 1024, 2)
/opt/miniconda3/envs/co2/lib/python3.11/site-packages/earthaccess/store.py:832: FutureWarning: As of version 1.0, `DataGranule.size` will be accessed as an attribute; e.g. use `DataCollection.size` **not** `DataCollection.size()`
  total_size = round(sum(granule.size() for granule in granules) / 1024, 2)
/opt/miniconda3/envs/co2/lib/python3.11/site-packages/earthaccess/store.py:832: FutureWarning: As of version 1.0, `DataGranule.size` will be accessed as an attribute; e.g. use `DataCollection.size` **not** `DataCollection.size()`
  total_size = round(sum(granule.size() for granule in granules) / 1024, 2)
/opt/miniconda3/envs/co2/lib/python3.11/site-packages/earthaccess/store.py:832: FutureWarning: As of version 1.0, `DataGranule.size` will be accessed as an attribute; e.g. use `DataCollection.size` **not** `DataCollection.size()`
  total_size = round(sum(granule.size() for granule in granules) / 1024, 2)
/opt/miniconda3/envs/co2/lib/python3.11/site-packages/earthaccess/store.py:832: FutureWarning: As of version 1.0, `DataGranule.size` will be accessed as an attribute; e.g. use `DataCollection.size` **not** `DataCollection.size()`
  total_size = round(sum(granule.size() for granule in granules) / 1024, 2)
/opt/miniconda3/envs/co2/lib/python3.11/site-packages/earthaccess/store.py:832: FutureWarning: As of version 1.0, `DataGranule.size` will be accessed as an attribute; e.g. use `DataCollection.size` **not** `DataCollection.size()`
  total_size = round(sum(granule.size() for granule in granules) / 1024, 2)
/opt/miniconda3/envs/co2/lib/python3.11/site-packages/earthaccess/store.py:832: FutureWarning: As of version 1.0, `DataGranule.size` will be accessed as an attribute; e.g. use `DataCollection.size` **not** `DataCollection.size()`
  total_size = round(sum(granule.size() for granule in granules) / 1024, 2)
/opt/miniconda3/envs/co2/lib/python3.11/site-packages/earthaccess/store.py:832: FutureWarning: As of version 1.0, `DataGranule.size` will be accessed as an attribute; e.g. use `DataCollection.size` **not** `DataCollection.size()`
  total_size = round(sum(granule.size() for granule in granules) / 1024, 2)
/opt/miniconda3/envs/co2/lib/python3.11/site-packages/earthaccess/store.py:832: FutureWarning: As of version 1.0, `DataGranule.size` will be accessed as an attribute; e.g. use `DataCollection.size` **not** `DataCollection.size()`
  total_size = round(sum(granule.size() for granule in granules) / 1024, 2)
/opt/miniconda3/envs/co2/lib/python3.11/site-packages/earthaccess/store.py:832: FutureWarning: As of version 1.0, `DataGranule.size` will be accessed as an attribute; e.g. use `DataCollection.size` **not** `DataCollection.size()`
  total_size = round(sum(granule.size() for granule in granules) / 1024, 2)
/opt/miniconda3/envs/co2/lib/python3.11/site-packages/earthaccess/store.py:832: FutureWarning: As of version 1.0, `DataGranule.size` will be accessed as an attribute; e.g. use `DataCollection.size` **not** `DataCollection.size()`
  total_size = round(sum(granule.size() for granule in granules) / 1024, 2)
/opt/miniconda3/envs/co2/lib/python3.11/site-packages/earthaccess/store.py:832: FutureWarning: As of version 1.0, `DataGranule.size` will be accessed as an attribute; e.g. use `DataCollection.size` **not** `DataCollection.size()`
  total_size = round(sum(granule.size() for granule in granules) / 1024, 2)
/opt/miniconda3/envs/co2/lib/python3.11/site-packages/earthaccess/store.py:832: FutureWarning: As of version 1.0, `DataGranule.size` will be accessed as an attribute; e.g. use `DataCollection.size` **not** `DataCollection.size()`
  total_size = round(sum(granule.size() for granule in granules) / 1024, 2)
/opt/miniconda3/envs/co2/lib/python3.11/site-packages/earthaccess/store.py:832: FutureWarning: As of version 1.0, `DataGranule.size` will be accessed as an attribute; e.g. use `DataCollection.size` **not** `DataCollection.size()`
  total_size = round(sum(granule.size() for granule in granules) / 1024, 2)
/opt/miniconda3/envs/co2/lib/python3.11/site-packages/earthaccess/store.py:832: FutureWarning: As of version 1.0, `DataGranule.size` will be accessed as an attribute; e.g. use `DataCollection.size` **not** `DataCollection.size()`
  total_size = round(sum(granule.size() for granule in granules) / 1024, 2)
/opt/miniconda3/envs/co2/lib/python3.11/site-packages/earthaccess/store.py:832: FutureWarning: As of version 1.0, `DataGranule.size` will be accessed as an attribute; e.g. use `DataCollection.size` **not** `DataCollection.size()`
  total_size = round(sum(granule.size() for granule in granules) / 1024, 2)
/opt/miniconda3/envs/co2/lib/python3.11/site-packages/earthaccess/store.py:832: FutureWarning: As of version 1.0, `DataGranule.size` will be accessed as an attribute; e.g. use `DataCollection.size` **not** `DataCollection.size()`
  total_size = round(sum(granule.size() for granule in granules) / 1024, 2)
/opt/miniconda3/envs/co2/lib/python3.11/site-packages/earthaccess/store.py:832: FutureWarning: As of version 1.0, `DataGranule.size` will be accessed as an attribute; e.g. use `DataCollection.size` **not** `DataCollection.size()`
  total_size = round(sum(granule.size() for granule in granules) / 1024, 2)
/opt/miniconda3/envs/co2/lib/python3.11/site-packages/earthaccess/store.py:832: FutureWarning: As of version 1.0, `DataGranule.size` will be accessed as an attribute; e.g. use `DataCollection.size` **not** `DataCollection.size()`
  total_size = round(sum(granule.size() for granule in granules) / 1024, 2)
/opt/miniconda3/envs/co2/lib/python3.11/site-packages/earthaccess/store.py:832: FutureWarning: As of version 1.0, `DataGranule.size` will be accessed as an attribute; e.g. use `DataCollection.size` **not** `DataCollection.size()`
  total_size = round(sum(granule.size() for granule in granules) / 1024, 2)
/opt/miniconda3/envs/co2/lib/python3.11/site-packages/earthaccess/store.py:832: FutureWarning: As of version 1.0, `DataGranule.size` will be accessed as an attribute; e.g. use `DataCollection.size` **not** `DataCollection.size()`
  total_size = round(sum(granule.size() for granule in granules) / 1024, 2)
/opt/miniconda3/envs/co2/lib/python3.11/site-packages/earthaccess/store.py:832: FutureWarning: As of version 1.0, `DataGranule.size` will be accessed as an attribute; e.g. use `DataCollection.size` **not** `DataCollection.size()`
  total_size = round(sum(granule.size() for granule in granules) / 1024, 2)
/opt/miniconda3/envs/co2/lib/python3.11/site-packages/earthaccess/store.py:832: FutureWarning: As of version 1.0, `DataGranule.size` will be accessed as an attribute; e.g. use `DataCollection.size` **not** `DataCollection.size()`
  total_size = round(sum(granule.size() for granule in granules) / 1024, 2)
/opt/miniconda3/envs/co2/lib/python3.11/site-packages/earthaccess/store.py:832: FutureWarning: As of version 1.0, `DataGranule.size` will be accessed as an attribute; e.g. use `DataCollection.size` **not** `DataCollection.size()`
  total_size = round(sum(granule.size() for granule in granules) / 1024, 2)
/opt/miniconda3/envs/co2/lib/python3.11/site-packages/earthaccess/store.py:832: FutureWarning: As of version 1.0, `DataGranule.size` will be accessed as an attribute; e.g. use `DataCollection.size` **not** `DataCollection.size()`
  total_size = round(sum(granule.size() for granule in granules) / 1024, 2)
/opt/miniconda3/envs/co2/lib/python3.11/site-packages/earthaccess/store.py:832: FutureWarning: As of version 1.0, `DataGranule.size` will be accessed as an attribute; e.g. use `DataCollection.size` **not** `DataCollection.size()`
  total_size = round(sum(granule.size() for granule in granules) / 1024, 2)
/opt/miniconda3/envs/co2/lib/python3.11/site-packages/earthaccess/store.py:832: FutureWarning: As of version 1.0, `DataGranule.size` will be accessed as an attribute; e.g. use `DataCollection.size` **not** `DataCollection.size()`
  total_size = round(sum(granule.size() for granule in granules) / 1024, 2)
/opt/miniconda3/envs/co2/lib/python3.11/site-packages/earthaccess/store.py:832: FutureWarning: As of version 1.0, `DataGranule.size` will be accessed as an attribute; e.g. use `DataCollection.size` **not** `DataCollection.size()`
  total_size = round(sum(granule.size() for granule in granules) / 1024, 2)
/opt/miniconda3/envs/co2/lib/python3.11/site-packages/earthaccess/store.py:832: FutureWarning: As of version 1.0, `DataGranule.size` will be accessed as an attribute; e.g. use `DataCollection.size` **not** `DataCollection.size()`
  total_size = round(sum(granule.size() for granule in granules) / 1024, 2)
/opt/miniconda3/envs/co2/lib/python3.11/site-packages/earthaccess/store.py:832: FutureWarning: As of version 1.0, `DataGranule.size` will be accessed as an attribute; e.g. use `DataCollection.size` **not** `DataCollection.size()`
  total_size = round(sum(granule.size() for granule in granules) / 1024, 2)
/opt/miniconda3/envs/co2/lib/python3.11/site-packages/earthaccess/store.py:832: FutureWarning: As of version 1.0, `DataGranule.size` will be accessed as an attribute; e.g. use `DataCollection.size` **not** `DataCollection.size()`
  total_size = round(sum(granule.size() for granule in granules) / 1024, 2)
/opt/miniconda3/envs/co2/lib/python3.11/site-packages/earthaccess/store.py:832: FutureWarning: As of version 1.0, `DataGranule.size` will be accessed as an attribute; e.g. use `DataCollection.size` **not** `DataCollection.size()`
  total_size = round(sum(granule.size() for granule in granules) / 1024, 2)
/opt/miniconda3/envs/co2/lib/python3.11/site-packages/earthaccess/store.py:832: FutureWarning: As of version 1.0, `DataGranule.size` will be accessed as an attribute; e.g. use `DataCollection.size` **not** `DataCollection.size()`
  total_size = round(sum(granule.size() for granule in granules) / 1024, 2)
/opt/miniconda3/envs/co2/lib/python3.11/site-packages/earthaccess/store.py:832: FutureWarning: As of version 1.0, `DataGranule.size` will be accessed as an attribute; e.g. use `DataCollection.size` **not** `DataCollection.size()`
  total_size = round(sum(granule.size() for granule in granules) / 1024, 2)
/opt/miniconda3/envs/co2/lib/python3.11/site-packages/earthaccess/store.py:832: FutureWarning: As of version 1.0, `DataGranule.size` will be accessed as an attribute; e.g. use `DataCollection.size` **not** `DataCollection.size()`
  total_size = round(sum(granule.size() for granule in granules) / 1024, 2)
/opt/miniconda3/envs/co2/lib/python3.11/site-packages/earthaccess/store.py:832: FutureWarning: As of version 1.0, `DataGranule.size` will be accessed as an attribute; e.g. use `DataCollection.size` **not** `DataCollection.size()`
  total_size = round(sum(granule.size() for granule in granules) / 1024, 2)
/opt/miniconda3/envs/co2/lib/python3.11/site-packages/earthaccess/store.py:832: FutureWarning: As of version 1.0, `DataGranule.size` will be accessed as an attribute; e.g. use `DataCollection.size` **not** `DataCollection.size()`
  total_size = round(sum(granule.size() for granule in granules) / 1024, 2)
/opt/miniconda3/envs/co2/lib/python3.11/site-packages/earthaccess/store.py:832: FutureWarning: As of version 1.0, `DataGranule.size` will be accessed as an attribute; e.g. use `DataCollection.size` **not** `DataCollection.size()`
  total_size = round(sum(granule.size() for granule in granules) / 1024, 2)
/opt/miniconda3/envs/co2/lib/python3.11/site-packages/earthaccess/store.py:832: FutureWarning: As of version 1.0, `DataGranule.size` will be accessed as an attribute; e.g. use `DataCollection.size` **not** `DataCollection.size()`
  total_size = round(sum(granule.size() for granule in granules) / 1024, 2)
/opt/miniconda3/envs/co2/lib/python3.11/site-packages/earthaccess/store.py:832: FutureWarning: As of version 1.0, `DataGranule.size` will be accessed as an attribute; e.g. use `DataCollection.size` **not** `DataCollection.size()`
  total_size = round(sum(granule.size() for granule in granules) / 1024, 2)
/opt/miniconda3/envs/co2/lib/python3.11/site-packages/earthaccess/store.py:832: FutureWarning: As of version 1.0, `DataGranule.size` will be accessed as an attribute; e.g. use `DataCollection.size` **not** `DataCollection.size()`
  total_size = round(sum(granule.size() for granule in granules) / 1024, 2)
/opt/miniconda3/envs/co2/lib/python3.11/site-packages/earthaccess/store.py:832: FutureWarning: As of version 1.0, `DataGranule.size` will be accessed as an attribute; e.g. use `DataCollection.size` **not** `DataCollection.size()`
  total_size = round(sum(granule.size() for granule in granules) / 1024, 2)
/opt/miniconda3/envs/co2/lib/python3.11/site-packages/earthaccess/store.py:832: FutureWarning: As of version 1.0, `DataGranule.size` will be accessed as an attribute; e.g. use `DataCollection.size` **not** `DataCollection.size()`
  total_size = round(sum(granule.size() for granule in granules) / 1024, 2)
/opt/miniconda3/envs/co2/lib/python3.11/site-packages/earthaccess/store.py:832: FutureWarning: As of version 1.0, `DataGranule.size` will be accessed as an attribute; e.g. use `DataCollection.size` **not** `DataCollection.size()`
  total_size = round(sum(granule.size() for granule in granules) / 1024, 2)
/opt/miniconda3/envs/co2/lib/python3.11/site-packages/earthaccess/store.py:832: FutureWarning: As of version 1.0, `DataGranule.size` will be accessed as an attribute; e.g. use `DataCollection.size` **not** `DataCollection.size()`
  total_size = round(sum(granule.size() for granule in granules) / 1024, 2)
/opt/miniconda3/envs/co2/lib/python3.11/site-packages/earthaccess/store.py:832: FutureWarning: As of version 1.0, `DataGranule.size` will be accessed as an attribute; e.g. use `DataCollection.size` **not** `DataCollection.size()`
  total_size = round(sum(granule.size() for granule in granules) / 1024, 2)
/opt/miniconda3/envs/co2/lib/python3.11/site-packages/earthaccess/store.py:832: FutureWarning: As of version 1.0, `DataGranule.size` will be accessed as an attribute; e.g. use `DataCollection.size` **not** `DataCollection.size()`
  total_size = round(sum(granule.size() for granule in granules) / 1024, 2)
/opt/miniconda3/envs/co2/lib/python3.11/site-packages/earthaccess/store.py:832: FutureWarning: As of version 1.0, `DataGranule.size` will be accessed as an attribute; e.g. use `DataCollection.size` **not** `DataCollection.size()`
  total_size = round(sum(granule.size() for granule in granules) / 1024, 2)
/opt/miniconda3/envs/co2/lib/python3.11/site-packages/earthaccess/store.py:832: FutureWarning: As of version 1.0, `DataGranule.size` will be accessed as an attribute; e.g. use `DataCollection.size` **not** `DataCollection.size()`
  total_size = round(sum(granule.size() for granule in granules) / 1024, 2)
/opt/miniconda3/envs/co2/lib/python3.11/site-packages/earthaccess/store.py:832: FutureWarning: As of version 1.0, `DataGranule.size` will be accessed as an attribute; e.g. use `DataCollection.size` **not** `DataCollection.size()`
  total_size = round(sum(granule.size() for granule in granules) / 1024, 2)
/opt/miniconda3/envs/co2/lib/python3.11/site-packages/earthaccess/store.py:832: FutureWarning: As of version 1.0, `DataGranule.size` will be accessed as an attribute; e.g. use `DataCollection.size` **not** `DataCollection.size()`
  total_size = round(sum(granule.size() for granule in granules) / 1024, 2)
/opt/miniconda3/envs/co2/lib/python3.11/site-packages/earthaccess/store.py:832: FutureWarning: As of version 1.0, `DataGranule.size` will be accessed as an attribute; e.g. use `DataCollection.size` **not** `DataCollection.size()`
  total_size = round(sum(granule.size() for granule in granules) / 1024, 2)
/opt/miniconda3/envs/co2/lib/python3.11/site-packages/earthaccess/store.py:832: FutureWarning: As of version 1.0, `DataGranule.size` will be accessed as an attribute; e.g. use `DataCollection.size` **not** `DataCollection.size()`
  total_size = round(sum(granule.size() for granule in granules) / 1024, 2)
/opt/miniconda3/envs/co2/lib/python3.11/site-packages/earthaccess/store.py:832: FutureWarning: As of version 1.0, `DataGranule.size` will be accessed as an attribute; e.g. use `DataCollection.size` **not** `DataCollection.size()`
  total_size = round(sum(granule.size() for granule in granules) / 1024, 2)
/opt/miniconda3/envs/co2/lib/python3.11/site-packages/earthaccess/store.py:832: FutureWarning: As of version 1.0, `DataGranule.size` will be accessed as an attribute; e.g. use `DataCollection.size` **not** `DataCollection.size()`
  total_size = round(sum(granule.size() for granule in granules) / 1024, 2)
/opt/miniconda3/envs/co2/lib/python3.11/site-packages/earthaccess/store.py:832: FutureWarning: As of version 1.0, `DataGranule.size` will be accessed as an attribute; e.g. use `DataCollection.size` **not** `DataCollection.size()`
  total_size = round(sum(granule.size() for granule in granules) / 1024, 2)
/opt/miniconda3/envs/co2/lib/python3.11/site-packages/earthaccess/store.py:832: FutureWarning: As of version 1.0, `DataGranule.size` will be accessed as an attribute; e.g. use `DataCollection.size` **not** `DataCollection.size()`
  total_size = round(sum(granule.size() for granule in granules) / 1024, 2)
/opt/miniconda3/envs/co2/lib/python3.11/site-packages/earthaccess/store.py:832: FutureWarning: As of version 1.0, `DataGranule.size` will be accessed as an attribute; e.g. use `DataCollection.size` **not** `DataCollection.size()`
  total_size = round(sum(granule.size() for granule in granules) / 1024, 2)
/opt/miniconda3/envs/co2/lib/python3.11/site-packages/earthaccess/store.py:832: FutureWarning: As of version 1.0, `DataGranule.size` will be accessed as an attribute; e.g. use `DataCollection.size` **not** `DataCollection.size()`
  total_size = round(sum(granule.size() for granule in granules) / 1024, 2)
/opt/miniconda3/envs/co2/lib/python3.11/site-packages/earthaccess/store.py:832: FutureWarning: As of version 1.0, `DataGranule.size` will be accessed as an attribute; e.g. use `DataCollection.size` **not** `DataCollection.size()`
  total_size = round(sum(granule.size() for granule in granules) / 1024, 2)
/opt/miniconda3/envs/co2/lib/python3.11/site-packages/earthaccess/store.py:832: FutureWarning: As of version 1.0, `DataGranule.size` will be accessed as an attribute; e.g. use `DataCollection.size` **not** `DataCollection.size()`
  total_size = round(sum(granule.size() for granule in granules) / 1024, 2)
/opt/miniconda3/envs/co2/lib/python3.11/site-packages/earthaccess/store.py:832: FutureWarning: As of version 1.0, `DataGranule.size` will be accessed as an attribute; e.g. use `DataCollection.size` **not** `DataCollection.size()`
  total_size = round(sum(granule.size() for granule in granules) / 1024, 2)
/opt/miniconda3/envs/co2/lib/python3.11/site-packages/earthaccess/store.py:832: FutureWarning: As of version 1.0, `DataGranule.size` will be accessed as an attribute; e.g. use `DataCollection.size` **not** `DataCollection.size()`
  total_size = round(sum(granule.size() for granule in granules) / 1024, 2)
/opt/miniconda3/envs/co2/lib/python3.11/site-packages/earthaccess/store.py:832: FutureWarning: As of version 1.0, `DataGranule.size` will be accessed as an attribute; e.g. use `DataCollection.size` **not** `DataCollection.size()`
  total_size = round(sum(granule.size() for granule in granules) / 1024, 2)
/opt/miniconda3/envs/co2/lib/python3.11/site-packages/earthaccess/store.py:832: FutureWarning: As of version 1.0, `DataGranule.size` will be accessed as an attribute; e.g. use `DataCollection.size` **not** `DataCollection.size()`
  total_size = round(sum(granule.size() for granule in granules) / 1024, 2)
/opt/miniconda3/envs/co2/lib/python3.11/site-packages/earthaccess/store.py:832: FutureWarning: As of version 1.0, `DataGranule.size` will be accessed as an attribute; e.g. use `DataCollection.size` **not** `DataCollection.size()`
  total_size = round(sum(granule.size() for granule in granules) / 1024, 2)
/opt/miniconda3/envs/co2/lib/python3.11/site-packages/earthaccess/store.py:832: FutureWarning: As of version 1.0, `DataGranule.size` will be accessed as an attribute; e.g. use `DataCollection.size` **not** `DataCollection.size()`
  total_size = round(sum(granule.size() for granule in granules) / 1024, 2)
/opt/miniconda3/envs/co2/lib/python3.11/site-packages/earthaccess/store.py:832: FutureWarning: As of version 1.0, `DataGranule.size` will be accessed as an attribute; e.g. use `DataCollection.size` **not** `DataCollection.size()`
  total_size = round(sum(granule.size() for granule in granules) / 1024, 2)
/opt/miniconda3/envs/co2/lib/python3.11/site-packages/earthaccess/store.py:832: FutureWarning: As of version 1.0, `DataGranule.size` will be accessed as an attribute; e.g. use `DataCollection.size` **not** `DataCollection.size()`
  total_size = round(sum(granule.size() for granule in granules) / 1024, 2)
/opt/miniconda3/envs/co2/lib/python3.11/site-packages/earthaccess/store.py:832: FutureWarning: As of version 1.0, `DataGranule.size` will be accessed as an attribute; e.g. use `DataCollection.size` **not** `DataCollection.size()`
  total_size = round(sum(granule.size() for granule in granules) / 1024, 2)
/opt/miniconda3/envs/co2/lib/python3.11/site-packages/earthaccess/store.py:832: FutureWarning: As of version 1.0, `DataGranule.size` will be accessed as an attribute; e.g. use `DataCollection.size` **not** `DataCollection.size()`
  total_size = round(sum(granule.size() for granule in granules) / 1024, 2)
/opt/miniconda3/envs/co2/lib/python3.11/site-packages/earthaccess/store.py:832: FutureWarning: As of version 1.0, `DataGranule.size` will be accessed as an attribute; e.g. use `DataCollection.size` **not** `DataCollection.size()`
  total_size = round(sum(granule.size() for granule in granules) / 1024, 2)
/opt/miniconda3/envs/co2/lib/python3.11/site-packages/earthaccess/store.py:832: FutureWarning: As of version 1.0, `DataGranule.size` will be accessed as an attribute; e.g. use `DataCollection.size` **not** `DataCollection.size()`
  total_size = round(sum(granule.size() for granule in granules) / 1024, 2)
/opt/miniconda3/envs/co2/lib/python3.11/site-packages/earthaccess/store.py:832: FutureWarning: As of version 1.0, `DataGranule.size` will be accessed as an attribute; e.g. use `DataCollection.size` **not** `DataCollection.size()`
  total_size = round(sum(granule.size() for granule in granules) / 1024, 2)
/opt/miniconda3/envs/co2/lib/python3.11/site-packages/earthaccess/store.py:832: FutureWarning: As of version 1.0, `DataGranule.size` will be accessed as an attribute; e.g. use `DataCollection.size` **not** `DataCollection.size()`
  total_size = round(sum(granule.size() for granule in granules) / 1024, 2)
/opt/miniconda3/envs/co2/lib/python3.11/site-packages/earthaccess/store.py:832: FutureWarning: As of version 1.0, `DataGranule.size` will be accessed as an attribute; e.g. use `DataCollection.size` **not** `DataCollection.size()`
  total_size = round(sum(granule.size() for granule in granules) / 1024, 2)
/opt/miniconda3/envs/co2/lib/python3.11/site-packages/earthaccess/store.py:832: FutureWarning: As of version 1.0, `DataGranule.size` will be accessed as an attribute; e.g. use `DataCollection.size` **not** `DataCollection.size()`
  total_size = round(sum(granule.size() for granule in granules) / 1024, 2)
/opt/miniconda3/envs/co2/lib/python3.11/site-packages/earthaccess/store.py:832: FutureWarning: As of version 1.0, `DataGranule.size` will be accessed as an attribute; e.g. use `DataCollection.size` **not** `DataCollection.size()`
  total_size = round(sum(granule.size() for granule in granules) / 1024, 2)
/opt/miniconda3/envs/co2/lib/python3.11/site-packages/earthaccess/store.py:832: FutureWarning: As of version 1.0, `DataGranule.size` will be accessed as an attribute; e.g. use `DataCollection.size` **not** `DataCollection.size()`
  total_size = round(sum(granule.size() for granule in granules) / 1024, 2)
/opt/miniconda3/envs/co2/lib/python3.11/site-packages/earthaccess/store.py:832: FutureWarning: As of version 1.0, `DataGranule.size` will be accessed as an attribute; e.g. use `DataCollection.size` **not** `DataCollection.size()`
  total_size = round(sum(granule.size() for granule in granules) / 1024, 2)
/opt/miniconda3/envs/co2/lib/python3.11/site-packages/earthaccess/store.py:832: FutureWarning: As of version 1.0, `DataGranule.size` will be accessed as an attribute; e.g. use `DataCollection.size` **not** `DataCollection.size()`
  total_size = round(sum(granule.size() for granule in granules) / 1024, 2)
/opt/miniconda3/envs/co2/lib/python3.11/site-packages/earthaccess/store.py:832: FutureWarning: As of version 1.0, `DataGranule.size` will be accessed as an attribute; e.g. use `DataCollection.size` **not** `DataCollection.size()`
  total_size = round(sum(granule.size() for granule in granules) / 1024, 2)
/opt/miniconda3/envs/co2/lib/python3.11/site-packages/earthaccess/store.py:832: FutureWarning: As of version 1.0, `DataGranule.size` will be accessed as an attribute; e.g. use `DataCollection.size` **not** `DataCollection.size()`
  total_size = round(sum(granule.size() for granule in granules) / 1024, 2)
/opt/miniconda3/envs/co2/lib/python3.11/site-packages/earthaccess/store.py:832: FutureWarning: As of version 1.0, `DataGranule.size` will be accessed as an attribute; e.g. use `DataCollection.size` **not** `DataCollection.size()`
  total_size = round(sum(granule.size() for granule in granules) / 1024, 2)
/opt/miniconda3/envs/co2/lib/python3.11/site-packages/earthaccess/store.py:832: FutureWarning: As of version 1.0, `DataGranule.size` will be accessed as an attribute; e.g. use `DataCollection.size` **not** `DataCollection.size()`
  total_size = round(sum(granule.size() for granule in granules) / 1024, 2)
/opt/miniconda3/envs/co2/lib/python3.11/site-packages/earthaccess/store.py:832: FutureWarning: As of version 1.0, `DataGranule.size` will be accessed as an attribute; e.g. use `DataCollection.size` **not** `DataCollection.size()`
  total_size = round(sum(granule.size() for granule in granules) / 1024, 2)
/opt/miniconda3/envs/co2/lib/python3.11/site-packages/earthaccess/store.py:832: FutureWarning: As of version 1.0, `DataGranule.size` will be accessed as an attribute; e.g. use `DataCollection.size` **not** `DataCollection.size()`
  total_size = round(sum(granule.size() for granule in granules) / 1024, 2)
/opt/miniconda3/envs/co2/lib/python3.11/site-packages/earthaccess/store.py:832: FutureWarning: As of version 1.0, `DataGranule.size` will be accessed as an attribute; e.g. use `DataCollection.size` **not** `DataCollection.size()`
  total_size = round(sum(granule.size() for granule in granules) / 1024, 2)
/opt/miniconda3/envs/co2/lib/python3.11/site-packages/earthaccess/store.py:832: FutureWarning: As of version 1.0, `DataGranule.size` will be accessed as an attribute; e.g. use `DataCollection.size` **not** `DataCollection.size()`
  total_size = round(sum(granule.size() for granule in granules) / 1024, 2)
/opt/miniconda3/envs/co2/lib/python3.11/site-packages/earthaccess/store.py:832: FutureWarning: As of version 1.0, `DataGranule.size` will be accessed as an attribute; e.g. use `DataCollection.size` **not** `DataCollection.size()`
  total_size = round(sum(granule.size() for granule in granules) / 1024, 2)
/opt/miniconda3/envs/co2/lib/python3.11/site-packages/earthaccess/store.py:832: FutureWarning: As of version 1.0, `DataGranule.size` will be accessed as an attribute; e.g. use `DataCollection.size` **not** `DataCollection.size()`
  total_size = round(sum(granule.size() for granule in granules) / 1024, 2)
/opt/miniconda3/envs/co2/lib/python3.11/site-packages/earthaccess/store.py:832: FutureWarning: As of version 1.0, `DataGranule.size` will be accessed as an attribute; e.g. use `DataCollection.size` **not** `DataCollection.size()`
  total_size = round(sum(granule.size() for granule in granules) / 1024, 2)
/opt/miniconda3/envs/co2/lib/python3.11/site-packages/earthaccess/store.py:832: FutureWarning: As of version 1.0, `DataGranule.size` will be accessed as an attribute; e.g. use `DataCollection.size` **not** `DataCollection.size()`
  total_size = round(sum(granule.size() for granule in granules) / 1024, 2)
/opt/miniconda3/envs/co2/lib/python3.11/site-packages/earthaccess/store.py:832: FutureWarning: As of version 1.0, `DataGranule.size` will be accessed as an attribute; e.g. use `DataCollection.size` **not** `DataCollection.size()`
  total_size = round(sum(granule.size() for granule in granules) / 1024, 2)
/opt/miniconda3/envs/co2/lib/python3.11/site-packages/earthaccess/store.py:832: FutureWarning: As of version 1.0, `DataGranule.size` will be accessed as an attribute; e.g. use `DataCollection.size` **not** `DataCollection.size()`
  total_size = round(sum(granule.size() for granule in granules) / 1024, 2)
/opt/miniconda3/envs/co2/lib/python3.11/site-packages/earthaccess/store.py:832: FutureWarning: As of version 1.0, `DataGranule.size` will be accessed as an attribute; e.g. use `DataCollection.size` **not** `DataCollection.size()`
  total_size = round(sum(granule.size() for granule in granules) / 1024, 2)
/opt/miniconda3/envs/co2/lib/python3.11/site-packages/earthaccess/store.py:832: FutureWarning: As of version 1.0, `DataGranule.size` will be accessed as an attribute; e.g. use `DataCollection.size` **not** `DataCollection.size()`
  total_size = round(sum(granule.size() for granule in granules) / 1024, 2)
/opt/miniconda3/envs/co2/lib/python3.11/site-packages/earthaccess/store.py:832: FutureWarning: As of version 1.0, `DataGranule.size` will be accessed as an attribute; e.g. use `DataCollection.size` **not** `DataCollection.size()`
  total_size = round(sum(granule.size() for granule in granules) / 1024, 2)
/opt/miniconda3/envs/co2/lib/python3.11/site-packages/earthaccess/store.py:832: FutureWarning: As of version 1.0, `DataGranule.size` will be accessed as an attribute; e.g. use `DataCollection.size` **not** `DataCollection.size()`
  total_size = round(sum(granule.size() for granule in granules) / 1024, 2)
/opt/miniconda3/envs/co2/lib/python3.11/site-packages/earthaccess/store.py:832: FutureWarning: As of version 1.0, `DataGranule.size` will be accessed as an attribute; e.g. use `DataCollection.size` **not** `DataCollection.size()`
  total_size = round(sum(granule.size() for granule in granules) / 1024, 2)
/opt/miniconda3/envs/co2/lib/python3.11/site-packages/earthaccess/store.py:832: FutureWarning: As of version 1.0, `DataGranule.size` will be accessed as an attribute; e.g. use `DataCollection.size` **not** `DataCollection.size()`
  total_size = round(sum(granule.size() for granule in granules) / 1024, 2)
/opt/miniconda3/envs/co2/lib/python3.11/site-packages/earthaccess/store.py:832: FutureWarning: As of version 1.0, `DataGranule.size` will be accessed as an attribute; e.g. use `DataCollection.size` **not** `DataCollection.size()`
  total_size = round(sum(granule.size() for granule in granules) / 1024, 2)
/opt/miniconda3/envs/co2/lib/python3.11/site-packages/earthaccess/store.py:832: FutureWarning: As of version 1.0, `DataGranule.size` will be accessed as an attribute; e.g. use `DataCollection.size` **not** `DataCollection.size()`
  total_size = round(sum(granule.size() for granule in granules) / 1024, 2)
/opt/miniconda3/envs/co2/lib/python3.11/site-packages/earthaccess/store.py:832: FutureWarning: As of version 1.0, `DataGranule.size` will be accessed as an attribute; e.g. use `DataCollection.size` **not** `DataCollection.size()`
  total_size = round(sum(granule.size() for granule in granules) / 1024, 2)
/opt/miniconda3/envs/co2/lib/python3.11/site-packages/earthaccess/store.py:832: FutureWarning: As of version 1.0, `DataGranule.size` will be accessed as an attribute; e.g. use `DataCollection.size` **not** `DataCollection.size()`
  total_size = round(sum(granule.size() for granule in granules) / 1024, 2)
/opt/miniconda3/envs/co2/lib/python3.11/site-packages/earthaccess/store.py:832: FutureWarning: As of version 1.0, `DataGranule.size` will be accessed as an attribute; e.g. use `DataCollection.size` **not** `DataCollection.size()`
  total_size = round(sum(granule.size() for granule in granules) / 1024, 2)
/opt/miniconda3/envs/co2/lib/python3.11/site-packages/earthaccess/store.py:832: FutureWarning: As of version 1.0, `DataGranule.size` will be accessed as an attribute; e.g. use `DataCollection.size` **not** `DataCollection.size()`
  total_size = round(sum(granule.size() for granule in granules) / 1024, 2)
/opt/miniconda3/envs/co2/lib/python3.11/site-packages/earthaccess/store.py:832: FutureWarning: As of version 1.0, `DataGranule.size` will be accessed as an attribute; e.g. use `DataCollection.size` **not** `DataCollection.size()`
  total_size = round(sum(granule.size() for granule in granules) / 1024, 2)
/opt/miniconda3/envs/co2/lib/python3.11/site-packages/earthaccess/store.py:832: FutureWarning: As of version 1.0, `DataGranule.size` will be accessed as an attribute; e.g. use `DataCollection.size` **not** `DataCollection.size()`
  total_size = round(sum(granule.size() for granule in granules) / 1024, 2)
/opt/miniconda3/envs/co2/lib/python3.11/site-packages/earthaccess/store.py:832: FutureWarning: As of version 1.0, `DataGranule.size` will be accessed as an attribute; e.g. use `DataCollection.size` **not** `DataCollection.size()`
  total_size = round(sum(granule.size() for granule in granules) / 1024, 2)
/opt/miniconda3/envs/co2/lib/python3.11/site-packages/earthaccess/store.py:832: FutureWarning: As of version 1.0, `DataGranule.size` will be accessed as an attribute; e.g. use `DataCollection.size` **not** `DataCollection.size()`
  total_size = round(sum(granule.size() for granule in granules) / 1024, 2)
/opt/miniconda3/envs/co2/lib/python3.11/site-packages/earthaccess/store.py:832: FutureWarning: As of version 1.0, `DataGranule.size` will be accessed as an attribute; e.g. use `DataCollection.size` **not** `DataCollection.size()`
  total_size = round(sum(granule.size() for granule in granules) / 1024, 2)
/opt/miniconda3/envs/co2/lib/python3.11/site-packages/earthaccess/store.py:832: FutureWarning: As of version 1.0, `DataGranule.size` will be accessed as an attribute; e.g. use `DataCollection.size` **not** `DataCollection.size()`
  total_size = round(sum(granule.size() for granule in granules) / 1024, 2)
/opt/miniconda3/envs/co2/lib/python3.11/site-packages/earthaccess/store.py:832: FutureWarning: As of version 1.0, `DataGranule.size` will be accessed as an attribute; e.g. use `DataCollection.size` **not** `DataCollection.size()`
  total_size = round(sum(granule.size() for granule in granules) / 1024, 2)
/opt/miniconda3/envs/co2/lib/python3.11/site-packages/earthaccess/store.py:832: FutureWarning: As of version 1.0, `DataGranule.size` will be accessed as an attribute; e.g. use `DataCollection.size` **not** `DataCollection.size()`
  total_size = round(sum(granule.size() for granule in granules) / 1024, 2)
/opt/miniconda3/envs/co2/lib/python3.11/site-packages/earthaccess/store.py:832: FutureWarning: As of version 1.0, `DataGranule.size` will be accessed as an attribute; e.g. use `DataCollection.size` **not** `DataCollection.size()`
  total_size = round(sum(granule.size() for granule in granules) / 1024, 2)
/opt/miniconda3/envs/co2/lib/python3.11/site-packages/earthaccess/store.py:832: FutureWarning: As of version 1.0, `DataGranule.size` will be accessed as an attribute; e.g. use `DataCollection.size` **not** `DataCollection.size()`
  total_size = round(sum(granule.size() for granule in granules) / 1024, 2)
/opt/miniconda3/envs/co2/lib/python3.11/site-packages/earthaccess/store.py:832: FutureWarning: As of version 1.0, `DataGranule.size` will be accessed as an attribute; e.g. use `DataCollection.size` **not** `DataCollection.size()`
  total_size = round(sum(granule.size() for granule in granules) / 1024, 2)
/opt/miniconda3/envs/co2/lib/python3.11/site-packages/earthaccess/store.py:832: FutureWarning: As of version 1.0, `DataGranule.size` will be accessed as an attribute; e.g. use `DataCollection.size` **not** `DataCollection.size()`
  total_size = round(sum(granule.size() for granule in granules) / 1024, 2)
/opt/miniconda3/envs/co2/lib/python3.11/site-packages/earthaccess/store.py:832: FutureWarning: As of version 1.0, `DataGranule.size` will be accessed as an attribute; e.g. use `DataCollection.size` **not** `DataCollection.size()`
  total_size = round(sum(granule.size() for granule in granules) / 1024, 2)
/opt/miniconda3/envs/co2/lib/python3.11/site-packages/earthaccess/store.py:832: FutureWarning: As of version 1.0, `DataGranule.size` will be accessed as an attribute; e.g. use `DataCollection.size` **not** `DataCollection.size()`
  total_size = round(sum(granule.size() for granule in granules) / 1024, 2)
/opt/miniconda3/envs/co2/lib/python3.11/site-packages/earthaccess/store.py:832: FutureWarning: As of version 1.0, `DataGranule.size` will be accessed as an attribute; e.g. use `DataCollection.size` **not** `DataCollection.size()`
  total_size = round(sum(granule.size() for granule in granules) / 1024, 2)
/opt/miniconda3/envs/co2/lib/python3.11/site-packages/earthaccess/store.py:832: FutureWarning: As of version 1.0, `DataGranule.size` will be accessed as an attribute; e.g. use `DataCollection.size` **not** `DataCollection.size()`
  total_size = round(sum(granule.size() for granule in granules) / 1024, 2)
/opt/miniconda3/envs/co2/lib/python3.11/site-packages/earthaccess/store.py:832: FutureWarning: As of version 1.0, `DataGranule.size` will be accessed as an attribute; e.g. use `DataCollection.size` **not** `DataCollection.size()`
  total_size = round(sum(granule.size() for granule in granules) / 1024, 2)
/opt/miniconda3/envs/co2/lib/python3.11/site-packages/earthaccess/store.py:832: FutureWarning: As of version 1.0, `DataGranule.size` will be accessed as an attribute; e.g. use `DataCollection.size` **not** `DataCollection.size()`
  total_size = round(sum(granule.size() for granule in granules) / 1024, 2)
/opt/miniconda3/envs/co2/lib/python3.11/site-packages/earthaccess/store.py:832: FutureWarning: As of version 1.0, `DataGranule.size` will be accessed as an attribute; e.g. use `DataCollection.size` **not** `DataCollection.size()`
  total_size = round(sum(granule.size() for granule in granules) / 1024, 2)
/opt/miniconda3/envs/co2/lib/python3.11/site-packages/earthaccess/store.py:832: FutureWarning: As of version 1.0, `DataGranule.size` will be accessed as an attribute; e.g. use `DataCollection.size` **not** `DataCollection.size()`
  total_size = round(sum(granule.size() for granule in granules) / 1024, 2)
/opt/miniconda3/envs/co2/lib/python3.11/site-packages/earthaccess/store.py:832: FutureWarning: As of version 1.0, `DataGranule.size` will be accessed as an attribute; e.g. use `DataCollection.size` **not** `DataCollection.size()`
  total_size = round(sum(granule.size() for granule in granules) / 1024, 2)
/opt/miniconda3/envs/co2/lib/python3.11/site-packages/earthaccess/store.py:832: FutureWarning: As of version 1.0, `DataGranule.size` will be accessed as an attribute; e.g. use `DataCollection.size` **not** `DataCollection.size()`
  total_size = round(sum(granule.size() for granule in granules) / 1024, 2)
/opt/miniconda3/envs/co2/lib/python3.11/site-packages/earthaccess/store.py:832: FutureWarning: As of version 1.0, `DataGranule.size` will be accessed as an attribute; e.g. use `DataCollection.size` **not** `DataCollection.size()`
  total_size = round(sum(granule.size() for granule in granules) / 1024, 2)
/opt/miniconda3/envs/co2/lib/python3.11/site-packages/earthaccess/store.py:832: FutureWarning: As of version 1.0, `DataGranule.size` will be accessed as an attribute; e.g. use `DataCollection.size` **not** `DataCollection.size()`
  total_size = round(sum(granule.size() for granule in granules) / 1024, 2)
/opt/miniconda3/envs/co2/lib/python3.11/site-packages/earthaccess/store.py:832: FutureWarning: As of version 1.0, `DataGranule.size` will be accessed as an attribute; e.g. use `DataCollection.size` **not** `DataCollection.size()`
  total_size = round(sum(granule.size() for granule in granules) / 1024, 2)
/opt/miniconda3/envs/co2/lib/python3.11/site-packages/earthaccess/store.py:832: FutureWarning: As of version 1.0, `DataGranule.size` will be accessed as an attribute; e.g. use `DataCollection.size` **not** `DataCollection.size()`
  total_size = round(sum(granule.size() for granule in granules) / 1024, 2)
/opt/miniconda3/envs/co2/lib/python3.11/site-packages/earthaccess/store.py:832: FutureWarning: As of version 1.0, `DataGranule.size` will be accessed as an attribute; e.g. use `DataCollection.size` **not** `DataCollection.size()`
  total_size = round(sum(granule.size() for granule in granules) / 1024, 2)
/opt/miniconda3/envs/co2/lib/python3.11/site-packages/earthaccess/store.py:832: FutureWarning: As of version 1.0, `DataGranule.size` will be accessed as an attribute; e.g. use `DataCollection.size` **not** `DataCollection.size()`
  total_size = round(sum(granule.size() for granule in granules) / 1024, 2)

===== Processing Korba  (22.3881, 82.6858) =====
[CO2] granules near Korba: 360
[CO2] hit-days: 5, soundings: 384
[CO2] enhancement = +0.36 ppm (bg std 0.94)
[NO2] peak 4 km from plant
[WIND] toward 133 deg, CO2 offset 47 deg, diff 86 deg

[SAVED] Korba -> data/plant_results.json
{
  "plant": "Korba",
  "lat": 22.3881,
  "lon": 82.6858,
  "hit_days": 5,
  "soundings": 384,
  "co2_enhancement_ppm": 0.361,
  "bg_std_ppm": 0.943,
  "no2_peak_km": 4.1,
  "wind_deg": 133.0,
  "co2_offset_deg": 47.0,
  "wind_co2_diff_deg": 86.0
}
