/opt/miniconda3/envs/co2/lib/python3.11/site-packages/earthaccess/results.py:343: FutureWarning: As of version 1.0, `DataGranule.size` will be accessed as an attribute; e.g. use `DataCollection.size` **not** `DataCollection.size()`
  self["size"] = self.size()
/opt/miniconda3/envs/co2/lib/python3.11/site-packages/earthaccess/store.py:832: FutureWarning: As of version 1.0, `DataGranule.size` will be accessed as an attribute; e.g. use `DataCollection.size` **not** `DataCollection.size()`
  total_size = round(sum(granule.size() for granule in granules) / 1024, 2)
/opt/miniconda3/envs/co2/lib/python3.11/site-packages/earthaccess/store.py:832: FutureWarning: As of version 1.0, `DataGranule.size` will be accessed as an attribute; e.g. use `DataCollection.size` **not** `DataCollection.size()`
  total_size = round(sum(granule.size() for granule in granules) / 1024, 2)
/opt/miniconda3/envs/co2/lib/python3.11/site-packages/earthaccess/store.py:832: FutureWarning: As of version 1.0, `DataGranule.size` will be accessed as an attribute; e.g. use `DataCollection.size` **not** `DataCollection.size()`
  total_size = round(sum(granule.size() for granule in granules) / 1024, 2)
/opt/miniconda3/envs/co2/lib/python3.11/site-packages/earthaccess/store.py:832: FutureWarning: As of version 1.0, `DataGranule.size` will be accessed as an attribute; e.g. use `DataCollection.size` **not** `DataCollection.size()`
  total_size = round(sum(granule.size() for granule in granules) / 1024, 2)
/opt/miniconda3/envs/co2/lib/python3.11/site-packages/earthaccess/store.py:832: FutureWarning: As of version 1.0, `DataGranule.size` will be accessed as an attribute; e.g. use `DataCollection.size` **not** `DataCollection.size()`
  total_size = round(sum(granule.size() for granule in granules) / 1024, 2)
/opt/miniconda3/envs/co2/lib/python3.11/site-packages/earthaccess/store.py:832: FutureWarning: As of version 1.0, `DataGranule.size` will be accessed as an attribute; e.g. use `DataCollection.size` **not** `DataCollection.size()`
  total_size = round(sum(granule.size() for granule in granules) / 1024, 2)
/opt/miniconda3/envs/co2/lib/python3.11/site-packages/earthaccess/store.py:832: FutureWarning: As of version 1.0, `DataGranule.size` will be accessed as an attribute; e.g. use `DataCollection.size` **not** `DataCollection.size()`
  total_size = round(sum(granule.size() for granule in granules) / 1024, 2)
/opt/miniconda3/envs/co2/lib/python3.11/site-packages/earthaccess/store.py:832: FutureWarning: As of version 1.0, `DataGranule.size` will be accessed as an attribute; e.g. use `DataCollection.size` **not** `DataCollection.size()`
  total_size = round(sum(granule.size() for granule in granules) / 1024, 2)
/opt/miniconda3/envs/co2/lib/python3.11/site-packages/earthaccess/store.py:832: FutureWarning: As of version 1.0, `DataGranule.size` will be accessed as an attribute; e.g. use `DataCollection.size` **not** `DataCollection.size()`
  total_size = round(sum(granule.size() for granule in granules) / 1024, 2)
/opt/miniconda3/envs/co2/lib/python3.11/site-packages/earthaccess/store.py:832: FutureWarning: As of version 1.0, `DataGranule.size` will be accessed as an attribute; e.g. use `DataCollection.size` **not** `DataCollection.size()`
  total_size = round(sum(granule.size() for granule in granules) / 1024, 2)
/opt/miniconda3/envs/co2/lib/python3.11/site-packages/earthaccess/store.py:832: FutureWarning: As of version 1.0, `DataGranule.size` will be accessed as an attribute; e.g. use `DataCollection.size` **not** `DataCollection.size()`
  total_size = round(sum(granule.size() for granule in granules) / 1024, 2)
/opt/miniconda3/envs/co2/lib/python3.11/site-packages/earthaccess/store.py:832: FutureWarning: As of version 1.0, `DataGranule.size` will be accessed as an attribute; e.g. use `DataCollection.size` **not** `DataCollection.size()`
  total_size = round(sum(granule.size() for granule in granules) / 1024, 2)
/opt/miniconda3/envs/co2/lib/python3.11/site-packages/earthaccess/store.py:832: FutureWarning: As of version 1.0, `DataGranule.size` will be accessed as an attribute; e.g. use `DataCollection.size` **not** `DataCollection.size()`
  total_size = round(sum(granule.size() for granule in granules) / 1024, 2)
/opt/miniconda3/envs/co2/lib/python3.11/site-packages/earthaccess/store.py:832: FutureWarning: As of version 1.0, `DataGranule.size` will be accessed as an attribute; e.g. use `DataCollection.size` **not** `DataCollection.size()`
  total_size = round(sum(granule.size() for granule in granules) / 1024, 2)
/opt/miniconda3/envs/co2/lib/python3.11/site-packages/earthaccess/store.py:832: FutureWarning: As of version 1.0, `DataGranule.size` will be accessed as an attribute; e.g. use `DataCollection.size` **not** `DataCollection.size()`
  total_size = round(sum(granule.size() for granule in granules) / 1024, 2)
/opt/miniconda3/envs/co2/lib/python3.11/site-packages/earthaccess/store.py:832: FutureWarning: As of version 1.0, `DataGranule.size` will be accessed as an attribute; e.g. use `DataCollection.size` **not** `DataCollection.size()`
  total_size = round(sum(granule.size() for granule in granules) / 1024, 2)
/opt/miniconda3/envs/co2/lib/python3.11/site-packages/earthaccess/store.py:832: FutureWarning: As of version 1.0, `DataGranule.size` will be accessed as an attribute; e.g. use `DataCollection.size` **not** `DataCollection.size()`
  total_size = round(sum(granule.size() for granule in granules) / 1024, 2)
/opt/miniconda3/envs/co2/lib/python3.11/site-packages/earthaccess/store.py:832: FutureWarning: As of version 1.0, `DataGranule.size` will be accessed as an attribute; e.g. use `DataCollection.size` **not** `DataCollection.size()`
  total_size = round(sum(granule.size() for granule in granules) / 1024, 2)
/opt/miniconda3/envs/co2/lib/python3.11/site-packages/earthaccess/store.py:832: FutureWarning: As of version 1.0, `DataGranule.size` will be accessed as an attribute; e.g. use `DataCollection.size` **not** `DataCollection.size()`
  total_size = round(sum(granule.size() for granule in granules) / 1024, 2)
/opt/miniconda3/envs/co2/lib/python3.11/site-packages/earthaccess/store.py:832: FutureWarning: As of version 1.0, `DataGranule.size` will be accessed as an attribute; e.g. use `DataCollection.size` **not** `DataCollection.size()`
  total_size = round(sum(granule.size() for granule in granules) / 1024, 2)
/opt/miniconda3/envs/co2/lib/python3.11/site-packages/earthaccess/store.py:832: FutureWarning: As of version 1.0, `DataGranule.size` will be accessed as an attribute; e.g. use `DataCollection.size` **not** `DataCollection.size()`
  total_size = round(sum(granule.size() for granule in granules) / 1024, 2)
/opt/miniconda3/envs/co2/lib/python3.11/site-packages/earthaccess/store.py:832: FutureWarning: As of version 1.0, `DataGranule.size` will be accessed as an attribute; e.g. use `DataCollection.size` **not** `DataCollection.size()`
  total_size = round(sum(granule.size() for granule in granules) / 1024, 2)
/opt/miniconda3/envs/co2/lib/python3.11/site-packages/earthaccess/store.py:832: FutureWarning: As of version 1.0, `DataGranule.size` will be accessed as an attribute; e.g. use `DataCollection.size` **not** `DataCollection.size()`
  total_size = round(sum(granule.size() for granule in granules) / 1024, 2)
/opt/miniconda3/envs/co2/lib/python3.11/site-packages/earthaccess/store.py:832: FutureWarning: As of version 1.0, `DataGranule.size` will be accessed as an attribute; e.g. use `DataCollection.size` **not** `DataCollection.size()`
  total_size = round(sum(granule.size() for granule in granules) / 1024, 2)
/opt/miniconda3/envs/co2/lib/python3.11/site-packages/earthaccess/store.py:832: FutureWarning: As of version 1.0, `DataGranule.size` will be accessed as an attribute; e.g. use `DataCollection.size` **not** `DataCollection.size()`
  total_size = round(sum(granule.size() for granule in granules) / 1024, 2)
/opt/miniconda3/envs/co2/lib/python3.11/site-packages/earthaccess/store.py:832: FutureWarning: As of version 1.0, `DataGranule.size` will be accessed as an attribute; e.g. use `DataCollection.size` **not** `DataCollection.size()`
  total_size = round(sum(granule.size() for granule in granules) / 1024, 2)
/opt/miniconda3/envs/co2/lib/python3.11/site-packages/earthaccess/store.py:832: FutureWarning: As of version 1.0, `DataGranule.size` will be accessed as an attribute; e.g. use `DataCollection.size` **not** `DataCollection.size()`
  total_size = round(sum(granule.size() for granule in granules) / 1024, 2)
/opt/miniconda3/envs/co2/lib/python3.11/site-packages/earthaccess/store.py:832: FutureWarning: As of version 1.0, `DataGranule.size` will be accessed as an attribute; e.g. use `DataCollection.size` **not** `DataCollection.size()`
  total_size = round(sum(granule.size() for granule in granules) / 1024, 2)
/opt/miniconda3/envs/co2/lib/python3.11/site-packages/earthaccess/store.py:832: FutureWarning: As of version 1.0, `DataGranule.size` will be accessed as an attribute; e.g. use `DataCollection.size` **not** `DataCollection.size()`
  total_size = round(sum(granule.size() for granule in granules) / 1024, 2)
/opt/miniconda3/envs/co2/lib/python3.11/site-packages/earthaccess/store.py:832: FutureWarning: As of version 1.0, `DataGranule.size` will be accessed as an attribute; e.g. use `DataCollection.size` **not** `DataCollection.size()`
  total_size = round(sum(granule.size() for granule in granules) / 1024, 2)
/opt/miniconda3/envs/co2/lib/python3.11/site-packages/earthaccess/store.py:832: FutureWarning: As of version 1.0, `DataGranule.size` will be accessed as an attribute; e.g. use `DataCollection.size` **not** `DataCollection.size()`
  total_size = round(sum(granule.size() for granule in granules) / 1024, 2)
/opt/miniconda3/envs/co2/lib/python3.11/site-packages/earthaccess/store.py:832: FutureWarning: As of version 1.0, `DataGranule.size` will be accessed as an attribute; e.g. use `DataCollection.size` **not** `DataCollection.size()`
  total_size = round(sum(granule.size() for granule in granules) / 1024, 2)
/opt/miniconda3/envs/co2/lib/python3.11/site-packages/earthaccess/store.py:832: FutureWarning: As of version 1.0, `DataGranule.size` will be accessed as an attribute; e.g. use `DataCollection.size` **not** `DataCollection.size()`
  total_size = round(sum(granule.size() for granule in granules) / 1024, 2)
/opt/miniconda3/envs/co2/lib/python3.11/site-packages/earthaccess/store.py:832: FutureWarning: As of version 1.0, `DataGranule.size` will be accessed as an attribute; e.g. use `DataCollection.size` **not** `DataCollection.size()`
  total_size = round(sum(granule.size() for granule in granules) / 1024, 2)
/opt/miniconda3/envs/co2/lib/python3.11/site-packages/earthaccess/store.py:832: FutureWarning: As of version 1.0, `DataGranule.size` will be accessed as an attribute; e.g. use `DataCollection.size` **not** `DataCollection.size()`
  total_size = round(sum(granule.size() for granule in granules) / 1024, 2)
/opt/miniconda3/envs/co2/lib/python3.11/site-packages/earthaccess/store.py:832: FutureWarning: As of version 1.0, `DataGranule.size` will be accessed as an attribute; e.g. use `DataCollection.size` **not** `DataCollection.size()`
  total_size = round(sum(granule.size() for granule in granules) / 1024, 2)
/opt/miniconda3/envs/co2/lib/python3.11/site-packages/earthaccess/store.py:832: FutureWarning: As of version 1.0, `DataGranule.size` will be accessed as an attribute; e.g. use `DataCollection.size` **not** `DataCollection.size()`
  total_size = round(sum(granule.size() for granule in granules) / 1024, 2)
/opt/miniconda3/envs/co2/lib/python3.11/site-packages/earthaccess/store.py:832: FutureWarning: As of version 1.0, `DataGranule.size` will be accessed as an attribute; e.g. use `DataCollection.size` **not** `DataCollection.size()`
  total_size = round(sum(granule.size() for granule in granules) / 1024, 2)
/opt/miniconda3/envs/co2/lib/python3.11/site-packages/earthaccess/store.py:832: FutureWarning: As of version 1.0, `DataGranule.size` will be accessed as an attribute; e.g. use `DataCollection.size` **not** `DataCollection.size()`
  total_size = round(sum(granule.size() for granule in granules) / 1024, 2)
/opt/miniconda3/envs/co2/lib/python3.11/site-packages/earthaccess/store.py:832: FutureWarning: As of version 1.0, `DataGranule.size` will be accessed as an attribute; e.g. use `DataCollection.size` **not** `DataCollection.size()`
  total_size = round(sum(granule.size() for granule in granules) / 1024, 2)
/opt/miniconda3/envs/co2/lib/python3.11/site-packages/earthaccess/store.py:832: FutureWarning: As of version 1.0, `DataGranule.size` will be accessed as an attribute; e.g. use `DataCollection.size` **not** `DataCollection.size()`
  total_size = round(sum(granule.size() for granule in granules) / 1024, 2)
/opt/miniconda3/envs/co2/lib/python3.11/site-packages/earthaccess/store.py:832: FutureWarning: As of version 1.0, `DataGranule.size` will be accessed as an attribute; e.g. use `DataCollection.size` **not** `DataCollection.size()`
  total_size = round(sum(granule.size() for granule in granules) / 1024, 2)
/opt/miniconda3/envs/co2/lib/python3.11/site-packages/earthaccess/store.py:832: FutureWarning: As of version 1.0, `DataGranule.size` will be accessed as an attribute; e.g. use `DataCollection.size` **not** `DataCollection.size()`
  total_size = round(sum(granule.size() for granule in granules) / 1024, 2)
/opt/miniconda3/envs/co2/lib/python3.11/site-packages/earthaccess/store.py:832: FutureWarning: As of version 1.0, `DataGranule.size` will be accessed as an attribute; e.g. use `DataCollection.size` **not** `DataCollection.size()`
  total_size = round(sum(granule.size() for granule in granules) / 1024, 2)
/opt/miniconda3/envs/co2/lib/python3.11/site-packages/earthaccess/store.py:832: FutureWarning: As of version 1.0, `DataGranule.size` will be accessed as an attribute; e.g. use `DataCollection.size` **not** `DataCollection.size()`
  total_size = round(sum(granule.size() for granule in granules) / 1024, 2)
/opt/miniconda3/envs/co2/lib/python3.11/site-packages/earthaccess/store.py:832: FutureWarning: As of version 1.0, `DataGranule.size` will be accessed as an attribute; e.g. use `DataCollection.size` **not** `DataCollection.size()`
  total_size = round(sum(granule.size() for granule in granules) / 1024, 2)
/opt/miniconda3/envs/co2/lib/python3.11/site-packages/earthaccess/store.py:832: FutureWarning: As of version 1.0, `DataGranule.size` will be accessed as an attribute; e.g. use `DataCollection.size` **not** `DataCollection.size()`
  total_size = round(sum(granule.size() for granule in granules) / 1024, 2)
/opt/miniconda3/envs/co2/lib/python3.11/site-packages/earthaccess/store.py:832: FutureWarning: As of version 1.0, `DataGranule.size` will be accessed as an attribute; e.g. use `DataCollection.size` **not** `DataCollection.size()`
  total_size = round(sum(granule.size() for granule in granules) / 1024, 2)
/opt/miniconda3/envs/co2/lib/python3.11/site-packages/earthaccess/store.py:832: FutureWarning: As of version 1.0, `DataGranule.size` will be accessed as an attribute; e.g. use `DataCollection.size` **not** `DataCollection.size()`
  total_size = round(sum(granule.size() for granule in granules) / 1024, 2)
/opt/miniconda3/envs/co2/lib/python3.11/site-packages/earthaccess/store.py:832: FutureWarning: As of version 1.0, `DataGranule.size` will be accessed as an attribute; e.g. use `DataCollection.size` **not** `DataCollection.size()`
  total_size = round(sum(granule.size() for granule in granules) / 1024, 2)
/opt/miniconda3/envs/co2/lib/python3.11/site-packages/earthaccess/store.py:832: FutureWarning: As of version 1.0, `DataGranule.size` will be accessed as an attribute; e.g. use `DataCollection.size` **not** `DataCollection.size()`
  total_size = round(sum(granule.size() for granule in granules) / 1024, 2)
/opt/miniconda3/envs/co2/lib/python3.11/site-packages/earthaccess/store.py:832: FutureWarning: As of version 1.0, `DataGranule.size` will be accessed as an attribute; e.g. use `DataCollection.size` **not** `DataCollection.size()`
  total_size = round(sum(granule.size() for granule in granules) / 1024, 2)
/opt/miniconda3/envs/co2/lib/python3.11/site-packages/earthaccess/store.py:832: FutureWarning: As of version 1.0, `DataGranule.size` will be accessed as an attribute; e.g. use `DataCollection.size` **not** `DataCollection.size()`
  total_size = round(sum(granule.size() for granule in granules) / 1024, 2)
/opt/miniconda3/envs/co2/lib/python3.11/site-packages/earthaccess/store.py:832: FutureWarning: As of version 1.0, `DataGranule.size` will be accessed as an attribute; e.g. use `DataCollection.size` **not** `DataCollection.size()`
  total_size = round(sum(granule.size() for granule in granules) / 1024, 2)
/opt/miniconda3/envs/co2/lib/python3.11/site-packages/earthaccess/store.py:832: FutureWarning: As of version 1.0, `DataGranule.size` will be accessed as an attribute; e.g. use `DataCollection.size` **not** `DataCollection.size()`
  total_size = round(sum(granule.size() for granule in granules) / 1024, 2)
/opt/miniconda3/envs/co2/lib/python3.11/site-packages/earthaccess/store.py:832: FutureWarning: As of version 1.0, `DataGranule.size` will be accessed as an attribute; e.g. use `DataCollection.size` **not** `DataCollection.size()`
  total_size = round(sum(granule.size() for granule in granules) / 1024, 2)
/opt/miniconda3/envs/co2/lib/python3.11/site-packages/earthaccess/store.py:832: FutureWarning: As of version 1.0, `DataGranule.size` will be accessed as an attribute; e.g. use `DataCollection.size` **not** `DataCollection.size()`
  total_size = round(sum(granule.size() for granule in granules) / 1024, 2)
/opt/miniconda3/envs/co2/lib/python3.11/site-packages/earthaccess/store.py:832: FutureWarning: As of version 1.0, `DataGranule.size` will be accessed as an attribute; e.g. use `DataCollection.size` **not** `DataCollection.size()`
  total_size = round(sum(granule.size() for granule in granules) / 1024, 2)
/opt/miniconda3/envs/co2/lib/python3.11/site-packages/earthaccess/store.py:832: FutureWarning: As of version 1.0, `DataGranule.size` will be accessed as an attribute; e.g. use `DataCollection.size` **not** `DataCollection.size()`
  total_size = round(sum(granule.size() for granule in granules) / 1024, 2)
/opt/miniconda3/envs/co2/lib/python3.11/site-packages/earthaccess/store.py:832: FutureWarning: As of version 1.0, `DataGranule.size` will be accessed as an attribute; e.g. use `DataCollection.size` **not** `DataCollection.size()`
  total_size = round(sum(granule.size() for granule in granules) / 1024, 2)
/opt/miniconda3/envs/co2/lib/python3.11/site-packages/earthaccess/store.py:832: FutureWarning: As of version 1.0, `DataGranule.size` will be accessed as an attribute; e.g. use `DataCollection.size` **not** `DataCollection.size()`
  total_size = round(sum(granule.size() for granule in granules) / 1024, 2)
/opt/miniconda3/envs/co2/lib/python3.11/site-packages/earthaccess/store.py:832: FutureWarning: As of version 1.0, `DataGranule.size` will be accessed as an attribute; e.g. use `DataCollection.size` **not** `DataCollection.size()`
  total_size = round(sum(granule.size() for granule in granules) / 1024, 2)
/opt/miniconda3/envs/co2/lib/python3.11/site-packages/earthaccess/store.py:832: FutureWarning: As of version 1.0, `DataGranule.size` will be accessed as an attribute; e.g. use `DataCollection.size` **not** `DataCollection.size()`
  total_size = round(sum(granule.size() for granule in granules) / 1024, 2)
/opt/miniconda3/envs/co2/lib/python3.11/site-packages/earthaccess/store.py:832: FutureWarning: As of version 1.0, `DataGranule.size` will be accessed as an attribute; e.g. use `DataCollection.size` **not** `DataCollection.size()`
  total_size = round(sum(granule.size() for granule in granules) / 1024, 2)
/opt/miniconda3/envs/co2/lib/python3.11/site-packages/earthaccess/store.py:832: FutureWarning: As of version 1.0, `DataGranule.size` will be accessed as an attribute; e.g. use `DataCollection.size` **not** `DataCollection.size()`
  total_size = round(sum(granule.size() for granule in granules) / 1024, 2)
/opt/miniconda3/envs/co2/lib/python3.11/site-packages/earthaccess/store.py:832: FutureWarning: As of version 1.0, `DataGranule.size` will be accessed as an attribute; e.g. use `DataCollection.size` **not** `DataCollection.size()`
  total_size = round(sum(granule.size() for granule in granules) / 1024, 2)
/opt/miniconda3/envs/co2/lib/python3.11/site-packages/earthaccess/store.py:832: FutureWarning: As of version 1.0, `DataGranule.size` will be accessed as an attribute; e.g. use `DataCollection.size` **not** `DataCollection.size()`
  total_size = round(sum(granule.size() for granule in granules) / 1024, 2)
/opt/miniconda3/envs/co2/lib/python3.11/site-packages/earthaccess/store.py:832: FutureWarning: As of version 1.0, `DataGranule.size` will be accessed as an attribute; e.g. use `DataCollection.size` **not** `DataCollection.size()`
  total_size = round(sum(granule.size() for granule in granules) / 1024, 2)
/opt/miniconda3/envs/co2/lib/python3.11/site-packages/earthaccess/store.py:832: FutureWarning: As of version 1.0, `DataGranule.size` will be accessed as an attribute; e.g. use `DataCollection.size` **not** `DataCollection.size()`
  total_size = round(sum(granule.size() for granule in granules) / 1024, 2)
/opt/miniconda3/envs/co2/lib/python3.11/site-packages/earthaccess/store.py:832: FutureWarning: As of version 1.0, `DataGranule.size` will be accessed as an attribute; e.g. use `DataCollection.size` **not** `DataCollection.size()`
  total_size = round(sum(granule.size() for granule in granules) / 1024, 2)
/opt/miniconda3/envs/co2/lib/python3.11/site-packages/earthaccess/store.py:832: FutureWarning: As of version 1.0, `DataGranule.size` will be accessed as an attribute; e.g. use `DataCollection.size` **not** `DataCollection.size()`
  total_size = round(sum(granule.size() for granule in granules) / 1024, 2)
/opt/miniconda3/envs/co2/lib/python3.11/site-packages/earthaccess/store.py:832: FutureWarning: As of version 1.0, `DataGranule.size` will be accessed as an attribute; e.g. use `DataCollection.size` **not** `DataCollection.size()`
  total_size = round(sum(granule.size() for granule in granules) / 1024, 2)
/opt/miniconda3/envs/co2/lib/python3.11/site-packages/earthaccess/store.py:832: FutureWarning: As of version 1.0, `DataGranule.size` will be accessed as an attribute; e.g. use `DataCollection.size` **not** `DataCollection.size()`
  total_size = round(sum(granule.size() for granule in granules) / 1024, 2)
/opt/miniconda3/envs/co2/lib/python3.11/site-packages/earthaccess/store.py:832: FutureWarning: As of version 1.0, `DataGranule.size` will be accessed as an attribute; e.g. use `DataCollection.size` **not** `DataCollection.size()`
  total_size = round(sum(granule.size() for granule in granules) / 1024, 2)
/opt/miniconda3/envs/co2/lib/python3.11/site-packages/earthaccess/store.py:832: FutureWarning: As of version 1.0, `DataGranule.size` will be accessed as an attribute; e.g. use `DataCollection.size` **not** `DataCollection.size()`
  total_size = round(sum(granule.size() for granule in granules) / 1024, 2)
/opt/miniconda3/envs/co2/lib/python3.11/site-packages/earthaccess/store.py:832: FutureWarning: As of version 1.0, `DataGranule.size` will be accessed as an attribute; e.g. use `DataCollection.size` **not** `DataCollection.size()`
  total_size = round(sum(granule.size() for granule in granules) / 1024, 2)
/opt/miniconda3/envs/co2/lib/python3.11/site-packages/earthaccess/store.py:832: FutureWarning: As of version 1.0, `DataGranule.size` will be accessed as an attribute; e.g. use `DataCollection.size` **not** `DataCollection.size()`
  total_size = round(sum(granule.size() for granule in granules) / 1024, 2)
/opt/miniconda3/envs/co2/lib/python3.11/site-packages/earthaccess/store.py:832: FutureWarning: As of version 1.0, `DataGranule.size` will be accessed as an attribute; e.g. use `DataCollection.size` **not** `DataCollection.size()`
  total_size = round(sum(granule.size() for granule in granules) / 1024, 2)
/opt/miniconda3/envs/co2/lib/python3.11/site-packages/earthaccess/store.py:832: FutureWarning: As of version 1.0, `DataGranule.size` will be accessed as an attribute; e.g. use `DataCollection.size` **not** `DataCollection.size()`
  total_size = round(sum(granule.size() for granule in granules) / 1024, 2)
/opt/miniconda3/envs/co2/lib/python3.11/site-packages/earthaccess/store.py:832: FutureWarning: As of version 1.0, `DataGranule.size` will be accessed as an attribute; e.g. use `DataCollection.size` **not** `DataCollection.size()`
  total_size = round(sum(granule.size() for granule in granules) / 1024, 2)
/opt/miniconda3/envs/co2/lib/python3.11/site-packages/earthaccess/store.py:832: FutureWarning: As of version 1.0, `DataGranule.size` will be accessed as an attribute; e.g. use `DataCollection.size` **not** `DataCollection.size()`
  total_size = round(sum(granule.size() for granule in granules) / 1024, 2)
/opt/miniconda3/envs/co2/lib/python3.11/site-packages/earthaccess/store.py:832: FutureWarning: As of version 1.0, `DataGranule.size` will be accessed as an attribute; e.g. use `DataCollection.size` **not** `DataCollection.size()`
  total_size = round(sum(granule.size() for granule in granules) / 1024, 2)
/opt/miniconda3/envs/co2/lib/python3.11/site-packages/earthaccess/store.py:832: FutureWarning: As of version 1.0, `DataGranule.size` will be accessed as an attribute; e.g. use `DataCollection.size` **not** `DataCollection.size()`
  total_size = round(sum(granule.size() for granule in granules) / 1024, 2)
/opt/miniconda3/envs/co2/lib/python3.11/site-packages/earthaccess/store.py:832: FutureWarning: As of version 1.0, `DataGranule.size` will be accessed as an attribute; e.g. use `DataCollection.size` **not** `DataCollection.size()`
  total_size = round(sum(granule.size() for granule in granules) / 1024, 2)
/opt/miniconda3/envs/co2/lib/python3.11/site-packages/earthaccess/store.py:832: FutureWarning: As of version 1.0, `DataGranule.size` will be accessed as an attribute; e.g. use `DataCollection.size` **not** `DataCollection.size()`
  total_size = round(sum(granule.size() for granule in granules) / 1024, 2)
/opt/miniconda3/envs/co2/lib/python3.11/site-packages/earthaccess/store.py:832: FutureWarning: As of version 1.0, `DataGranule.size` will be accessed as an attribute; e.g. use `DataCollection.size` **not** `DataCollection.size()`
  total_size = round(sum(granule.size() for granule in granules) / 1024, 2)
/opt/miniconda3/envs/co2/lib/python3.11/site-packages/earthaccess/store.py:832: FutureWarning: As of version 1.0, `DataGranule.size` will be accessed as an attribute; e.g. use `DataCollection.size` **not** `DataCollection.size()`
  total_size = round(sum(granule.size() for granule in granules) / 1024, 2)
/opt/miniconda3/envs/co2/lib/python3.11/site-packages/earthaccess/store.py:832: FutureWarning: As of version 1.0, `DataGranule.size` will be accessed as an attribute; e.g. use `DataCollection.size` **not** `DataCollection.size()`
  total_size = round(sum(granule.size() for granule in granules) / 1024, 2)
/opt/miniconda3/envs/co2/lib/python3.11/site-packages/earthaccess/store.py:832: FutureWarning: As of version 1.0, `DataGranule.size` will be accessed as an attribute; e.g. use `DataCollection.size` **not** `DataCollection.size()`
  total_size = round(sum(granule.size() for granule in granules) / 1024, 2)
/opt/miniconda3/envs/co2/lib/python3.11/site-packages/earthaccess/store.py:832: FutureWarning: As of version 1.0, `DataGranule.size` will be accessed as an attribute; e.g. use `DataCollection.size` **not** `DataCollection.size()`
  total_size = round(sum(granule.size() for granule in granules) / 1024, 2)
/opt/miniconda3/envs/co2/lib/python3.11/site-packages/earthaccess/store.py:832: FutureWarning: As of version 1.0, `DataGranule.size` will be accessed as an attribute; e.g. use `DataCollection.size` **not** `DataCollection.size()`
  total_size = round(sum(granule.size() for granule in granules) / 1024, 2)
/opt/miniconda3/envs/co2/lib/python3.11/site-packages/earthaccess/store.py:832: FutureWarning: As of version 1.0, `DataGranule.size` will be accessed as an attribute; e.g. use `DataCollection.size` **not** `DataCollection.size()`
  total_size = round(sum(granule.size() for granule in granules) / 1024, 2)
/opt/miniconda3/envs/co2/lib/python3.11/site-packages/earthaccess/store.py:832: FutureWarning: As of version 1.0, `DataGranule.size` will be accessed as an attribute; e.g. use `DataCollection.size` **not** `DataCollection.size()`
  total_size = round(sum(granule.size() for granule in granules) / 1024, 2)
/opt/miniconda3/envs/co2/lib/python3.11/site-packages/earthaccess/store.py:832: FutureWarning: As of version 1.0, `DataGranule.size` will be accessed as an attribute; e.g. use `DataCollection.size` **not** `DataCollection.size()`
  total_size = round(sum(granule.size() for granule in granules) / 1024, 2)
/opt/miniconda3/envs/co2/lib/python3.11/site-packages/earthaccess/store.py:832: FutureWarning: As of version 1.0, `DataGranule.size` will be accessed as an attribute; e.g. use `DataCollection.size` **not** `DataCollection.size()`
  total_size = round(sum(granule.size() for granule in granules) / 1024, 2)
/opt/miniconda3/envs/co2/lib/python3.11/site-packages/earthaccess/store.py:832: FutureWarning: As of version 1.0, `DataGranule.size` will be accessed as an attribute; e.g. use `DataCollection.size` **not** `DataCollection.size()`
  total_size = round(sum(granule.size() for granule in granules) / 1024, 2)
/opt/miniconda3/envs/co2/lib/python3.11/site-packages/earthaccess/store.py:832: FutureWarning: As of version 1.0, `DataGranule.size` will be accessed as an attribute; e.g. use `DataCollection.size` **not** `DataCollection.size()`
  total_size = round(sum(granule.size() for granule in granules) / 1024, 2)
/opt/miniconda3/envs/co2/lib/python3.11/site-packages/earthaccess/store.py:832: FutureWarning: As of version 1.0, `DataGranule.size` will be accessed as an attribute; e.g. use `DataCollection.size` **not** `DataCollection.size()`
  total_size = round(sum(granule.size() for granule in granules) / 1024, 2)
/opt/miniconda3/envs/co2/lib/python3.11/site-packages/earthaccess/store.py:832: FutureWarning: As of version 1.0, `DataGranule.size` will be accessed as an attribute; e.g. use `DataCollection.size` **not** `DataCollection.size()`
  total_size = round(sum(granule.size() for granule in granules) / 1024, 2)
/opt/miniconda3/envs/co2/lib/python3.11/site-packages/earthaccess/store.py:832: FutureWarning: As of version 1.0, `DataGranule.size` will be accessed as an attribute; e.g. use `DataCollection.size` **not** `DataCollection.size()`
  total_size = round(sum(granule.size() for granule in granules) / 1024, 2)
/opt/miniconda3/envs/co2/lib/python3.11/site-packages/earthaccess/store.py:832: FutureWarning: As of version 1.0, `DataGranule.size` will be accessed as an attribute; e.g. use `DataCollection.size` **not** `DataCollection.size()`
  total_size = round(sum(granule.size() for granule in granules) / 1024, 2)
/opt/miniconda3/envs/co2/lib/python3.11/site-packages/earthaccess/store.py:832: FutureWarning: As of version 1.0, `DataGranule.size` will be accessed as an attribute; e.g. use `DataCollection.size` **not** `DataCollection.size()`
  total_size = round(sum(granule.size() for granule in granules) / 1024, 2)
/opt/miniconda3/envs/co2/lib/python3.11/site-packages/earthaccess/store.py:832: FutureWarning: As of version 1.0, `DataGranule.size` will be accessed as an attribute; e.g. use `DataCollection.size` **not** `DataCollection.size()`
  total_size = round(sum(granule.size() for granule in granules) / 1024, 2)
/opt/miniconda3/envs/co2/lib/python3.11/site-packages/earthaccess/store.py:832: FutureWarning: As of version 1.0, `DataGranule.size` will be accessed as an attribute; e.g. use `DataCollection.size` **not** `DataCollection.size()`
  total_size = round(sum(granule.size() for granule in granules) / 1024, 2)
/opt/miniconda3/envs/co2/lib/python3.11/site-packages/earthaccess/store.py:832: FutureWarning: As of version 1.0, `DataGranule.size` will be accessed as an attribute; e.g. use `DataCollection.size` **not** `DataCollection.size()`
  total_size = round(sum(granule.size() for granule in granules) / 1024, 2)
/opt/miniconda3/envs/co2/lib/python3.11/site-packages/earthaccess/store.py:832: FutureWarning: As of version 1.0, `DataGranule.size` will be accessed as an attribute; e.g. use `DataCollection.size` **not** `DataCollection.size()`
  total_size = round(sum(granule.size() for granule in granules) / 1024, 2)
/opt/miniconda3/envs/co2/lib/python3.11/site-packages/earthaccess/store.py:832: FutureWarning: As of version 1.0, `DataGranule.size` will be accessed as an attribute; e.g. use `DataCollection.size` **not** `DataCollection.size()`
  total_size = round(sum(granule.size() for granule in granules) / 1024, 2)
/opt/miniconda3/envs/co2/lib/python3.11/site-packages/earthaccess/store.py:832: FutureWarning: As of version 1.0, `DataGranule.size` will be accessed as an attribute; e.g. use `DataCollection.size` **not** `DataCollection.size()`
  total_size = round(sum(granule.size() for granule in granules) / 1024, 2)
/opt/miniconda3/envs/co2/lib/python3.11/site-packages/earthaccess/store.py:832: FutureWarning: As of version 1.0, `DataGranule.size` will be accessed as an attribute; e.g. use `DataCollection.size` **not** `DataCollection.size()`
  total_size = round(sum(granule.size() for granule in granules) / 1024, 2)
/opt/miniconda3/envs/co2/lib/python3.11/site-packages/earthaccess/store.py:832: FutureWarning: As of version 1.0, `DataGranule.size` will be accessed as an attribute; e.g. use `DataCollection.size` **not** `DataCollection.size()`
  total_size = round(sum(granule.size() for granule in granules) / 1024, 2)
/opt/miniconda3/envs/co2/lib/python3.11/site-packages/earthaccess/store.py:832: FutureWarning: As of version 1.0, `DataGranule.size` will be accessed as an attribute; e.g. use `DataCollection.size` **not** `DataCollection.size()`
  total_size = round(sum(granule.size() for granule in granules) / 1024, 2)
/opt/miniconda3/envs/co2/lib/python3.11/site-packages/earthaccess/store.py:832: FutureWarning: As of version 1.0, `DataGranule.size` will be accessed as an attribute; e.g. use `DataCollection.size` **not** `DataCollection.size()`
  total_size = round(sum(granule.size() for granule in granules) / 1024, 2)
/opt/miniconda3/envs/co2/lib/python3.11/site-packages/earthaccess/store.py:832: FutureWarning: As of version 1.0, `DataGranule.size` will be accessed as an attribute; e.g. use `DataCollection.size` **not** `DataCollection.size()`
  total_size = round(sum(granule.size() for granule in granules) / 1024, 2)
/opt/miniconda3/envs/co2/lib/python3.11/site-packages/earthaccess/store.py:832: FutureWarning: As of version 1.0, `DataGranule.size` will be accessed as an attribute; e.g. use `DataCollection.size` **not** `DataCollection.size()`
  total_size = round(sum(granule.size() for granule in granules) / 1024, 2)
/opt/miniconda3/envs/co2/lib/python3.11/site-packages/earthaccess/store.py:832: FutureWarning: As of version 1.0, `DataGranule.size` will be accessed as an attribute; e.g. use `DataCollection.size` **not** `DataCollection.size()`
  total_size = round(sum(granule.size() for granule in granules) / 1024, 2)
/opt/miniconda3/envs/co2/lib/python3.11/site-packages/earthaccess/store.py:832: FutureWarning: As of version 1.0, `DataGranule.size` will be accessed as an attribute; e.g. use `DataCollection.size` **not** `DataCollection.size()`
  total_size = round(sum(granule.size() for granule in granules) / 1024, 2)
/opt/miniconda3/envs/co2/lib/python3.11/site-packages/earthaccess/store.py:832: FutureWarning: As of version 1.0, `DataGranule.size` will be accessed as an attribute; e.g. use `DataCollection.size` **not** `DataCollection.size()`
  total_size = round(sum(granule.size() for granule in granules) / 1024, 2)
/opt/miniconda3/envs/co2/lib/python3.11/site-packages/earthaccess/store.py:832: FutureWarning: As of version 1.0, `DataGranule.size` will be accessed as an attribute; e.g. use `DataCollection.size` **not** `DataCollection.size()`
  total_size = round(sum(granule.size() for granule in granules) / 1024, 2)
/opt/miniconda3/envs/co2/lib/python3.11/site-packages/earthaccess/store.py:832: FutureWarning: As of version 1.0, `DataGranule.size` will be accessed as an attribute; e.g. use `DataCollection.size` **not** `DataCollection.size()`
  total_size = round(sum(granule.size() for granule in granules) / 1024, 2)
/opt/miniconda3/envs/co2/lib/python3.11/site-packages/earthaccess/store.py:832: FutureWarning: As of version 1.0, `DataGranule.size` will be accessed as an attribute; e.g. use `DataCollection.size` **not** `DataCollection.size()`
  total_size = round(sum(granule.size() for granule in granules) / 1024, 2)
/opt/miniconda3/envs/co2/lib/python3.11/site-packages/earthaccess/store.py:832: FutureWarning: As of version 1.0, `DataGranule.size` will be accessed as an attribute; e.g. use `DataCollection.size` **not** `DataCollection.size()`
  total_size = round(sum(granule.size() for granule in granules) / 1024, 2)
/opt/miniconda3/envs/co2/lib/python3.11/site-packages/earthaccess/store.py:832: FutureWarning: As of version 1.0, `DataGranule.size` will be accessed as an attribute; e.g. use `DataCollection.size` **not** `DataCollection.size()`
  total_size = round(sum(granule.size() for granule in granules) / 1024, 2)
/opt/miniconda3/envs/co2/lib/python3.11/site-packages/earthaccess/store.py:832: FutureWarning: As of version 1.0, `DataGranule.size` will be accessed as an attribute; e.g. use `DataCollection.size` **not** `DataCollection.size()`
  total_size = round(sum(granule.size() for granule in granules) / 1024, 2)
/opt/miniconda3/envs/co2/lib/python3.11/site-packages/earthaccess/store.py:832: FutureWarning: As of version 1.0, `DataGranule.size` will be accessed as an attribute; e.g. use `DataCollection.size` **not** `DataCollection.size()`
  total_size = round(sum(granule.size() for granule in granules) / 1024, 2)
/opt/miniconda3/envs/co2/lib/python3.11/site-packages/earthaccess/store.py:832: FutureWarning: As of version 1.0, `DataGranule.size` will be accessed as an attribute; e.g. use `DataCollection.size` **not** `DataCollection.size()`
  total_size = round(sum(granule.size() for granule in granules) / 1024, 2)
/opt/miniconda3/envs/co2/lib/python3.11/site-packages/earthaccess/store.py:832: FutureWarning: As of version 1.0, `DataGranule.size` will be accessed as an attribute; e.g. use `DataCollection.size` **not** `DataCollection.size()`
  total_size = round(sum(granule.size() for granule in granules) / 1024, 2)
/opt/miniconda3/envs/co2/lib/python3.11/site-packages/earthaccess/store.py:832: FutureWarning: As of version 1.0, `DataGranule.size` will be accessed as an attribute; e.g. use `DataCollection.size` **not** `DataCollection.size()`
  total_size = round(sum(granule.size() for granule in granules) / 1024, 2)
/opt/miniconda3/envs/co2/lib/python3.11/site-packages/earthaccess/store.py:832: FutureWarning: As of version 1.0, `DataGranule.size` will be accessed as an attribute; e.g. use `DataCollection.size` **not** `DataCollection.size()`
  total_size = round(sum(granule.size() for granule in granules) / 1024, 2)
/opt/miniconda3/envs/co2/lib/python3.11/site-packages/earthaccess/store.py:832: FutureWarning: As of version 1.0, `DataGranule.size` will be accessed as an attribute; e.g. use `DataCollection.size` **not** `DataCollection.size()`
  total_size = round(sum(granule.size() for granule in granules) / 1024, 2)
/opt/miniconda3/envs/co2/lib/python3.11/site-packages/earthaccess/store.py:832: FutureWarning: As of version 1.0, `DataGranule.size` will be accessed as an attribute; e.g. use `DataCollection.size` **not** `DataCollection.size()`
  total_size = round(sum(granule.size() for granule in granules) / 1024, 2)
/opt/miniconda3/envs/co2/lib/python3.11/site-packages/earthaccess/store.py:832: FutureWarning: As of version 1.0, `DataGranule.size` will be accessed as an attribute; e.g. use `DataCollection.size` **not** `DataCollection.size()`
  total_size = round(sum(granule.size() for granule in granules) / 1024, 2)
/opt/miniconda3/envs/co2/lib/python3.11/site-packages/earthaccess/store.py:832: FutureWarning: As of version 1.0, `DataGranule.size` will be accessed as an attribute; e.g. use `DataCollection.size` **not** `DataCollection.size()`
  total_size = round(sum(granule.size() for granule in granules) / 1024, 2)
/opt/miniconda3/envs/co2/lib/python3.11/site-packages/earthaccess/store.py:832: FutureWarning: As of version 1.0, `DataGranule.size` will be accessed as an attribute; e.g. use `DataCollection.size` **not** `DataCollection.size()`
  total_size = round(sum(granule.size() for granule in granules) / 1024, 2)
/opt/miniconda3/envs/co2/lib/python3.11/site-packages/earthaccess/store.py:832: FutureWarning: As of version 1.0, `DataGranule.size` will be accessed as an attribute; e.g. use `DataCollection.size` **not** `DataCollection.size()`
  total_size = round(sum(granule.size() for granule in granules) / 1024, 2)
/opt/miniconda3/envs/co2/lib/python3.11/site-packages/earthaccess/store.py:832: FutureWarning: As of version 1.0, `DataGranule.size` will be accessed as an attribute; e.g. use `DataCollection.size` **not** `DataCollection.size()`
  total_size = round(sum(granule.size() for granule in granules) / 1024, 2)
/opt/miniconda3/envs/co2/lib/python3.11/site-packages/earthaccess/store.py:832: FutureWarning: As of version 1.0, `DataGranule.size` will be accessed as an attribute; e.g. use `DataCollection.size` **not** `DataCollection.size()`
  total_size = round(sum(granule.size() for granule in granules) / 1024, 2)
/opt/miniconda3/envs/co2/lib/python3.11/site-packages/earthaccess/store.py:832: FutureWarning: As of version 1.0, `DataGranule.size` will be accessed as an attribute; e.g. use `DataCollection.size` **not** `DataCollection.size()`
  total_size = round(sum(granule.size() for granule in granules) / 1024, 2)
/opt/miniconda3/envs/co2/lib/python3.11/site-packages/earthaccess/store.py:832: FutureWarning: As of version 1.0, `DataGranule.size` will be accessed as an attribute; e.g. use `DataCollection.size` **not** `DataCollection.size()`
  total_size = round(sum(granule.size() for granule in granules) / 1024, 2)
/opt/miniconda3/envs/co2/lib/python3.11/site-packages/earthaccess/store.py:832: FutureWarning: As of version 1.0, `DataGranule.size` will be accessed as an attribute; e.g. use `DataCollection.size` **not** `DataCollection.size()`
  total_size = round(sum(granule.size() for granule in granules) / 1024, 2)
/opt/miniconda3/envs/co2/lib/python3.11/site-packages/earthaccess/store.py:832: FutureWarning: As of version 1.0, `DataGranule.size` will be accessed as an attribute; e.g. use `DataCollection.size` **not** `DataCollection.size()`
  total_size = round(sum(granule.size() for granule in granules) / 1024, 2)
/opt/miniconda3/envs/co2/lib/python3.11/site-packages/earthaccess/store.py:832: FutureWarning: As of version 1.0, `DataGranule.size` will be accessed as an attribute; e.g. use `DataCollection.size` **not** `DataCollection.size()`
  total_size = round(sum(granule.size() for granule in granules) / 1024, 2)
/opt/miniconda3/envs/co2/lib/python3.11/site-packages/earthaccess/store.py:832: FutureWarning: As of version 1.0, `DataGranule.size` will be accessed as an attribute; e.g. use `DataCollection.size` **not** `DataCollection.size()`
  total_size = round(sum(granule.size() for granule in granules) / 1024, 2)
/opt/miniconda3/envs/co2/lib/python3.11/site-packages/earthaccess/store.py:832: FutureWarning: As of version 1.0, `DataGranule.size` will be accessed as an attribute; e.g. use `DataCollection.size` **not** `DataCollection.size()`
  total_size = round(sum(granule.size() for granule in granules) / 1024, 2)
/opt/miniconda3/envs/co2/lib/python3.11/site-packages/earthaccess/store.py:832: FutureWarning: As of version 1.0, `DataGranule.size` will be accessed as an attribute; e.g. use `DataCollection.size` **not** `DataCollection.size()`
  total_size = round(sum(granule.size() for granule in granules) / 1024, 2)
/opt/miniconda3/envs/co2/lib/python3.11/site-packages/earthaccess/store.py:832: FutureWarning: As of version 1.0, `DataGranule.size` will be accessed as an attribute; e.g. use `DataCollection.size` **not** `DataCollection.size()`
  total_size = round(sum(granule.size() for granule in granules) / 1024, 2)
/opt/miniconda3/envs/co2/lib/python3.11/site-packages/earthaccess/store.py:832: FutureWarning: As of version 1.0, `DataGranule.size` will be accessed as an attribute; e.g. use `DataCollection.size` **not** `DataCollection.size()`
  total_size = round(sum(granule.size() for granule in granules) / 1024, 2)
/opt/miniconda3/envs/co2/lib/python3.11/site-packages/earthaccess/store.py:832: FutureWarning: As of version 1.0, `DataGranule.size` will be accessed as an attribute; e.g. use `DataCollection.size` **not** `DataCollection.size()`
  total_size = round(sum(granule.size() for granule in granules) / 1024, 2)
/opt/miniconda3/envs/co2/lib/python3.11/site-packages/earthaccess/store.py:832: FutureWarning: As of version 1.0, `DataGranule.size` will be accessed as an attribute; e.g. use `DataCollection.size` **not** `DataCollection.size()`
  total_size = round(sum(granule.size() for granule in granules) / 1024, 2)
/opt/miniconda3/envs/co2/lib/python3.11/site-packages/earthaccess/store.py:832: FutureWarning: As of version 1.0, `DataGranule.size` will be accessed as an attribute; e.g. use `DataCollection.size` **not** `DataCollection.size()`
  total_size = round(sum(granule.size() for granule in granules) / 1024, 2)
/opt/miniconda3/envs/co2/lib/python3.11/site-packages/earthaccess/store.py:832: FutureWarning: As of version 1.0, `DataGranule.size` will be accessed as an attribute; e.g. use `DataCollection.size` **not** `DataCollection.size()`
  total_size = round(sum(granule.size() for granule in granules) / 1024, 2)
/opt/miniconda3/envs/co2/lib/python3.11/site-packages/earthaccess/store.py:832: FutureWarning: As of version 1.0, `DataGranule.size` will be accessed as an attribute; e.g. use `DataCollection.size` **not** `DataCollection.size()`
  total_size = round(sum(granule.size() for granule in granules) / 1024, 2)
/opt/miniconda3/envs/co2/lib/python3.11/site-packages/earthaccess/store.py:832: FutureWarning: As of version 1.0, `DataGranule.size` will be accessed as an attribute; e.g. use `DataCollection.size` **not** `DataCollection.size()`
  total_size = round(sum(granule.size() for granule in granules) / 1024, 2)
/opt/miniconda3/envs/co2/lib/python3.11/site-packages/earthaccess/store.py:832: FutureWarning: As of version 1.0, `DataGranule.size` will be accessed as an attribute; e.g. use `DataCollection.size` **not** `DataCollection.size()`
  total_size = round(sum(granule.size() for granule in granules) / 1024, 2)
/opt/miniconda3/envs/co2/lib/python3.11/site-packages/earthaccess/store.py:832: FutureWarning: As of version 1.0, `DataGranule.size` will be accessed as an attribute; e.g. use `DataCollection.size` **not** `DataCollection.size()`
  total_size = round(sum(granule.size() for granule in granules) / 1024, 2)
/opt/miniconda3/envs/co2/lib/python3.11/site-packages/earthaccess/store.py:832: FutureWarning: As of version 1.0, `DataGranule.size` will be accessed as an attribute; e.g. use `DataCollection.size` **not** `DataCollection.size()`
  total_size = round(sum(granule.size() for granule in granules) / 1024, 2)
/opt/miniconda3/envs/co2/lib/python3.11/site-packages/earthaccess/store.py:832: FutureWarning: As of version 1.0, `DataGranule.size` will be accessed as an attribute; e.g. use `DataCollection.size` **not** `DataCollection.size()`
  total_size = round(sum(granule.size() for granule in granules) / 1024, 2)
/opt/miniconda3/envs/co2/lib/python3.11/site-packages/earthaccess/store.py:832: FutureWarning: As of version 1.0, `DataGranule.size` will be accessed as an attribute; e.g. use `DataCollection.size` **not** `DataCollection.size()`
  total_size = round(sum(granule.size() for granule in granules) / 1024, 2)
/opt/miniconda3/envs/co2/lib/python3.11/site-packages/earthaccess/store.py:832: FutureWarning: As of version 1.0, `DataGranule.size` will be accessed as an attribute; e.g. use `DataCollection.size` **not** `DataCollection.size()`
  total_size = round(sum(granule.size() for granule in granules) / 1024, 2)
/opt/miniconda3/envs/co2/lib/python3.11/site-packages/earthaccess/store.py:832: FutureWarning: As of version 1.0, `DataGranule.size` will be accessed as an attribute; e.g. use `DataCollection.size` **not** `DataCollection.size()`
  total_size = round(sum(granule.size() for granule in granules) / 1024, 2)
/opt/miniconda3/envs/co2/lib/python3.11/site-packages/earthaccess/store.py:832: FutureWarning: As of version 1.0, `DataGranule.size` will be accessed as an attribute; e.g. use `DataCollection.size` **not** `DataCollection.size()`
  total_size = round(sum(granule.size() for granule in granules) / 1024, 2)
/opt/miniconda3/envs/co2/lib/python3.11/site-packages/earthaccess/store.py:832: FutureWarning: As of version 1.0, `DataGranule.size` will be accessed as an attribute; e.g. use `DataCollection.size` **not** `DataCollection.size()`
  total_size = round(sum(granule.size() for granule in granules) / 1024, 2)
/opt/miniconda3/envs/co2/lib/python3.11/site-packages/earthaccess/store.py:832: FutureWarning: As of version 1.0, `DataGranule.size` will be accessed as an attribute; e.g. use `DataCollection.size` **not** `DataCollection.size()`
  total_size = round(sum(granule.size() for granule in granules) / 1024, 2)
/opt/miniconda3/envs/co2/lib/python3.11/site-packages/earthaccess/store.py:832: FutureWarning: As of version 1.0, `DataGranule.size` will be accessed as an attribute; e.g. use `DataCollection.size` **not** `DataCollection.size()`
  total_size = round(sum(granule.size() for granule in granules) / 1024, 2)
/opt/miniconda3/envs/co2/lib/python3.11/site-packages/earthaccess/store.py:832: FutureWarning: As of version 1.0, `DataGranule.size` will be accessed as an attribute; e.g. use `DataCollection.size` **not** `DataCollection.size()`
  total_size = round(sum(granule.size() for granule in granules) / 1024, 2)
/opt/miniconda3/envs/co2/lib/python3.11/site-packages/earthaccess/store.py:832: FutureWarning: As of version 1.0, `DataGranule.size` will be accessed as an attribute; e.g. use `DataCollection.size` **not** `DataCollection.size()`
  total_size = round(sum(granule.size() for granule in granules) / 1024, 2)
/opt/miniconda3/envs/co2/lib/python3.11/site-packages/earthaccess/store.py:832: FutureWarning: As of version 1.0, `DataGranule.size` will be accessed as an attribute; e.g. use `DataCollection.size` **not** `DataCollection.size()`
  total_size = round(sum(granule.size() for granule in granules) / 1024, 2)
/opt/miniconda3/envs/co2/lib/python3.11/site-packages/earthaccess/store.py:832: FutureWarning: As of version 1.0, `DataGranule.size` will be accessed as an attribute; e.g. use `DataCollection.size` **not** `DataCollection.size()`
  total_size = round(sum(granule.size() for granule in granules) / 1024, 2)
/opt/miniconda3/envs/co2/lib/python3.11/site-packages/earthaccess/store.py:832: FutureWarning: As of version 1.0, `DataGranule.size` will be accessed as an attribute; e.g. use `DataCollection.size` **not** `DataCollection.size()`
  total_size = round(sum(granule.size() for granule in granules) / 1024, 2)
/opt/miniconda3/envs/co2/lib/python3.11/site-packages/earthaccess/store.py:832: FutureWarning: As of version 1.0, `DataGranule.size` will be accessed as an attribute; e.g. use `DataCollection.size` **not** `DataCollection.size()`
  total_size = round(sum(granule.size() for granule in granules) / 1024, 2)
/opt/miniconda3/envs/co2/lib/python3.11/site-packages/earthaccess/store.py:832: FutureWarning: As of version 1.0, `DataGranule.size` will be accessed as an attribute; e.g. use `DataCollection.size` **not** `DataCollection.size()`
  total_size = round(sum(granule.size() for granule in granules) / 1024, 2)
/opt/miniconda3/envs/co2/lib/python3.11/site-packages/earthaccess/store.py:832: FutureWarning: As of version 1.0, `DataGranule.size` will be accessed as an attribute; e.g. use `DataCollection.size` **not** `DataCollection.size()`
  total_size = round(sum(granule.size() for granule in granules) / 1024, 2)
/opt/miniconda3/envs/co2/lib/python3.11/site-packages/earthaccess/store.py:832: FutureWarning: As of version 1.0, `DataGranule.size` will be accessed as an attribute; e.g. use `DataCollection.size` **not** `DataCollection.size()`
  total_size = round(sum(granule.size() for granule in granules) / 1024, 2)
/opt/miniconda3/envs/co2/lib/python3.11/site-packages/earthaccess/store.py:832: FutureWarning: As of version 1.0, `DataGranule.size` will be accessed as an attribute; e.g. use `DataCollection.size` **not** `DataCollection.size()`
  total_size = round(sum(granule.size() for granule in granules) / 1024, 2)
/opt/miniconda3/envs/co2/lib/python3.11/site-packages/earthaccess/store.py:832: FutureWarning: As of version 1.0, `DataGranule.size` will be accessed as an attribute; e.g. use `DataCollection.size` **not** `DataCollection.size()`
  total_size = round(sum(granule.size() for granule in granules) / 1024, 2)
/opt/miniconda3/envs/co2/lib/python3.11/site-packages/earthaccess/store.py:832: FutureWarning: As of version 1.0, `DataGranule.size` will be accessed as an attribute; e.g. use `DataCollection.size` **not** `DataCollection.size()`
  total_size = round(sum(granule.size() for granule in granules) / 1024, 2)
/opt/miniconda3/envs/co2/lib/python3.11/site-packages/earthaccess/store.py:832: FutureWarning: As of version 1.0, `DataGranule.size` will be accessed as an attribute; e.g. use `DataCollection.size` **not** `DataCollection.size()`
  total_size = round(sum(granule.size() for granule in granules) / 1024, 2)
/opt/miniconda3/envs/co2/lib/python3.11/site-packages/earthaccess/store.py:832: FutureWarning: As of version 1.0, `DataGranule.size` will be accessed as an attribute; e.g. use `DataCollection.size` **not** `DataCollection.size()`
  total_size = round(sum(granule.size() for granule in granules) / 1024, 2)
/opt/miniconda3/envs/co2/lib/python3.11/site-packages/earthaccess/store.py:832: FutureWarning: As of version 1.0, `DataGranule.size` will be accessed as an attribute; e.g. use `DataCollection.size` **not** `DataCollection.size()`
  total_size = round(sum(granule.size() for granule in granules) / 1024, 2)
/opt/miniconda3/envs/co2/lib/python3.11/site-packages/earthaccess/store.py:832: FutureWarning: As of version 1.0, `DataGranule.size` will be accessed as an attribute; e.g. use `DataCollection.size` **not** `DataCollection.size()`
  total_size = round(sum(granule.size() for granule in granules) / 1024, 2)
/opt/miniconda3/envs/co2/lib/python3.11/site-packages/earthaccess/store.py:832: FutureWarning: As of version 1.0, `DataGranule.size` will be accessed as an attribute; e.g. use `DataCollection.size` **not** `DataCollection.size()`
  total_size = round(sum(granule.size() for granule in granules) / 1024, 2)
/opt/miniconda3/envs/co2/lib/python3.11/site-packages/earthaccess/store.py:832: FutureWarning: As of version 1.0, `DataGranule.size` will be accessed as an attribute; e.g. use `DataCollection.size` **not** `DataCollection.size()`
  total_size = round(sum(granule.size() for granule in granules) / 1024, 2)
/opt/miniconda3/envs/co2/lib/python3.11/site-packages/earthaccess/store.py:832: FutureWarning: As of version 1.0, `DataGranule.size` will be accessed as an attribute; e.g. use `DataCollection.size` **not** `DataCollection.size()`
  total_size = round(sum(granule.size() for granule in granules) / 1024, 2)
/opt/miniconda3/envs/co2/lib/python3.11/site-packages/earthaccess/store.py:832: FutureWarning: As of version 1.0, `DataGranule.size` will be accessed as an attribute; e.g. use `DataCollection.size` **not** `DataCollection.size()`
  total_size = round(sum(granule.size() for granule in granules) / 1024, 2)
/opt/miniconda3/envs/co2/lib/python3.11/site-packages/earthaccess/store.py:832: FutureWarning: As of version 1.0, `DataGranule.size` will be accessed as an attribute; e.g. use `DataCollection.size` **not** `DataCollection.size()`
  total_size = round(sum(granule.size() for granule in granules) / 1024, 2)
/opt/miniconda3/envs/co2/lib/python3.11/site-packages/earthaccess/store.py:832: FutureWarning: As of version 1.0, `DataGranule.size` will be accessed as an attribute; e.g. use `DataCollection.size` **not** `DataCollection.size()`
  total_size = round(sum(granule.size() for granule in granules) / 1024, 2)
/opt/miniconda3/envs/co2/lib/python3.11/site-packages/earthaccess/store.py:832: FutureWarning: As of version 1.0, `DataGranule.size` will be accessed as an attribute; e.g. use `DataCollection.size` **not** `DataCollection.size()`
  total_size = round(sum(granule.size() for granule in granules) / 1024, 2)
/opt/miniconda3/envs/co2/lib/python3.11/site-packages/earthaccess/store.py:832: FutureWarning: As of version 1.0, `DataGranule.size` will be accessed as an attribute; e.g. use `DataCollection.size` **not** `DataCollection.size()`
  total_size = round(sum(granule.size() for granule in granules) / 1024, 2)
/opt/miniconda3/envs/co2/lib/python3.11/site-packages/earthaccess/store.py:832: FutureWarning: As of version 1.0, `DataGranule.size` will be accessed as an attribute; e.g. use `DataCollection.size` **not** `DataCollection.size()`
  total_size = round(sum(granule.size() for granule in granules) / 1024, 2)
/opt/miniconda3/envs/co2/lib/python3.11/site-packages/earthaccess/store.py:832: FutureWarning: As of version 1.0, `DataGranule.size` will be accessed as an attribute; e.g. use `DataCollection.size` **not** `DataCollection.size()`
  total_size = round(sum(granule.size() for granule in granules) / 1024, 2)
/opt/miniconda3/envs/co2/lib/python3.11/site-packages/earthaccess/store.py:832: FutureWarning: As of version 1.0, `DataGranule.size` will be accessed as an attribute; e.g. use `DataCollection.size` **not** `DataCollection.size()`
  total_size = round(sum(granule.size() for granule in granules) / 1024, 2)
/opt/miniconda3/envs/co2/lib/python3.11/site-packages/earthaccess/store.py:832: FutureWarning: As of version 1.0, `DataGranule.size` will be accessed as an attribute; e.g. use `DataCollection.size` **not** `DataCollection.size()`
  total_size = round(sum(granule.size() for granule in granules) / 1024, 2)
/opt/miniconda3/envs/co2/lib/python3.11/site-packages/earthaccess/store.py:832: FutureWarning: As of version 1.0, `DataGranule.size` will be accessed as an attribute; e.g. use `DataCollection.size` **not** `DataCollection.size()`
  total_size = round(sum(granule.size() for granule in granules) / 1024, 2)
/opt/miniconda3/envs/co2/lib/python3.11/site-packages/earthaccess/store.py:832: FutureWarning: As of version 1.0, `DataGranule.size` will be accessed as an attribute; e.g. use `DataCollection.size` **not** `DataCollection.size()`
  total_size = round(sum(granule.size() for granule in granules) / 1024, 2)
/opt/miniconda3/envs/co2/lib/python3.11/site-packages/earthaccess/store.py:832: FutureWarning: As of version 1.0, `DataGranule.size` will be accessed as an attribute; e.g. use `DataCollection.size` **not** `DataCollection.size()`
  total_size = round(sum(granule.size() for granule in granules) / 1024, 2)
/opt/miniconda3/envs/co2/lib/python3.11/site-packages/earthaccess/store.py:832: FutureWarning: As of version 1.0, `DataGranule.size` will be accessed as an attribute; e.g. use `DataCollection.size` **not** `DataCollection.size()`
  total_size = round(sum(granule.size() for granule in granules) / 1024, 2)
/opt/miniconda3/envs/co2/lib/python3.11/site-packages/earthaccess/store.py:832: FutureWarning: As of version 1.0, `DataGranule.size` will be accessed as an attribute; e.g. use `DataCollection.size` **not** `DataCollection.size()`
  total_size = round(sum(granule.size() for granule in granules) / 1024, 2)
/opt/miniconda3/envs/co2/lib/python3.11/site-packages/earthaccess/store.py:832: FutureWarning: As of version 1.0, `DataGranule.size` will be accessed as an attribute; e.g. use `DataCollection.size` **not** `DataCollection.size()`
  total_size = round(sum(granule.size() for granule in granules) / 1024, 2)
/opt/miniconda3/envs/co2/lib/python3.11/site-packages/earthaccess/store.py:832: FutureWarning: As of version 1.0, `DataGranule.size` will be accessed as an attribute; e.g. use `DataCollection.size` **not** `DataCollection.size()`
  total_size = round(sum(granule.size() for granule in granules) / 1024, 2)
/opt/miniconda3/envs/co2/lib/python3.11/site-packages/earthaccess/store.py:832: FutureWarning: As of version 1.0, `DataGranule.size` will be accessed as an attribute; e.g. use `DataCollection.size` **not** `DataCollection.size()`
  total_size = round(sum(granule.size() for granule in granules) / 1024, 2)
/opt/miniconda3/envs/co2/lib/python3.11/site-packages/earthaccess/store.py:832: FutureWarning: As of version 1.0, `DataGranule.size` will be accessed as an attribute; e.g. use `DataCollection.size` **not** `DataCollection.size()`
  total_size = round(sum(granule.size() for granule in granules) / 1024, 2)
/opt/miniconda3/envs/co2/lib/python3.11/site-packages/earthaccess/store.py:832: FutureWarning: As of version 1.0, `DataGranule.size` will be accessed as an attribute; e.g. use `DataCollection.size` **not** `DataCollection.size()`
  total_size = round(sum(granule.size() for granule in granules) / 1024, 2)
/opt/miniconda3/envs/co2/lib/python3.11/site-packages/earthaccess/store.py:832: FutureWarning: As of version 1.0, `DataGranule.size` will be accessed as an attribute; e.g. use `DataCollection.size` **not** `DataCollection.size()`
  total_size = round(sum(granule.size() for granule in granules) / 1024, 2)
/opt/miniconda3/envs/co2/lib/python3.11/site-packages/earthaccess/store.py:832: FutureWarning: As of version 1.0, `DataGranule.size` will be accessed as an attribute; e.g. use `DataCollection.size` **not** `DataCollection.size()`
  total_size = round(sum(granule.size() for granule in granules) / 1024, 2)
/opt/miniconda3/envs/co2/lib/python3.11/site-packages/earthaccess/store.py:832: FutureWarning: As of version 1.0, `DataGranule.size` will be accessed as an attribute; e.g. use `DataCollection.size` **not** `DataCollection.size()`
  total_size = round(sum(granule.size() for granule in granules) / 1024, 2)
/opt/miniconda3/envs/co2/lib/python3.11/site-packages/earthaccess/store.py:832: FutureWarning: As of version 1.0, `DataGranule.size` will be accessed as an attribute; e.g. use `DataCollection.size` **not** `DataCollection.size()`
  total_size = round(sum(granule.size() for granule in granules) / 1024, 2)
/opt/miniconda3/envs/co2/lib/python3.11/site-packages/earthaccess/store.py:832: FutureWarning: As of version 1.0, `DataGranule.size` will be accessed as an attribute; e.g. use `DataCollection.size` **not** `DataCollection.size()`
  total_size = round(sum(granule.size() for granule in granules) / 1024, 2)
/opt/miniconda3/envs/co2/lib/python3.11/site-packages/earthaccess/store.py:832: FutureWarning: As of version 1.0, `DataGranule.size` will be accessed as an attribute; e.g. use `DataCollection.size` **not** `DataCollection.size()`
  total_size = round(sum(granule.size() for granule in granules) / 1024, 2)
/opt/miniconda3/envs/co2/lib/python3.11/site-packages/earthaccess/store.py:832: FutureWarning: As of version 1.0, `DataGranule.size` will be accessed as an attribute; e.g. use `DataCollection.size` **not** `DataCollection.size()`
  total_size = round(sum(granule.size() for granule in granules) / 1024, 2)
/opt/miniconda3/envs/co2/lib/python3.11/site-packages/earthaccess/store.py:832: FutureWarning: As of version 1.0, `DataGranule.size` will be accessed as an attribute; e.g. use `DataCollection.size` **not** `DataCollection.size()`
  total_size = round(sum(granule.size() for granule in granules) / 1024, 2)
/opt/miniconda3/envs/co2/lib/python3.11/site-packages/earthaccess/store.py:832: FutureWarning: As of version 1.0, `DataGranule.size` will be accessed as an attribute; e.g. use `DataCollection.size` **not** `DataCollection.size()`
  total_size = round(sum(granule.size() for granule in granules) / 1024, 2)
/opt/miniconda3/envs/co2/lib/python3.11/site-packages/earthaccess/store.py:832: FutureWarning: As of version 1.0, `DataGranule.size` will be accessed as an attribute; e.g. use `DataCollection.size` **not** `DataCollection.size()`
  total_size = round(sum(granule.size() for granule in granules) / 1024, 2)
/opt/miniconda3/envs/co2/lib/python3.11/site-packages/earthaccess/store.py:832: FutureWarning: As of version 1.0, `DataGranule.size` will be accessed as an attribute; e.g. use `DataCollection.size` **not** `DataCollection.size()`
  total_size = round(sum(granule.size() for granule in granules) / 1024, 2)
/opt/miniconda3/envs/co2/lib/python3.11/site-packages/earthaccess/store.py:832: FutureWarning: As of version 1.0, `DataGranule.size` will be accessed as an attribute; e.g. use `DataCollection.size` **not** `DataCollection.size()`
  total_size = round(sum(granule.size() for granule in granules) / 1024, 2)
/opt/miniconda3/envs/co2/lib/python3.11/site-packages/earthaccess/store.py:832: FutureWarning: As of version 1.0, `DataGranule.size` will be accessed as an attribute; e.g. use `DataCollection.size` **not** `DataCollection.size()`
  total_size = round(sum(granule.size() for granule in granules) / 1024, 2)
/opt/miniconda3/envs/co2/lib/python3.11/site-packages/earthaccess/store.py:832: FutureWarning: As of version 1.0, `DataGranule.size` will be accessed as an attribute; e.g. use `DataCollection.size` **not** `DataCollection.size()`
  total_size = round(sum(granule.size() for granule in granules) / 1024, 2)
/opt/miniconda3/envs/co2/lib/python3.11/site-packages/earthaccess/store.py:832: FutureWarning: As of version 1.0, `DataGranule.size` will be accessed as an attribute; e.g. use `DataCollection.size` **not** `DataCollection.size()`
  total_size = round(sum(granule.size() for granule in granules) / 1024, 2)
/opt/miniconda3/envs/co2/lib/python3.11/site-packages/earthaccess/store.py:832: FutureWarning: As of version 1.0, `DataGranule.size` will be accessed as an attribute; e.g. use `DataCollection.size` **not** `DataCollection.size()`
  total_size = round(sum(granule.size() for granule in granules) / 1024, 2)
/opt/miniconda3/envs/co2/lib/python3.11/site-packages/earthaccess/store.py:832: FutureWarning: As of version 1.0, `DataGranule.size` will be accessed as an attribute; e.g. use `DataCollection.size` **not** `DataCollection.size()`
  total_size = round(sum(granule.size() for granule in granules) / 1024, 2)
/opt/miniconda3/envs/co2/lib/python3.11/site-packages/earthaccess/store.py:832: FutureWarning: As of version 1.0, `DataGranule.size` will be accessed as an attribute; e.g. use `DataCollection.size` **not** `DataCollection.size()`
  total_size = round(sum(granule.size() for granule in granules) / 1024, 2)
/opt/miniconda3/envs/co2/lib/python3.11/site-packages/earthaccess/store.py:832: FutureWarning: As of version 1.0, `DataGranule.size` will be accessed as an attribute; e.g. use `DataCollection.size` **not** `DataCollection.size()`
  total_size = round(sum(granule.size() for granule in granules) / 1024, 2)
/opt/miniconda3/envs/co2/lib/python3.11/site-packages/earthaccess/store.py:832: FutureWarning: As of version 1.0, `DataGranule.size` will be accessed as an attribute; e.g. use `DataCollection.size` **not** `DataCollection.size()`
  total_size = round(sum(granule.size() for granule in granules) / 1024, 2)
/opt/miniconda3/envs/co2/lib/python3.11/site-packages/earthaccess/store.py:832: FutureWarning: As of version 1.0, `DataGranule.size` will be accessed as an attribute; e.g. use `DataCollection.size` **not** `DataCollection.size()`
  total_size = round(sum(granule.size() for granule in granules) / 1024, 2)
/opt/miniconda3/envs/co2/lib/python3.11/site-packages/earthaccess/store.py:832: FutureWarning: As of version 1.0, `DataGranule.size` will be accessed as an attribute; e.g. use `DataCollection.size` **not** `DataCollection.size()`
  total_size = round(sum(granule.size() for granule in granules) / 1024, 2)
/opt/miniconda3/envs/co2/lib/python3.11/site-packages/earthaccess/store.py:832: FutureWarning: As of version 1.0, `DataGranule.size` will be accessed as an attribute; e.g. use `DataCollection.size` **not** `DataCollection.size()`
  total_size = round(sum(granule.size() for granule in granules) / 1024, 2)
/opt/miniconda3/envs/co2/lib/python3.11/site-packages/earthaccess/store.py:832: FutureWarning: As of version 1.0, `DataGranule.size` will be accessed as an attribute; e.g. use `DataCollection.size` **not** `DataCollection.size()`
  total_size = round(sum(granule.size() for granule in granules) / 1024, 2)
/opt/miniconda3/envs/co2/lib/python3.11/site-packages/earthaccess/store.py:832: FutureWarning: As of version 1.0, `DataGranule.size` will be accessed as an attribute; e.g. use `DataCollection.size` **not** `DataCollection.size()`
  total_size = round(sum(granule.size() for granule in granules) / 1024, 2)
/opt/miniconda3/envs/co2/lib/python3.11/site-packages/earthaccess/store.py:832: FutureWarning: As of version 1.0, `DataGranule.size` will be accessed as an attribute; e.g. use `DataCollection.size` **not** `DataCollection.size()`
  total_size = round(sum(granule.size() for granule in granules) / 1024, 2)
/opt/miniconda3/envs/co2/lib/python3.11/site-packages/earthaccess/store.py:832: FutureWarning: As of version 1.0, `DataGranule.size` will be accessed as an attribute; e.g. use `DataCollection.size` **not** `DataCollection.size()`
  total_size = round(sum(granule.size() for granule in granules) / 1024, 2)
/opt/miniconda3/envs/co2/lib/python3.11/site-packages/earthaccess/store.py:832: FutureWarning: As of version 1.0, `DataGranule.size` will be accessed as an attribute; e.g. use `DataCollection.size` **not** `DataCollection.size()`
  total_size = round(sum(granule.size() for granule in granules) / 1024, 2)
/opt/miniconda3/envs/co2/lib/python3.11/site-packages/earthaccess/store.py:832: FutureWarning: As of version 1.0, `DataGranule.size` will be accessed as an attribute; e.g. use `DataCollection.size` **not** `DataCollection.size()`
  total_size = round(sum(granule.size() for granule in granules) / 1024, 2)
/opt/miniconda3/envs/co2/lib/python3.11/site-packages/earthaccess/store.py:832: FutureWarning: As of version 1.0, `DataGranule.size` will be accessed as an attribute; e.g. use `DataCollection.size` **not** `DataCollection.size()`
  total_size = round(sum(granule.size() for granule in granules) / 1024, 2)
/opt/miniconda3/envs/co2/lib/python3.11/site-packages/earthaccess/store.py:832: FutureWarning: As of version 1.0, `DataGranule.size` will be accessed as an attribute; e.g. use `DataCollection.size` **not** `DataCollection.size()`
  total_size = round(sum(granule.size() for granule in granules) / 1024, 2)
/opt/miniconda3/envs/co2/lib/python3.11/site-packages/earthaccess/store.py:832: FutureWarning: As of version 1.0, `DataGranule.size` will be accessed as an attribute; e.g. use `DataCollection.size` **not** `DataCollection.size()`
  total_size = round(sum(granule.size() for granule in granules) / 1024, 2)
/opt/miniconda3/envs/co2/lib/python3.11/site-packages/earthaccess/store.py:832: FutureWarning: As of version 1.0, `DataGranule.size` will be accessed as an attribute; e.g. use `DataCollection.size` **not** `DataCollection.size()`
  total_size = round(sum(granule.size() for granule in granules) / 1024, 2)
/opt/miniconda3/envs/co2/lib/python3.11/site-packages/earthaccess/store.py:832: FutureWarning: As of version 1.0, `DataGranule.size` will be accessed as an attribute; e.g. use `DataCollection.size` **not** `DataCollection.size()`
  total_size = round(sum(granule.size() for granule in granules) / 1024, 2)
/opt/miniconda3/envs/co2/lib/python3.11/site-packages/earthaccess/store.py:832: FutureWarning: As of version 1.0, `DataGranule.size` will be accessed as an attribute; e.g. use `DataCollection.size` **not** `DataCollection.size()`
  total_size = round(sum(granule.size() for granule in granules) / 1024, 2)
/opt/miniconda3/envs/co2/lib/python3.11/site-packages/earthaccess/store.py:832: FutureWarning: As of version 1.0, `DataGranule.size` will be accessed as an attribute; e.g. use `DataCollection.size` **not** `DataCollection.size()`
  total_size = round(sum(granule.size() for granule in granules) / 1024, 2)
/opt/miniconda3/envs/co2/lib/python3.11/site-packages/earthaccess/store.py:832: FutureWarning: As of version 1.0, `DataGranule.size` will be accessed as an attribute; e.g. use `DataCollection.size` **not** `DataCollection.size()`
  total_size = round(sum(granule.size() for granule in granules) / 1024, 2)
/opt/miniconda3/envs/co2/lib/python3.11/site-packages/earthaccess/store.py:832: FutureWarning: As of version 1.0, `DataGranule.size` will be accessed as an attribute; e.g. use `DataCollection.size` **not** `DataCollection.size()`
  total_size = round(sum(granule.size() for granule in granules) / 1024, 2)
/opt/miniconda3/envs/co2/lib/python3.11/site-packages/earthaccess/store.py:832: FutureWarning: As of version 1.0, `DataGranule.size` will be accessed as an attribute; e.g. use `DataCollection.size` **not** `DataCollection.size()`
  total_size = round(sum(granule.size() for granule in granules) / 1024, 2)
/opt/miniconda3/envs/co2/lib/python3.11/site-packages/earthaccess/store.py:832: FutureWarning: As of version 1.0, `DataGranule.size` will be accessed as an attribute; e.g. use `DataCollection.size` **not** `DataCollection.size()`
  total_size = round(sum(granule.size() for granule in granules) / 1024, 2)
/opt/miniconda3/envs/co2/lib/python3.11/site-packages/earthaccess/store.py:832: FutureWarning: As of version 1.0, `DataGranule.size` will be accessed as an attribute; e.g. use `DataCollection.size` **not** `DataCollection.size()`
  total_size = round(sum(granule.size() for granule in granules) / 1024, 2)
/opt/miniconda3/envs/co2/lib/python3.11/site-packages/earthaccess/store.py:832: FutureWarning: As of version 1.0, `DataGranule.size` will be accessed as an attribute; e.g. use `DataCollection.size` **not** `DataCollection.size()`
  total_size = round(sum(granule.size() for granule in granules) / 1024, 2)
/opt/miniconda3/envs/co2/lib/python3.11/site-packages/earthaccess/store.py:832: FutureWarning: As of version 1.0, `DataGranule.size` will be accessed as an attribute; e.g. use `DataCollection.size` **not** `DataCollection.size()`
  total_size = round(sum(granule.size() for granule in granules) / 1024, 2)
/opt/miniconda3/envs/co2/lib/python3.11/multiprocessing/resource_tracker.py:254: UserWarning: resource_tracker: There appear to be 1 leaked semaphore objects to clean up at shutdown
  warnings.warn('resource_tracker: There appear to be %d '
/opt/miniconda3/envs/co2/lib/python3.11/site-packages/earthaccess/results.py:343: FutureWarning: As of version 1.0, `DataGranule.size` will be accessed as an attribute; e.g. use `DataCollection.size` **not** `DataCollection.size()`
  self["size"] = self.size()
/opt/miniconda3/envs/co2/lib/python3.11/site-packages/earthaccess/store.py:832: FutureWarning: As of version 1.0, `DataGranule.size` will be accessed as an attribute; e.g. use `DataCollection.size` **not** `DataCollection.size()`
  total_size = round(sum(granule.size() for granule in granules) / 1024, 2)
/opt/miniconda3/envs/co2/lib/python3.11/site-packages/earthaccess/store.py:832: FutureWarning: As of version 1.0, `DataGranule.size` will be accessed as an attribute; e.g. use `DataCollection.size` **not** `DataCollection.size()`
  total_size = round(sum(granule.size() for granule in granules) / 1024, 2)
/opt/miniconda3/envs/co2/lib/python3.11/site-packages/earthaccess/store.py:832: FutureWarning: As of version 1.0, `DataGranule.size` will be accessed as an attribute; e.g. use `DataCollection.size` **not** `DataCollection.size()`
  total_size = round(sum(granule.size() for granule in granules) / 1024, 2)
/opt/miniconda3/envs/co2/lib/python3.11/site-packages/earthaccess/store.py:832: FutureWarning: As of version 1.0, `DataGranule.size` will be accessed as an attribute; e.g. use `DataCollection.size` **not** `DataCollection.size()`
  total_size = round(sum(granule.size() for granule in granules) / 1024, 2)
/opt/miniconda3/envs/co2/lib/python3.11/site-packages/earthaccess/store.py:832: FutureWarning: As of version 1.0, `DataGranule.size` will be accessed as an attribute; e.g. use `DataCollection.size` **not** `DataCollection.size()`
  total_size = round(sum(granule.size() for granule in granules) / 1024, 2)
/opt/miniconda3/envs/co2/lib/python3.11/site-packages/earthaccess/store.py:832: FutureWarning: As of version 1.0, `DataGranule.size` will be accessed as an attribute; e.g. use `DataCollection.size` **not** `DataCollection.size()`
  total_size = round(sum(granule.size() for granule in granules) / 1024, 2)
/opt/miniconda3/envs/co2/lib/python3.11/site-packages/earthaccess/store.py:832: FutureWarning: As of version 1.0, `DataGranule.size` will be accessed as an attribute; e.g. use `DataCollection.size` **not** `DataCollection.size()`
  total_size = round(sum(granule.size() for granule in granules) / 1024, 2)
/opt/miniconda3/envs/co2/lib/python3.11/site-packages/earthaccess/store.py:832: FutureWarning: As of version 1.0, `DataGranule.size` will be accessed as an attribute; e.g. use `DataCollection.size` **not** `DataCollection.size()`
  total_size = round(sum(granule.size() for granule in granules) / 1024, 2)
/opt/miniconda3/envs/co2/lib/python3.11/site-packages/earthaccess/store.py:832: FutureWarning: As of version 1.0, `DataGranule.size` will be accessed as an attribute; e.g. use `DataCollection.size` **not** `DataCollection.size()`
  total_size = round(sum(granule.size() for granule in granules) / 1024, 2)
/opt/miniconda3/envs/co2/lib/python3.11/site-packages/earthaccess/store.py:832: FutureWarning: As of version 1.0, `DataGranule.size` will be accessed as an attribute; e.g. use `DataCollection.size` **not** `DataCollection.size()`
  total_size = round(sum(granule.size() for granule in granules) / 1024, 2)
/opt/miniconda3/envs/co2/lib/python3.11/site-packages/earthaccess/store.py:832: FutureWarning: As of version 1.0, `DataGranule.size` will be accessed as an attribute; e.g. use `DataCollection.size` **not** `DataCollection.size()`
  total_size = round(sum(granule.size() for granule in granules) / 1024, 2)
/opt/miniconda3/envs/co2/lib/python3.11/site-packages/earthaccess/store.py:832: FutureWarning: As of version 1.0, `DataGranule.size` will be accessed as an attribute; e.g. use `DataCollection.size` **not** `DataCollection.size()`
  total_size = round(sum(granule.size() for granule in granules) / 1024, 2)
/opt/miniconda3/envs/co2/lib/python3.11/site-packages/earthaccess/store.py:832: FutureWarning: As of version 1.0, `DataGranule.size` will be accessed as an attribute; e.g. use `DataCollection.size` **not** `DataCollection.size()`
  total_size = round(sum(granule.size() for granule in granules) / 1024, 2)
/opt/miniconda3/envs/co2/lib/python3.11/site-packages/earthaccess/store.py:832: FutureWarning: As of version 1.0, `DataGranule.size` will be accessed as an attribute; e.g. use `DataCollection.size` **not** `DataCollection.size()`
  total_size = round(sum(granule.size() for granule in granules) / 1024, 2)
/opt/miniconda3/envs/co2/lib/python3.11/site-packages/earthaccess/store.py:832: FutureWarning: As of version 1.0, `DataGranule.size` will be accessed as an attribute; e.g. use `DataCollection.size` **not** `DataCollection.size()`
  total_size = round(sum(granule.size() for granule in granules) / 1024, 2)
/opt/miniconda3/envs/co2/lib/python3.11/site-packages/earthaccess/store.py:832: FutureWarning: As of version 1.0, `DataGranule.size` will be accessed as an attribute; e.g. use `DataCollection.size` **not** `DataCollection.size()`
  total_size = round(sum(granule.size() for granule in granules) / 1024, 2)
/opt/miniconda3/envs/co2/lib/python3.11/site-packages/earthaccess/store.py:832: FutureWarning: As of version 1.0, `DataGranule.size` will be accessed as an attribute; e.g. use `DataCollection.size` **not** `DataCollection.size()`
  total_size = round(sum(granule.size() for granule in granules) / 1024, 2)
/opt/miniconda3/envs/co2/lib/python3.11/site-packages/earthaccess/store.py:832: FutureWarning: As of version 1.0, `DataGranule.size` will be accessed as an attribute; e.g. use `DataCollection.size` **not** `DataCollection.size()`
  total_size = round(sum(granule.size() for granule in granules) / 1024, 2)
/opt/miniconda3/envs/co2/lib/python3.11/site-packages/earthaccess/store.py:832: FutureWarning: As of version 1.0, `DataGranule.size` will be accessed as an attribute; e.g. use `DataCollection.size` **not** `DataCollection.size()`
  total_size = round(sum(granule.size() for granule in granules) / 1024, 2)
/opt/miniconda3/envs/co2/lib/python3.11/site-packages/earthaccess/store.py:832: FutureWarning: As of version 1.0, `DataGranule.size` will be accessed as an attribute; e.g. use `DataCollection.size` **not** `DataCollection.size()`
  total_size = round(sum(granule.size() for granule in granules) / 1024, 2)
/opt/miniconda3/envs/co2/lib/python3.11/site-packages/earthaccess/store.py:832: FutureWarning: As of version 1.0, `DataGranule.size` will be accessed as an attribute; e.g. use `DataCollection.size` **not** `DataCollection.size()`
  total_size = round(sum(granule.size() for granule in granules) / 1024, 2)
/opt/miniconda3/envs/co2/lib/python3.11/site-packages/earthaccess/store.py:832: FutureWarning: As of version 1.0, `DataGranule.size` will be accessed as an attribute; e.g. use `DataCollection.size` **not** `DataCollection.size()`
  total_size = round(sum(granule.size() for granule in granules) / 1024, 2)
/opt/miniconda3/envs/co2/lib/python3.11/site-packages/earthaccess/store.py:832: FutureWarning: As of version 1.0, `DataGranule.size` will be accessed as an attribute; e.g. use `DataCollection.size` **not** `DataCollection.size()`
  total_size = round(sum(granule.size() for granule in granules) / 1024, 2)
/opt/miniconda3/envs/co2/lib/python3.11/site-packages/earthaccess/store.py:832: FutureWarning: As of version 1.0, `DataGranule.size` will be accessed as an attribute; e.g. use `DataCollection.size` **not** `DataCollection.size()`
  total_size = round(sum(granule.size() for granule in granules) / 1024, 2)
/opt/miniconda3/envs/co2/lib/python3.11/site-packages/earthaccess/store.py:832: FutureWarning: As of version 1.0, `DataGranule.size` will be accessed as an attribute; e.g. use `DataCollection.size` **not** `DataCollection.size()`
  total_size = round(sum(granule.size() for granule in granules) / 1024, 2)
/opt/miniconda3/envs/co2/lib/python3.11/site-packages/earthaccess/store.py:832: FutureWarning: As of version 1.0, `DataGranule.size` will be accessed as an attribute; e.g. use `DataCollection.size` **not** `DataCollection.size()`
  total_size = round(sum(granule.size() for granule in granules) / 1024, 2)
/opt/miniconda3/envs/co2/lib/python3.11/site-packages/earthaccess/store.py:832: FutureWarning: As of version 1.0, `DataGranule.size` will be accessed as an attribute; e.g. use `DataCollection.size` **not** `DataCollection.size()`
  total_size = round(sum(granule.size() for granule in granules) / 1024, 2)
/opt/miniconda3/envs/co2/lib/python3.11/site-packages/earthaccess/store.py:832: FutureWarning: As of version 1.0, `DataGranule.size` will be accessed as an attribute; e.g. use `DataCollection.size` **not** `DataCollection.size()`
  total_size = round(sum(granule.size() for granule in granules) / 1024, 2)
/opt/miniconda3/envs/co2/lib/python3.11/site-packages/earthaccess/store.py:832: FutureWarning: As of version 1.0, `DataGranule.size` will be accessed as an attribute; e.g. use `DataCollection.size` **not** `DataCollection.size()`
  total_size = round(sum(granule.size() for granule in granules) / 1024, 2)
/opt/miniconda3/envs/co2/lib/python3.11/site-packages/earthaccess/store.py:832: FutureWarning: As of version 1.0, `DataGranule.size` will be accessed as an attribute; e.g. use `DataCollection.size` **not** `DataCollection.size()`
  total_size = round(sum(granule.size() for granule in granules) / 1024, 2)
/opt/miniconda3/envs/co2/lib/python3.11/site-packages/earthaccess/store.py:832: FutureWarning: As of version 1.0, `DataGranule.size` will be accessed as an attribute; e.g. use `DataCollection.size` **not** `DataCollection.size()`
  total_size = round(sum(granule.size() for granule in granules) / 1024, 2)
/opt/miniconda3/envs/co2/lib/python3.11/site-packages/earthaccess/store.py:832: FutureWarning: As of version 1.0, `DataGranule.size` will be accessed as an attribute; e.g. use `DataCollection.size` **not** `DataCollection.size()`
  total_size = round(sum(granule.size() for granule in granules) / 1024, 2)
/opt/miniconda3/envs/co2/lib/python3.11/site-packages/earthaccess/store.py:832: FutureWarning: As of version 1.0, `DataGranule.size` will be accessed as an attribute; e.g. use `DataCollection.size` **not** `DataCollection.size()`
  total_size = round(sum(granule.size() for granule in granules) / 1024, 2)
/opt/miniconda3/envs/co2/lib/python3.11/site-packages/earthaccess/store.py:832: FutureWarning: As of version 1.0, `DataGranule.size` will be accessed as an attribute; e.g. use `DataCollection.size` **not** `DataCollection.size()`
  total_size = round(sum(granule.size() for granule in granules) / 1024, 2)
/opt/miniconda3/envs/co2/lib/python3.11/site-packages/earthaccess/store.py:832: FutureWarning: As of version 1.0, `DataGranule.size` will be accessed as an attribute; e.g. use `DataCollection.size` **not** `DataCollection.size()`
  total_size = round(sum(granule.size() for granule in granules) / 1024, 2)
/opt/miniconda3/envs/co2/lib/python3.11/site-packages/earthaccess/store.py:832: FutureWarning: As of version 1.0, `DataGranule.size` will be accessed as an attribute; e.g. use `DataCollection.size` **not** `DataCollection.size()`
  total_size = round(sum(granule.size() for granule in granules) / 1024, 2)
/opt/miniconda3/envs/co2/lib/python3.11/site-packages/earthaccess/store.py:832: FutureWarning: As of version 1.0, `DataGranule.size` will be accessed as an attribute; e.g. use `DataCollection.size` **not** `DataCollection.size()`
  total_size = round(sum(granule.size() for granule in granules) / 1024, 2)
/opt/miniconda3/envs/co2/lib/python3.11/site-packages/earthaccess/store.py:832: FutureWarning: As of version 1.0, `DataGranule.size` will be accessed as an attribute; e.g. use `DataCollection.size` **not** `DataCollection.size()`
  total_size = round(sum(granule.size() for granule in granules) / 1024, 2)
/opt/miniconda3/envs/co2/lib/python3.11/site-packages/earthaccess/store.py:832: FutureWarning: As of version 1.0, `DataGranule.size` will be accessed as an attribute; e.g. use `DataCollection.size` **not** `DataCollection.size()`
  total_size = round(sum(granule.size() for granule in granules) / 1024, 2)
/opt/miniconda3/envs/co2/lib/python3.11/site-packages/earthaccess/store.py:832: FutureWarning: As of version 1.0, `DataGranule.size` will be accessed as an attribute; e.g. use `DataCollection.size` **not** `DataCollection.size()`
  total_size = round(sum(granule.size() for granule in granules) / 1024, 2)
/opt/miniconda3/envs/co2/lib/python3.11/site-packages/earthaccess/store.py:832: FutureWarning: As of version 1.0, `DataGranule.size` will be accessed as an attribute; e.g. use `DataCollection.size` **not** `DataCollection.size()`
  total_size = round(sum(granule.size() for granule in granules) / 1024, 2)
/opt/miniconda3/envs/co2/lib/python3.11/site-packages/earthaccess/store.py:832: FutureWarning: As of version 1.0, `DataGranule.size` will be accessed as an attribute; e.g. use `DataCollection.size` **not** `DataCollection.size()`
  total_size = round(sum(granule.size() for granule in granules) / 1024, 2)
/opt/miniconda3/envs/co2/lib/python3.11/site-packages/earthaccess/store.py:832: FutureWarning: As of version 1.0, `DataGranule.size` will be accessed as an attribute; e.g. use `DataCollection.size` **not** `DataCollection.size()`
  total_size = round(sum(granule.size() for granule in granules) / 1024, 2)
/opt/miniconda3/envs/co2/lib/python3.11/site-packages/earthaccess/store.py:832: FutureWarning: As of version 1.0, `DataGranule.size` will be accessed as an attribute; e.g. use `DataCollection.size` **not** `DataCollection.size()`
  total_size = round(sum(granule.size() for granule in granules) / 1024, 2)
/opt/miniconda3/envs/co2/lib/python3.11/site-packages/earthaccess/store.py:832: FutureWarning: As of version 1.0, `DataGranule.size` will be accessed as an attribute; e.g. use `DataCollection.size` **not** `DataCollection.size()`
  total_size = round(sum(granule.size() for granule in granules) / 1024, 2)
/opt/miniconda3/envs/co2/lib/python3.11/site-packages/earthaccess/store.py:832: FutureWarning: As of version 1.0, `DataGranule.size` will be accessed as an attribute; e.g. use `DataCollection.size` **not** `DataCollection.size()`
  total_size = round(sum(granule.size() for granule in granules) / 1024, 2)
/opt/miniconda3/envs/co2/lib/python3.11/site-packages/earthaccess/store.py:832: FutureWarning: As of version 1.0, `DataGranule.size` will be accessed as an attribute; e.g. use `DataCollection.size` **not** `DataCollection.size()`
  total_size = round(sum(granule.size() for granule in granules) / 1024, 2)
/opt/miniconda3/envs/co2/lib/python3.11/site-packages/earthaccess/store.py:832: FutureWarning: As of version 1.0, `DataGranule.size` will be accessed as an attribute; e.g. use `DataCollection.size` **not** `DataCollection.size()`
  total_size = round(sum(granule.size() for granule in granules) / 1024, 2)
/opt/miniconda3/envs/co2/lib/python3.11/site-packages/earthaccess/store.py:832: FutureWarning: As of version 1.0, `DataGranule.size` will be accessed as an attribute; e.g. use `DataCollection.size` **not** `DataCollection.size()`
  total_size = round(sum(granule.size() for granule in granules) / 1024, 2)
/opt/miniconda3/envs/co2/lib/python3.11/site-packages/earthaccess/store.py:832: FutureWarning: As of version 1.0, `DataGranule.size` will be accessed as an attribute; e.g. use `DataCollection.size` **not** `DataCollection.size()`
  total_size = round(sum(granule.size() for granule in granules) / 1024, 2)
/opt/miniconda3/envs/co2/lib/python3.11/site-packages/earthaccess/store.py:832: FutureWarning: As of version 1.0, `DataGranule.size` will be accessed as an attribute; e.g. use `DataCollection.size` **not** `DataCollection.size()`
  total_size = round(sum(granule.size() for granule in granules) / 1024, 2)
/opt/miniconda3/envs/co2/lib/python3.11/site-packages/earthaccess/store.py:832: FutureWarning: As of version 1.0, `DataGranule.size` will be accessed as an attribute; e.g. use `DataCollection.size` **not** `DataCollection.size()`
  total_size = round(sum(granule.size() for granule in granules) / 1024, 2)
/opt/miniconda3/envs/co2/lib/python3.11/site-packages/earthaccess/store.py:832: FutureWarning: As of version 1.0, `DataGranule.size` will be accessed as an attribute; e.g. use `DataCollection.size` **not** `DataCollection.size()`
  total_size = round(sum(granule.size() for granule in granules) / 1024, 2)
/opt/miniconda3/envs/co2/lib/python3.11/site-packages/earthaccess/store.py:832: FutureWarning: As of version 1.0, `DataGranule.size` will be accessed as an attribute; e.g. use `DataCollection.size` **not** `DataCollection.size()`
  total_size = round(sum(granule.size() for granule in granules) / 1024, 2)
/opt/miniconda3/envs/co2/lib/python3.11/site-packages/earthaccess/store.py:832: FutureWarning: As of version 1.0, `DataGranule.size` will be accessed as an attribute; e.g. use `DataCollection.size` **not** `DataCollection.size()`
  total_size = round(sum(granule.size() for granule in granules) / 1024, 2)
/opt/miniconda3/envs/co2/lib/python3.11/site-packages/earthaccess/store.py:832: FutureWarning: As of version 1.0, `DataGranule.size` will be accessed as an attribute; e.g. use `DataCollection.size` **not** `DataCollection.size()`
  total_size = round(sum(granule.size() for granule in granules) / 1024, 2)
/opt/miniconda3/envs/co2/lib/python3.11/site-packages/earthaccess/store.py:832: FutureWarning: As of version 1.0, `DataGranule.size` will be accessed as an attribute; e.g. use `DataCollection.size` **not** `DataCollection.size()`
  total_size = round(sum(granule.size() for granule in granules) / 1024, 2)
/opt/miniconda3/envs/co2/lib/python3.11/site-packages/earthaccess/store.py:832: FutureWarning: As of version 1.0, `DataGranule.size` will be accessed as an attribute; e.g. use `DataCollection.size` **not** `DataCollection.size()`
  total_size = round(sum(granule.size() for granule in granules) / 1024, 2)
/opt/miniconda3/envs/co2/lib/python3.11/site-packages/earthaccess/store.py:832: FutureWarning: As of version 1.0, `DataGranule.size` will be accessed as an attribute; e.g. use `DataCollection.size` **not** `DataCollection.size()`
  total_size = round(sum(granule.size() for granule in granules) / 1024, 2)
/opt/miniconda3/envs/co2/lib/python3.11/site-packages/earthaccess/store.py:832: FutureWarning: As of version 1.0, `DataGranule.size` will be accessed as an attribute; e.g. use `DataCollection.size` **not** `DataCollection.size()`
  total_size = round(sum(granule.size() for granule in granules) / 1024, 2)
/opt/miniconda3/envs/co2/lib/python3.11/site-packages/earthaccess/store.py:832: FutureWarning: As of version 1.0, `DataGranule.size` will be accessed as an attribute; e.g. use `DataCollection.size` **not** `DataCollection.size()`
  total_size = round(sum(granule.size() for granule in granules) / 1024, 2)
/opt/miniconda3/envs/co2/lib/python3.11/site-packages/earthaccess/store.py:832: FutureWarning: As of version 1.0, `DataGranule.size` will be accessed as an attribute; e.g. use `DataCollection.size` **not** `DataCollection.size()`
  total_size = round(sum(granule.size() for granule in granules) / 1024, 2)
/opt/miniconda3/envs/co2/lib/python3.11/site-packages/earthaccess/store.py:832: FutureWarning: As of version 1.0, `DataGranule.size` will be accessed as an attribute; e.g. use `DataCollection.size` **not** `DataCollection.size()`
  total_size = round(sum(granule.size() for granule in granules) / 1024, 2)
/opt/miniconda3/envs/co2/lib/python3.11/site-packages/earthaccess/store.py:832: FutureWarning: As of version 1.0, `DataGranule.size` will be accessed as an attribute; e.g. use `DataCollection.size` **not** `DataCollection.size()`
  total_size = round(sum(granule.size() for granule in granules) / 1024, 2)
/opt/miniconda3/envs/co2/lib/python3.11/site-packages/earthaccess/store.py:832: FutureWarning: As of version 1.0, `DataGranule.size` will be accessed as an attribute; e.g. use `DataCollection.size` **not** `DataCollection.size()`
  total_size = round(sum(granule.size() for granule in granules) / 1024, 2)
/opt/miniconda3/envs/co2/lib/python3.11/site-packages/earthaccess/store.py:832: FutureWarning: As of version 1.0, `DataGranule.size` will be accessed as an attribute; e.g. use `DataCollection.size` **not** `DataCollection.size()`
  total_size = round(sum(granule.size() for granule in granules) / 1024, 2)
/opt/miniconda3/envs/co2/lib/python3.11/site-packages/earthaccess/store.py:832: FutureWarning: As of version 1.0, `DataGranule.size` will be accessed as an attribute; e.g. use `DataCollection.size` **not** `DataCollection.size()`
  total_size = round(sum(granule.size() for granule in granules) / 1024, 2)
/opt/miniconda3/envs/co2/lib/python3.11/site-packages/earthaccess/store.py:832: FutureWarning: As of version 1.0, `DataGranule.size` will be accessed as an attribute; e.g. use `DataCollection.size` **not** `DataCollection.size()`
  total_size = round(sum(granule.size() for granule in granules) / 1024, 2)
/opt/miniconda3/envs/co2/lib/python3.11/site-packages/earthaccess/store.py:832: FutureWarning: As of version 1.0, `DataGranule.size` will be accessed as an attribute; e.g. use `DataCollection.size` **not** `DataCollection.size()`
  total_size = round(sum(granule.size() for granule in granules) / 1024, 2)
/opt/miniconda3/envs/co2/lib/python3.11/site-packages/earthaccess/store.py:832: FutureWarning: As of version 1.0, `DataGranule.size` will be accessed as an attribute; e.g. use `DataCollection.size` **not** `DataCollection.size()`
  total_size = round(sum(granule.size() for granule in granules) / 1024, 2)
/opt/miniconda3/envs/co2/lib/python3.11/site-packages/earthaccess/store.py:832: FutureWarning: As of version 1.0, `DataGranule.size` will be accessed as an attribute; e.g. use `DataCollection.size` **not** `DataCollection.size()`
  total_size = round(sum(granule.size() for granule in granules) / 1024, 2)
/opt/miniconda3/envs/co2/lib/python3.11/site-packages/earthaccess/store.py:832: FutureWarning: As of version 1.0, `DataGranule.size` will be accessed as an attribute; e.g. use `DataCollection.size` **not** `DataCollection.size()`
  total_size = round(sum(granule.size() for granule in granules) / 1024, 2)
/opt/miniconda3/envs/co2/lib/python3.11/site-packages/earthaccess/store.py:832: FutureWarning: As of version 1.0, `DataGranule.size` will be accessed as an attribute; e.g. use `DataCollection.size` **not** `DataCollection.size()`
  total_size = round(sum(granule.size() for granule in granules) / 1024, 2)
/opt/miniconda3/envs/co2/lib/python3.11/site-packages/earthaccess/store.py:832: FutureWarning: As of version 1.0, `DataGranule.size` will be accessed as an attribute; e.g. use `DataCollection.size` **not** `DataCollection.size()`
  total_size = round(sum(granule.size() for granule in granules) / 1024, 2)
/opt/miniconda3/envs/co2/lib/python3.11/site-packages/earthaccess/store.py:832: FutureWarning: As of version 1.0, `DataGranule.size` will be accessed as an attribute; e.g. use `DataCollection.size` **not** `DataCollection.size()`
  total_size = round(sum(granule.size() for granule in granules) / 1024, 2)
/opt/miniconda3/envs/co2/lib/python3.11/site-packages/earthaccess/store.py:832: FutureWarning: As of version 1.0, `DataGranule.size` will be accessed as an attribute; e.g. use `DataCollection.size` **not** `DataCollection.size()`
  total_size = round(sum(granule.size() for granule in granules) / 1024, 2)
/opt/miniconda3/envs/co2/lib/python3.11/site-packages/earthaccess/store.py:832: FutureWarning: As of version 1.0, `DataGranule.size` will be accessed as an attribute; e.g. use `DataCollection.size` **not** `DataCollection.size()`
  total_size = round(sum(granule.size() for granule in granules) / 1024, 2)
/opt/miniconda3/envs/co2/lib/python3.11/site-packages/earthaccess/store.py:832: FutureWarning: As of version 1.0, `DataGranule.size` will be accessed as an attribute; e.g. use `DataCollection.size` **not** `DataCollection.size()`
  total_size = round(sum(granule.size() for granule in granules) / 1024, 2)
/opt/miniconda3/envs/co2/lib/python3.11/site-packages/earthaccess/store.py:832: FutureWarning: As of version 1.0, `DataGranule.size` will be accessed as an attribute; e.g. use `DataCollection.size` **not** `DataCollection.size()`
  total_size = round(sum(granule.size() for granule in granules) / 1024, 2)
/opt/miniconda3/envs/co2/lib/python3.11/site-packages/earthaccess/store.py:832: FutureWarning: As of version 1.0, `DataGranule.size` will be accessed as an attribute; e.g. use `DataCollection.size` **not** `DataCollection.size()`
  total_size = round(sum(granule.size() for granule in granules) / 1024, 2)
/opt/miniconda3/envs/co2/lib/python3.11/site-packages/earthaccess/store.py:832: FutureWarning: As of version 1.0, `DataGranule.size` will be accessed as an attribute; e.g. use `DataCollection.size` **not** `DataCollection.size()`
  total_size = round(sum(granule.size() for granule in granules) / 1024, 2)
/opt/miniconda3/envs/co2/lib/python3.11/site-packages/earthaccess/store.py:832: FutureWarning: As of version 1.0, `DataGranule.size` will be accessed as an attribute; e.g. use `DataCollection.size` **not** `DataCollection.size()`
  total_size = round(sum(granule.size() for granule in granules) / 1024, 2)
/opt/miniconda3/envs/co2/lib/python3.11/site-packages/earthaccess/store.py:832: FutureWarning: As of version 1.0, `DataGranule.size` will be accessed as an attribute; e.g. use `DataCollection.size` **not** `DataCollection.size()`
  total_size = round(sum(granule.size() for granule in granules) / 1024, 2)
/opt/miniconda3/envs/co2/lib/python3.11/site-packages/earthaccess/store.py:832: FutureWarning: As of version 1.0, `DataGranule.size` will be accessed as an attribute; e.g. use `DataCollection.size` **not** `DataCollection.size()`
  total_size = round(sum(granule.size() for granule in granules) / 1024, 2)
/opt/miniconda3/envs/co2/lib/python3.11/site-packages/earthaccess/store.py:832: FutureWarning: As of version 1.0, `DataGranule.size` will be accessed as an attribute; e.g. use `DataCollection.size` **not** `DataCollection.size()`
  total_size = round(sum(granule.size() for granule in granules) / 1024, 2)
/opt/miniconda3/envs/co2/lib/python3.11/site-packages/earthaccess/store.py:832: FutureWarning: As of version 1.0, `DataGranule.size` will be accessed as an attribute; e.g. use `DataCollection.size` **not** `DataCollection.size()`
  total_size = round(sum(granule.size() for granule in granules) / 1024, 2)
/opt/miniconda3/envs/co2/lib/python3.11/site-packages/earthaccess/store.py:832: FutureWarning: As of version 1.0, `DataGranule.size` will be accessed as an attribute; e.g. use `DataCollection.size` **not** `DataCollection.size()`
  total_size = round(sum(granule.size() for granule in granules) / 1024, 2)
/opt/miniconda3/envs/co2/lib/python3.11/site-packages/earthaccess/store.py:832: FutureWarning: As of version 1.0, `DataGranule.size` will be accessed as an attribute; e.g. use `DataCollection.size` **not** `DataCollection.size()`
  total_size = round(sum(granule.size() for granule in granules) / 1024, 2)
/opt/miniconda3/envs/co2/lib/python3.11/site-packages/earthaccess/store.py:832: FutureWarning: As of version 1.0, `DataGranule.size` will be accessed as an attribute; e.g. use `DataCollection.size` **not** `DataCollection.size()`
  total_size = round(sum(granule.size() for granule in granules) / 1024, 2)
/opt/miniconda3/envs/co2/lib/python3.11/site-packages/earthaccess/store.py:832: FutureWarning: As of version 1.0, `DataGranule.size` will be accessed as an attribute; e.g. use `DataCollection.size` **not** `DataCollection.size()`
  total_size = round(sum(granule.size() for granule in granules) / 1024, 2)
/opt/miniconda3/envs/co2/lib/python3.11/site-packages/earthaccess/store.py:832: FutureWarning: As of version 1.0, `DataGranule.size` will be accessed as an attribute; e.g. use `DataCollection.size` **not** `DataCollection.size()`
  total_size = round(sum(granule.size() for granule in granules) / 1024, 2)
/opt/miniconda3/envs/co2/lib/python3.11/site-packages/earthaccess/store.py:832: FutureWarning: As of version 1.0, `DataGranule.size` will be accessed as an attribute; e.g. use `DataCollection.size` **not** `DataCollection.size()`
  total_size = round(sum(granule.size() for granule in granules) / 1024, 2)
/opt/miniconda3/envs/co2/lib/python3.11/site-packages/earthaccess/store.py:832: FutureWarning: As of version 1.0, `DataGranule.size` will be accessed as an attribute; e.g. use `DataCollection.size` **not** `DataCollection.size()`
  total_size = round(sum(granule.size() for granule in granules) / 1024, 2)
/opt/miniconda3/envs/co2/lib/python3.11/site-packages/earthaccess/store.py:832: FutureWarning: As of version 1.0, `DataGranule.size` will be accessed as an attribute; e.g. use `DataCollection.size` **not** `DataCollection.size()`
  total_size = round(sum(granule.size() for granule in granules) / 1024, 2)
/opt/miniconda3/envs/co2/lib/python3.11/site-packages/earthaccess/store.py:832: FutureWarning: As of version 1.0, `DataGranule.size` will be accessed as an attribute; e.g. use `DataCollection.size` **not** `DataCollection.size()`
  total_size = round(sum(granule.size() for granule in granules) / 1024, 2)
/opt/miniconda3/envs/co2/lib/python3.11/site-packages/earthaccess/store.py:832: FutureWarning: As of version 1.0, `DataGranule.size` will be accessed as an attribute; e.g. use `DataCollection.size` **not** `DataCollection.size()`
  total_size = round(sum(granule.size() for granule in granules) / 1024, 2)
/opt/miniconda3/envs/co2/lib/python3.11/site-packages/earthaccess/store.py:832: FutureWarning: As of version 1.0, `DataGranule.size` will be accessed as an attribute; e.g. use `DataCollection.size` **not** `DataCollection.size()`
  total_size = round(sum(granule.size() for granule in granules) / 1024, 2)
/opt/miniconda3/envs/co2/lib/python3.11/site-packages/earthaccess/store.py:832: FutureWarning: As of version 1.0, `DataGranule.size` will be accessed as an attribute; e.g. use `DataCollection.size` **not** `DataCollection.size()`
  total_size = round(sum(granule.size() for granule in granules) / 1024, 2)
/opt/miniconda3/envs/co2/lib/python3.11/site-packages/earthaccess/store.py:832: FutureWarning: As of version 1.0, `DataGranule.size` will be accessed as an attribute; e.g. use `DataCollection.size` **not** `DataCollection.size()`
  total_size = round(sum(granule.size() for granule in granules) / 1024, 2)
/opt/miniconda3/envs/co2/lib/python3.11/site-packages/earthaccess/store.py:832: FutureWarning: As of version 1.0, `DataGranule.size` will be accessed as an attribute; e.g. use `DataCollection.size` **not** `DataCollection.size()`
  total_size = round(sum(granule.size() for granule in granules) / 1024, 2)
/opt/miniconda3/envs/co2/lib/python3.11/site-packages/earthaccess/store.py:832: FutureWarning: As of version 1.0, `DataGranule.size` will be accessed as an attribute; e.g. use `DataCollection.size` **not** `DataCollection.size()`
  total_size = round(sum(granule.size() for granule in granules) / 1024, 2)
/opt/miniconda3/envs/co2/lib/python3.11/site-packages/earthaccess/store.py:832: FutureWarning: As of version 1.0, `DataGranule.size` will be accessed as an attribute; e.g. use `DataCollection.size` **not** `DataCollection.size()`
  total_size = round(sum(granule.size() for granule in granules) / 1024, 2)
/opt/miniconda3/envs/co2/lib/python3.11/site-packages/earthaccess/store.py:832: FutureWarning: As of version 1.0, `DataGranule.size` will be accessed as an attribute; e.g. use `DataCollection.size` **not** `DataCollection.size()`
  total_size = round(sum(granule.size() for granule in granules) / 1024, 2)
/opt/miniconda3/envs/co2/lib/python3.11/site-packages/earthaccess/store.py:832: FutureWarning: As of version 1.0, `DataGranule.size` will be accessed as an attribute; e.g. use `DataCollection.size` **not** `DataCollection.size()`
  total_size = round(sum(granule.size() for granule in granules) / 1024, 2)
/opt/miniconda3/envs/co2/lib/python3.11/site-packages/earthaccess/store.py:832: FutureWarning: As of version 1.0, `DataGranule.size` will be accessed as an attribute; e.g. use `DataCollection.size` **not** `DataCollection.size()`
  total_size = round(sum(granule.size() for granule in granules) / 1024, 2)
/opt/miniconda3/envs/co2/lib/python3.11/site-packages/earthaccess/store.py:832: FutureWarning: As of version 1.0, `DataGranule.size` will be accessed as an attribute; e.g. use `DataCollection.size` **not** `DataCollection.size()`
  total_size = round(sum(granule.size() for granule in granules) / 1024, 2)
/opt/miniconda3/envs/co2/lib/python3.11/site-packages/earthaccess/store.py:832: FutureWarning: As of version 1.0, `DataGranule.size` will be accessed as an attribute; e.g. use `DataCollection.size` **not** `DataCollection.size()`
  total_size = round(sum(granule.size() for granule in granules) / 1024, 2)
/opt/miniconda3/envs/co2/lib/python3.11/site-packages/earthaccess/store.py:832: FutureWarning: As of version 1.0, `DataGranule.size` will be accessed as an attribute; e.g. use `DataCollection.size` **not** `DataCollection.size()`
  total_size = round(sum(granule.size() for granule in granules) / 1024, 2)
/opt/miniconda3/envs/co2/lib/python3.11/site-packages/earthaccess/store.py:832: FutureWarning: As of version 1.0, `DataGranule.size` will be accessed as an attribute; e.g. use `DataCollection.size` **not** `DataCollection.size()`
  total_size = round(sum(granule.size() for granule in granules) / 1024, 2)
/opt/miniconda3/envs/co2/lib/python3.11/site-packages/earthaccess/store.py:832: FutureWarning: As of version 1.0, `DataGranule.size` will be accessed as an attribute; e.g. use `DataCollection.size` **not** `DataCollection.size()`
  total_size = round(sum(granule.size() for granule in granules) / 1024, 2)
/opt/miniconda3/envs/co2/lib/python3.11/site-packages/earthaccess/store.py:832: FutureWarning: As of version 1.0, `DataGranule.size` will be accessed as an attribute; e.g. use `DataCollection.size` **not** `DataCollection.size()`
  total_size = round(sum(granule.size() for granule in granules) / 1024, 2)
/opt/miniconda3/envs/co2/lib/python3.11/site-packages/earthaccess/store.py:832: FutureWarning: As of version 1.0, `DataGranule.size` will be accessed as an attribute; e.g. use `DataCollection.size` **not** `DataCollection.size()`
  total_size = round(sum(granule.size() for granule in granules) / 1024, 2)
/opt/miniconda3/envs/co2/lib/python3.11/site-packages/earthaccess/store.py:832: FutureWarning: As of version 1.0, `DataGranule.size` will be accessed as an attribute; e.g. use `DataCollection.size` **not** `DataCollection.size()`
  total_size = round(sum(granule.size() for granule in granules) / 1024, 2)
/opt/miniconda3/envs/co2/lib/python3.11/site-packages/earthaccess/store.py:832: FutureWarning: As of version 1.0, `DataGranule.size` will be accessed as an attribute; e.g. use `DataCollection.size` **not** `DataCollection.size()`
  total_size = round(sum(granule.size() for granule in granules) / 1024, 2)
/opt/miniconda3/envs/co2/lib/python3.11/site-packages/earthaccess/store.py:832: FutureWarning: As of version 1.0, `DataGranule.size` will be accessed as an attribute; e.g. use `DataCollection.size` **not** `DataCollection.size()`
  total_size = round(sum(granule.size() for granule in granules) / 1024, 2)
/opt/miniconda3/envs/co2/lib/python3.11/site-packages/earthaccess/store.py:832: FutureWarning: As of version 1.0, `DataGranule.size` will be accessed as an attribute; e.g. use `DataCollection.size` **not** `DataCollection.size()`
  total_size = round(sum(granule.size() for granule in granules) / 1024, 2)
/opt/miniconda3/envs/co2/lib/python3.11/site-packages/earthaccess/store.py:832: FutureWarning: As of version 1.0, `DataGranule.size` will be accessed as an attribute; e.g. use `DataCollection.size` **not** `DataCollection.size()`
  total_size = round(sum(granule.size() for granule in granules) / 1024, 2)

===== Processing RGundem  (18.7572, 79.456) =====
[CO2] granules near RGundem: 360
[CO2] resuming from checkpoint: granule 243/360, 172 soundings, 5 hit-days so far
[CO2] hit-days: 5, soundings: 172
[CO2] enhancement = +0.59 ppm (bg std 0.81)
[NO2] peak 1 km from plant
[WIND] toward 14 deg, CO2 offset 59 deg, diff 46 deg

[SAVED] RGundem -> data/plant_results.json
{
  "plant": "RGundem",
  "lat": 18.7572,
  "lon": 79.456,
  "hit_days": 5,
  "soundings": 172,
  "co2_enhancement_ppm": 0.589,
  "bg_std_ppm": 0.814,
  "no2_peak_km": 1.0,
  "wind_deg": 14.0,
  "co2_offset_deg": 59.0,
  "wind_co2_diff_deg": 46.0
}
